source,url,name,price_raw,price_vnd,brand,type,is_gaming,is_wireless,has_mic,connection,battery_life_hours,weight_gram,type_was_missing,connection_was_missing,battery_life_hours_was_missing,weight_gram_was_missing,battery_applicable,price_vnd_capped,price_vnd_original,brand_grouped,connection_grouped,price_per_gram,price_per_battery_hour
cellphones,https://cellphones.com.vn/tai-nghe-chup-tai-sony-wh-1000xm6.html,Tai nghe Bluetooth chụp tai Sony WH-1000XM6,11.990.000đ,7900000,Sony,over-ear,0,1,0,3.5mm+Bluetooth,40.0,254.0,0,0,0,0,1,7900000,11990000,Sony,3.5mm+Bluetooth,31102.36220472441,197500.0
cellphones,https://cellphones.com.vn/tai-nghe-chup-tai-sennheiser-hdb-630.html,Tai nghe chụp tai Sennheiser HDB 630,14.900.000đ,7900000,Sennheiser,over-ear,0,0,0,3.5mm,,238.0,0,1,0,0,0,7900000,14900000,Sennheiser,3.5mm,33193.27731092437,
cellphones,https://cellphones.com.vn/tai-nghe-chup-tai-sony-wh-1000xm5.html,Tai nghe Bluetooth chụp tai Sony WH-1000XM5,7.990.000đ,7900000,Sony,over-ear,0,1,1,Bluetooth,40.0,250.0,0,0,0,0,1,7900000,7990000,Sony,Bluetooth,31600.0,197500.0
cellphones,https://cellphones.com.vn/tai-nghe-chup-tai-sony-wh-ch520.html,Tai nghe Bluetooth chụp tai Sony WH-CH520,1.290.000đ,1290000,Sony,over-ear,0,1,0,Bluetooth,50.0,40.0,0,0,0,0,1,1290000,1290000,Sony,Bluetooth,32250.0,25800.0
cellphones,https://cellphones.com.vn/tai-nghe-chup-tai-jbl-tune-520bt.html,Tai nghe Bluetooth chụp tai JBL Tune 520BT,1.360.000đ,1360000,Jbl,over-ear,0,1,0,Type C+Bluetooth,57.0,157.0,0,0,0,0,1,1360000,1360000,Jbl,Type C+Bluetooth,8662.420382165605,23859.64912280702
cellphones,https://cellphones.com.vn/tai-nghe-chup-tai-sony-wh-ch720n.html,Tai nghe Bluetooth chụp tai Sony WH-CH720N,2.990.000đ,2990000,Sony,over-ear,0,1,0,3.5mm+Bluetooth,35.0,192.0,0,0,0,0,1,2990000,2990000,Sony,3.5mm+Bluetooth,15572.916666666666,85428.57142857143
cellphones,https://cellphones.com.vn/tai-nghe-chup-tai-bose-quietcomfort-ultra-gen-2.html,Tai nghe chụp tai Bose Quietcomfort Ultra Gen 2,10.990.000đ,7900000,Bose,over-ear,0,0,0,3.5mm,,6.35,0,0,0,1,0,7900000,10990000,Other,3.5mm,1244094.4881889764,
cellphones,https://cellphones.com.vn/tai-nghe-chup-tai-marshall-major-5.html,Tai nghe Bluetooth chụp tai Marshall Major 5,4.220.000đ,4220000,Marshall,over-ear,0,1,0,3.5mm+Bluetooth,100.0,186.0,0,0,0,0,1,4220000,4220000,Other,3.5mm+Bluetooth,22688.172043010753,42200.0
cellphones,https://cellphones.com.vn/tai-nghe-bluetooth-edifier-w820nb-plus.html,Tai nghe Bluetooth chụp tai Edifier W820NB Plus,1.690.000đ,1690000,Edifier,over-ear,0,1,0,Bluetooth,49.0,221.0,0,0,0,0,1,1690000,1690000,Edifier,Bluetooth,7647.058823529412,34489.795918367345
cellphones,https://cellphones.com.vn/tai-nghe-chup-tai-havit-h619bt.html,Tai nghe Bluetooth chụp tai Havit H619BT,300.000đ,300000,Havit,over-ear,0,1,0,Bluetooth,20.0,207.0,0,0,0,0,1,300000,300000,Havit,Bluetooth,1449.2753623188405,15000.0
cellphones,https://cellphones.com.vn/tai-nghe-chup-tai-sony-wh-ult900n.html,Tai nghe chụp tai Sony WH-ULT900N,4.490.000đ,4490000,Sony,over-ear,0,0,0,3.5mm,,255.0,0,0,0,0,0,4490000,4490000,Sony,3.5mm,17607.843137254902,
cellphones,https://cellphones.com.vn/tai-nghe-chup-tai-anker-soundcore-space-one.html,Tai nghe Bluetooth chụp tai Anker Soundcore Space One,2.150.000đ,2150000,Anker,over-ear,0,1,0,Bluetooth,40.0,260.0,0,0,0,0,1,2150000,2150000,Other,Bluetooth,8269.23076923077,53750.0
cellphones,https://cellphones.com.vn/tai-nghe-chup-tai-beats-solo-4.html,Tai nghe Bluetooth chụp tai Beats Solo 4,4.990.000đ,4990000,Apple,over-ear,0,1,0,3.5mm+Bluetooth,4.0,26.299999999999997,0,0,0,1,1,4990000,4990000,Other,3.5mm+Bluetooth,189733.84030418252,1247500.0
cellphones,https://cellphones.com.vn/tai-nghe-gaming-havit-h2040d.html,Tai nghe chụp tai có dây Gaming Havit H2040D,400.000đ,400000,Havit,over-ear,1,0,0,3.5mm,,207.0,0,1,1,0,0,400000,400000,Havit,3.5mm,1932.3671497584542,
cellphones,https://cellphones.com.vn/tai-nghe-gaming-hyperx-cloud-stinger-ii-core.html,Tai nghe chụp tai Gaming Hyperx Cloud Stinger 2 Core,870.000đ,870000,Hyperx,over-ear,1,0,0,3.5mm,,290.0,0,0,1,0,0,870000,870000,Other,3.5mm,3000.0,
cellphones,https://cellphones.com.vn/tai-nghe-chup-tai-havit-h630bt.html,Tai nghe Bluetooth chụp tai Havit H630BT,470.000đ,470000,Havit,over-ear,0,1,0,3.5mm+Bluetooth,50.0,207.0,0,0,0,0,1,470000,470000,Havit,3.5mm+Bluetooth,2270.5314009661834,9400.0
cellphones,https://cellphones.com.vn/tai-nghe-bluetooth-chup-tai-havit-h670bt-anc.html,Tai nghe bluetooth chụp tai Havit H670BT ANC (Space S1),1.750.000đ,1750000,Havit,over-ear,0,1,0,3.5mm+Bluetooth,72.0,258.0,0,0,0,0,1,1750000,1750000,Havit,3.5mm+Bluetooth,6782.945736434109,24305.555555555555
cellphones,https://cellphones.com.vn/tai-nghe-chup-tai-bose-quietcomfort-ultra.html,Tai nghe Bluetooth chụp tai Bose QuietComfort Ultra,10.790.000đ,7900000,Bose,over-ear,0,1,0,3.5mm+Bluetooth,24.0,250.0,0,0,0,0,1,7900000,10790000,Other,3.5mm+Bluetooth,31600.0,329166.6666666667
cellphones,https://cellphones.com.vn/tai-nghe-chup-tai-sennheiser-momentum-4.html,Tai nghe Bluetooth chụp tai Sennheiser MOMENTUM 4,9.499.000đ,7900000,Sennheiser,over-ear,0,1,0,3.5mm+Bluetooth,60.0,238.0,0,0,0,0,1,7900000,9499000,Sennheiser,3.5mm+Bluetooth,33193.27731092437,131666.66666666666
cellphones,https://cellphones.com.vn/tai-nghe-chup-tai-anker-soundcore-space-h30i-a3012.html,Tai nghe chụp tai Anker Soundcore Space H30i - A3012,990.000đ,990000,Anker,over-ear,0,0,0,3.5mm,,183.0,0,0,0,0,0,990000,990000,Other,3.5mm,5409.836065573771,
cellphones,https://cellphones.com.vn/tai-nghe-apple-earpods-myqy3za-a-type-c.html,Tai nghe Apple EarPods USB-C MYQY3ZA/A | Chính hãng Apple Việt Nam,540.000đ,540000,Apple,in-ear,0,0,0,Type C,,26.299999999999997,1,0,1,1,0,540000,540000,Other,Type C,20532.319391634985,
cellphones,https://cellphones.com.vn/tai-nghe-nhet-tai-samsung-eo-ic-100-type-c.html,Tai nghe nhét tai Samsung EO-IC100 Type C,550.000đ,550000,Samsung,in-ear,0,0,0,Type C,,5.4,0,0,1,1,0,550000,550000,Other,Type C,101851.85185185184,
cellphones,https://cellphones.com.vn/tai-nghe-gaming-hyperx-cloud-earbuds-2.html,Tai nghe có dây Gaming Hyperx Cloud Earbuds 2,970.000đ,970000,Hyperx,in-ear,1,0,0,3.5mm,,290.0,0,0,1,1,0,970000,970000,Other,3.5mm,3344.8275862068967,
cellphones,https://cellphones.com.vn/tai-nghe-co-day-xiaomi-type-c.html,Tai nghe có dây Xiaomi Type-C,169.000đ,169000,Xiaomi,in-ear,0,0,0,Type C,,13.5,0,0,1,0,0,169000,169000,Xiaomi,Type C,12518.518518518518,
cellphones,https://cellphones.com.vn/tai-nghe-co-day-baseus-encok-cz11.html,Tai nghe có dây Baseus Encok CZ11,110.000đ,110000,Baseus,in-ear,0,0,0,Type C,,14.5,0,0,1,0,0,110000,110000,Baseus,Type C,7586.206896551724,
cellphones,https://cellphones.com.vn/tai-nghe-sony-mdr-ex155ap.html,Tai nghe Sony MDR-EX155AP,390.000đ,390000,Sony,in-ear,0,0,0,3.5mm,,3.0,0,0,1,0,0,390000,390000,Sony,3.5mm,130000.0,
cellphones,https://cellphones.com.vn/tai-nghe-jbl-tune-310c.html,Tai nghe có dây JBL Tune 310C,575.000đ,575000,Jbl,in-ear,0,0,0,Type C,,14.3,0,0,1,0,0,575000,575000,Jbl,Type C,40209.790209790204,
cellphones,https://cellphones.com.vn/tai-nghe-nhet-tai-devia-smart-earpods-co-mic.html,Tai nghe nhét tai Devia Smart Earpods có Mic,180.000đ,180000,Devia,in-ear,0,0,1,3.5mm,,21.75,0,1,1,1,0,180000,180000,Other,3.5mm,8275.862068965518,
cellphones,https://cellphones.com.vn/tai-nghe-sony-mdr-ex15ap.html,Tai nghe Sony MDR-EX15AP,290.000đ,290000,Sony,in-ear,0,0,0,3.5mm,,3.0,0,0,1,0,0,290000,290000,Sony,3.5mm,96666.66666666667,
cellphones,https://cellphones.com.vn/tai-nghe-kz-zsn-pro-x.html,Tai nghe KZ ZSN Pro X,690.000đ,690000,Kz,in-ear,0,0,1,3.5mm,,50.0,1,0,1,1,0,690000,690000,Other,3.5mm,13800.0,
cellphones,https://cellphones.com.vn/tai-nghe-rog-cetra-ii-core.html,Tai nghe có dây Gaming ASUS ROG Cetra II Core,1.290.000đ,1290000,Asus,over-ear,1,0,1,3.5mm,,297.0,0,0,1,1,0,1290000,1290000,Asus,3.5mm,4343.434343434344,
cellphones,https://cellphones.com.vn/tai-nghe-gaming-co-day-hyperx-cloud-3.html,Tai nghe chụp tai Gaming Hyperx Cloud 3,2.440.000đ,2440000,Hyperx,over-ear,1,0,0,3.5mm,,290.0,0,0,1,0,0,2440000,2440000,Other,3.5mm,8413.793103448275,
cellphones,https://cellphones.com.vn/tai-nghe-co-day-baseus-encok-hz20-jack-3-5.html,Tai nghe có dây Baseus Encok HZ20 (Jack 3.5),160.000đ,160000,Baseus,in-ear,0,0,0,3.5mm,,42.0,1,0,1,1,0,160000,160000,Baseus,3.5mm,3809.5238095238096,
cellphones,https://cellphones.com.vn/tai-nghe-co-day-jbl-quantum-50c.html,Tai nghe gaming JBL Quantum 50C,870.000đ,870000,Jbl,in-ear,1,0,1,3.5mm,,21.5,0,0,1,0,0,870000,870000,Jbl,3.5mm,40465.11627906977,
cellphones,https://cellphones.com.vn/tai-nghe-co-day-sony-ier-ex15c.html,Tai nghe có dây Sony IER-EX15C,599.000đ,599000,Sony,in-ear,0,0,0,Type C,,3.0,0,0,1,0,0,599000,599000,Sony,Type C,199666.66666666666,
cellphones,https://cellphones.com.vn/tai-nghe-co-day-robot-re101s-3-5mm.html,Tai nghe có dây cổng 3.5mm Robot RE101S,50.000đ,50000,Robot,in-ear,0,0,0,3.5mm,,3.0,1,0,1,1,0,50000,50000,Other,3.5mm,16666.666666666668,
cellphones,https://cellphones.com.vn/tai-nghe-chup-tai-akg-k92.html,Tai nghe kiểm âm AKG K92,1.820.000đ,1820000,Akg,over-ear,0,0,0,3.5mm,,200.0,0,0,1,0,0,1820000,1820000,Other,3.5mm,9100.0,
cellphones,https://cellphones.com.vn/tai-nghe-kiem-am-akg-k72.html,Tai nghe kiểm âm AKG K72,1.590.000đ,1590000,Akg,over-ear,0,0,0,3.5mm,,200.0,0,1,1,0,0,1590000,1590000,Other,3.5mm,7950.0,
cellphones,https://cellphones.com.vn/tai-nghe-kiem-am-shure-srh1540.html,Tai nghe kiểm âm Closed-Back Shure SRH1540,5.000.000đ,5000000,Shure,over-ear,0,0,0,3.5mm,,286.0,0,0,1,0,0,5000000,5000000,Other,3.5mm,17482.517482517484,
cellphones,https://cellphones.com.vn/tai-nghe-kiem-am-sony-mdr-7506.html,Tai nghe kiểm âm Closed-Back Sony MDR-7506,5.000.000đ,5000000,Sony,over-ear,0,0,1,3.5mm,,260.0,0,0,1,0,0,5000000,5000000,Sony,3.5mm,19230.76923076923,
cellphones,https://cellphones.com.vn/tai-nghe-kiem-am-shure-se425-cl.html,Tai nghe kiểm âm nhét tai Shure SE425-CL (Trong Suốt),5.000.000đ,5000000,Shure,in-ear,0,0,0,3.5mm,,29.4,0,1,1,0,0,5000000,5000000,Other,3.5mm,170068.02721088435,
cellphones,https://cellphones.com.vn/tai-nghe-kiem-am-semi-open-akg-k240-mkii.html,Tai nghe kiểm âm Semi-Open AKG K240 MKII,5.000.000đ,5000000,Akg,over-ear,0,0,1,3.5mm,,240.0,0,1,1,0,0,5000000,5000000,Other,3.5mm,20833.333333333332,
cellphones,https://cellphones.com.vn/tai-nghe-kiem-am-shure-srh840a.html,Tai nghe kiểm âm Closed-Back Shure SRH840A,5.000.000đ,5000000,Shure,over-ear,0,0,0,3.5mm,,272.0,0,0,1,0,0,5000000,5000000,Other,3.5mm,18382.352941176472,
cellphones,https://cellphones.com.vn/tai-nghe-kiem-am-shure-se215-cl.html,Tai nghe kiểm âm nhét tai Shure SE215-CL (Trong Suốt),5.000.000đ,5000000,Shure,in-ear,0,0,0,3.5mm,,28.35,0,1,1,0,0,5000000,5000000,Other,3.5mm,176366.84303350968,
cellphones,https://cellphones.com.vn/tai-nghe-kiem-am-shure-srh240a.html,Tai nghe kiểm âm Closed-Back Shure SRH240A,5.000.000đ,5000000,Shure,over-ear,0,0,0,3.5mm,,286.0,0,0,1,0,0,5000000,5000000,Other,3.5mm,17482.517482517484,
cellphones,https://cellphones.com.vn/tai-nghe-kiem-am-sony-mdr-m1.html,Tai nghe kiểm âm Closed-Back Sony MDR-M1,5.000.000đ,5000000,Sony,over-ear,0,0,0,3.5mm,,216.0,0,0,1,0,0,5000000,5000000,Sony,3.5mm,23148.14814814815,
cellphones,https://cellphones.com.vn/tai-nghe-kiem-am-akg-k361.html,Tai nghe kiểm âm AKG K361,5.000.000đ,5000000,Akg,over-ear,0,0,0,3.5mm,,220.0,0,0,1,1,0,5000000,5000000,Other,3.5mm,22727.272727272728,
cellphones,https://cellphones.com.vn/tai-nghe-kiem-am-shure-srh840.html,Tai nghe kiểm âm Closed-Back Shure SRH840,5.000.000đ,5000000,Shure,over-ear,0,0,0,3.5mm,,268.0,0,0,1,1,0,5000000,5000000,Other,3.5mm,18656.716417910447,
cellphones,https://cellphones.com.vn/tai-nghe-kiem-am-shure-srh1840.html,Tai nghe kiểm âm Open-back Shure SRH1840,5.000.000đ,5000000,Shure,over-ear,0,0,0,3.5mm,,268.0,0,0,1,0,0,5000000,5000000,Other,3.5mm,18656.716417910447,
cellphones,https://cellphones.com.vn/tai-nghe-kiem-am-akg-k240.html,Tai nghe kiểm âm AKG K240,5.000.000đ,5000000,Akg,over-ear,0,0,0,3.5mm,,240.0,0,0,1,0,0,5000000,5000000,Other,3.5mm,20833.333333333332,
cellphones,https://cellphones.com.vn/tai-nghe-kiem-am-akg-k240-studio.html,Tai nghe kiểm âm Semi-Open AKG K240 Studio,5.000.000đ,5000000,Akg,over-ear,0,0,0,3.5mm,,240.0,0,0,1,0,0,5000000,5000000,Other,3.5mm,20833.333333333332,
cellphones,https://cellphones.com.vn/tai-nghe-kiem-am-shure-srh440a.html,Tai nghe kiểm âm Closed-Back Shure SRH440A,5.000.000đ,5000000,Shure,over-ear,0,0,0,3.5mm,,268.0,0,0,1,0,0,5000000,5000000,Other,3.5mm,18656.716417910447,
cellphones,https://cellphones.com.vn/tai-nghe-kiem-am-akg-n90q.html,Tai nghe kiểm âm AKG N90Q,5.000.000đ,5000000,Akg,over-ear,0,0,0,3.5mm,,220.0,1,1,1,1,0,5000000,5000000,Other,3.5mm,22727.272727272728,
cellphones,https://cellphones.com.vn/tai-nghe-the-thao-jbl-sence-lite.html,Tai nghe Bluetooth thể thao JBL Sense Lite,2.590.000đ,2590000,Jbl,in-ear,0,1,0,Bluetooth,8.0,19.0,0,0,0,0,1,2590000,2590000,Jbl,Bluetooth,136315.7894736842,323750.0
cellphones,https://cellphones.com.vn/tai-nghe-khong-day-xiaomi-openwear-stereo.html,Tai nghe thể thao Xiaomi Openwear Stereo,2.990.000đ,2990000,Xiaomi,in-ear,0,0,0,Type C,,9.6,0,1,0,0,0,2990000,2990000,Xiaomi,Type C,311458.3333333334,
cellphones,https://cellphones.com.vn/tai-nghe-khong-day-soundpeats-pop-clip.html,Tai nghe không dây thể thao SoundPEATS Pop Clip,950.000đ,950000,Soundpeats,in-ear,0,1,0,Bluetooth,24.0,6.1,0,0,1,1,1,950000,950000,Soundpeats,Bluetooth,155737.7049180328,39583.333333333336
cellphones,https://cellphones.com.vn/tai-nghe-khong-day-huawei-freearc.html,Tai nghe Bluetooth True Wireless Huawei FreeArc,2.490.000đ,2490000,Huawei,in-ear,0,1,0,Bluetooth,7.0,8.9,0,0,0,0,1,2490000,2490000,Other,Bluetooth,279775.2808988764,355714.28571428574
cellphones,https://cellphones.com.vn/tai-nghe-truyen-dan-xuong-shokz-openrun-pro.html,Tai nghe truyền dẫn xương Shokz Openrun Pro,4.895.000đ,4895000,Shokz,in-ear,0,0,0,3.5mm,,29.0,0,1,0,0,0,4895000,4895000,Other,3.5mm,168793.10344827586,
cellphones,https://cellphones.com.vn/tai-nghe-khong-day-huawei-freeclip.html,Tai nghe Bluetooth True Wireless HUAWEI FreeClip,4.990.000đ,4990000,Huawei,in-ear,0,1,0,Bluetooth,8.0,5.6,0,0,0,0,1,4990000,4990000,Other,Bluetooth,891071.4285714286,623750.0
cellphones,https://cellphones.com.vn/tai-nghe-khong-day-huawei-freeclip-2.html,Tai nghe không dây HUAWEI FreeClip 2,4.490.000đ,4490000,Huawei,in-ear,0,1,0,Type C+Bluetooth,2.0,5.1,0,0,0,0,1,4490000,4490000,Other,Type C+Bluetooth,880392.1568627452,2245000.0
cellphones,https://cellphones.com.vn/tai-nghe-the-thao-bose-ultra-open-earbuds.html,Tai nghe thể thao Bose Ultra Open Earbuds,7.749.000đ,7749000,Bose,in-ear,0,0,0,3.5mm,,6.35,0,1,0,0,0,7749000,7749000,Other,3.5mm,1220314.9606299214,
cellphones,https://cellphones.com.vn/tai-nghe-khong-day-soundpeats-pearclip-pro.html,Tai nghe Bluetooth thể thao SoundPEATS Pearlclip Pro,1.390.000đ,1390000,Soundpeats,in-ear,0,1,0,Bluetooth,6.0,6.1,0,0,0,0,1,1390000,1390000,Soundpeats,Bluetooth,227868.8524590164,231666.66666666666
cellphones,https://cellphones.com.vn/tai-nghe-khong-day-baseus-eli-fit.html,Tai nghe Bluetooth thể thao Baseus ELI FIT Open-Ear,980.000đ,980000,Baseus,in-ear,0,1,0,USB-A+Bluetooth,7.0,9.9,0,0,0,0,1,980000,980000,Baseus,USB-A+Bluetooth,98989.89898989898,140000.0
cellphones,https://cellphones.com.vn/tai-nghe-khong-day-soundpeats-runfree-lite-2.html,Tai nghe Bluetooth thể thao SoundPEATS RunFree Lite 2,890.000đ,890000,Soundpeats,in-ear,0,1,0,Bluetooth,2.0,6.1,0,0,0,1,1,890000,890000,Soundpeats,Bluetooth,145901.6393442623,445000.0
cellphones,https://cellphones.com.vn/tai-nghe-truyen-dan-xuong-shokz-openrun.html,Tai nghe Bluetooth truyền dẫn xương Shokz Openrun,3.490.000đ,3490000,Shokz,in-ear,0,1,0,Bluetooth,8.0,26.0,0,0,0,0,1,3490000,3490000,Other,Bluetooth,134230.76923076922,436250.0
cellphones,https://cellphones.com.vn/tai-nghe-khong-day-anker-soundcore-v20i-a3876.html,Tai nghe Bluetooth True Wireless Anker Soundcore V20i - A3876,1.070.000đ,1070000,Anker,in-ear,0,1,0,Bluetooth,28.0,12.23,0,0,1,1,1,1070000,1070000,Other,Bluetooth,87489.77923139819,38214.28571428572
cellphones,https://cellphones.com.vn/tai-nghe-truyen-dan-xuong-shokz-openfit-air.html,Tai nghe bluetooth Shokz Openfit Air,3.230.000đ,3230000,Shokz,in-ear,0,1,0,Bluetooth,6.0,8.7,0,0,0,0,1,3230000,3230000,Other,Bluetooth,371264.367816092,538333.3333333334
cellphones,https://cellphones.com.vn/tai-nghe-the-thao-havit-ows929.html,Tai nghe Bluetooth thể thao Havit OWS929,370.000đ,370000,Havit,in-ear,0,1,0,Bluetooth,5.0,8.95,0,0,0,0,1,370000,370000,Havit,Bluetooth,41340.78212290503,74000.0
cellphones,https://cellphones.com.vn/tai-nghe-the-thao-anker-soundcore-v40i.html,Tai nghe Bluetooth thể thao Anker Soundcore V40i (A3878),1.500.000đ,1500000,Anker,in-ear,0,1,0,Bluetooth,6.0,12.23,0,0,0,1,1,1500000,1500000,Other,Bluetooth,122649.22322158626,250000.0
cellphones,https://cellphones.com.vn/tai-nghe-khong-day-the-thao-baseus-eli-2i-fit.html,Tai nghe Bluetooth thể thao Baseus Eli 2i Fit,690.000đ,690000,Baseus,in-ear,0,1,0,Bluetooth,11.0,8.8,0,0,0,0,1,690000,690000,Baseus,Bluetooth,78409.0909090909,62727.27272727273
cellphones,https://cellphones.com.vn/tai-nghe-khong-day-the-thao-baseus-eli-sport-2-open-ear.html,Tai nghe Bluetooth thể thao Baseus Eli Sport 2 Open-Ear,1.190.000đ,1190000,Baseus,in-ear,0,1,0,Bluetooth,7.0,42.0,0,0,0,0,1,1190000,1190000,Baseus,Bluetooth,28333.333333333332,170000.0
cellphones,https://cellphones.com.vn/tai-nghe-bluetooth-jbl-endurance-pace.html,Tai nghe Bluetooth JBL Endurance Pace,1.990.000đ,1990000,Jbl,in-ear,0,1,0,Bluetooth,10.0,33.15,0,0,0,0,1,1990000,1990000,Jbl,Bluetooth,60030.16591251886,199000.0
cellphones,https://cellphones.com.vn/tai-nghe-khong-day-shokz-opendots-one.html,Tai nghe Bluetooth thể thao Shokz OpenDots ONE,4.990.000đ,4990000,Shokz,in-ear,0,1,0,Bluetooth,10.0,6.51,0,0,0,0,1,4990000,4990000,Other,Bluetooth,766513.0568356375,499000.0
cellphones,https://cellphones.com.vn/tai-nghe-truyen-dan-xuong-shokz-openrun-pro-2.html,Tai nghe Bluetooth thể thao Shokz OpenRun Pro 2,4.895.000đ,4895000,Shokz,in-ear,0,1,0,Bluetooth,12.0,30.3,0,0,0,0,1,4895000,4895000,Other,Bluetooth,161551.15511551156,407916.6666666667
cellphones,https://cellphones.com.vn/tai-nghe-khong-day-anker-soundcore-k20i-a3994.html,Tai nghe Bluetooth True Wireless Anker Soundcore K20i - A3994,520.000đ,520000,Anker,in-ear,0,1,0,Bluetooth,6.0,3.3,0,0,0,0,1,520000,520000,Other,Bluetooth,157575.7575757576,86666.66666666667
cellphones,https://cellphones.com.vn/tai-nghe-bluetooth-true-wireless-baseus-inspire-xp1.html,Tai nghe Bluetooth True Wireless Baseus Inspire XP1,2.790.000đ,2790000,Baseus,in-ear,0,1,0,Bluetooth,8.0,42.0,0,0,0,1,1,2790000,2790000,Baseus,Bluetooth,66428.57142857143,348750.0
cellphones,https://cellphones.com.vn/tai-nghe-bluetooth-anker-soundcore-p41l.html,Tai nghe Bluetooth True Wireless Anker Soundcore P41i (A3937),1.954.000đ,1954000,Anker,in-ear,0,1,0,Bluetooth,12.0,114.0,0,0,0,0,1,1954000,1954000,Other,Bluetooth,17140.35087719298,162833.33333333334
cellphones,https://cellphones.com.vn/tai-nghe-bluetooth-anker-soundcore-c50i.html,Tai nghe Bluetooth thể thao Anker Soundcore C50I,1.290.000đ,1290000,Anker,in-ear,0,1,0,Bluetooth,7.0,5.5,0,0,0,0,1,1290000,1290000,Other,Bluetooth,234545.45454545456,184285.7142857143
cellphones,https://cellphones.com.vn/tai-nghe-khong-day-baseus-eli-fit-cu.html,Tai nghe Bluetooth thể thao Baseus ELI FIT Open-Ear - Cũ,980.000đ,980000,Baseus,in-ear,0,1,0,Bluetooth,30.0,42.0,0,0,1,0,1,980000,980000,Baseus,Bluetooth,23333.333333333332,32666.666666666668
cellphones,https://cellphones.com.vn/tai-nghe-khong-day-anker-soundcore-liberty-5-pro.html,Tai nghe Bluetooth True Wireless Anker Soundcore Liberty 5 Pro,5.000.000đ,5000000,Anker,in-ear,0,1,0,Bluetooth,28.0,12.23,0,0,1,1,1,5000000,5000000,Other,Bluetooth,408830.7440719542,178571.42857142858
cellphones,https://cellphones.com.vn/tai-nghe-khong-day-soundpeats-transparent-h3.html,Tai nghe Bluetooth SoundPEATS Transparent H3,5.000.000đ,5000000,Soundpeats,in-ear,0,1,0,Bluetooth,3.0,6.1,0,0,0,1,1,5000000,5000000,Soundpeats,Bluetooth,819672.131147541,1666666.6666666667
cellphones,https://cellphones.com.vn/tai-nghe-bluetooth-xiaomi-redmi-buds-8-lite.html,Tai nghe Bluetooth True Wireless Xiaomi Redmi Buds 8 Lite,5.000.000đ,5000000,Xiaomi,in-ear,0,1,0,Bluetooth,12.0,5.2,0,0,1,1,1,5000000,5000000,Xiaomi,Bluetooth,961538.4615384615,416666.6666666667
cellphones,https://cellphones.com.vn/tai-nghe-bluetooth-samsung-galaxy-buds-3-fe.html,Tai nghe Bluetooth True Wireless Samsung Galaxy Buds 3 FE,5.000.000đ,5000000,Samsung,in-ear,0,1,0,Bluetooth,18.0,5.4,1,0,1,1,1,5000000,5000000,Other,Bluetooth,925925.9259259258,277777.77777777775
cellphones,https://cellphones.com.vn/tai-nghe-chup-tai-anker-soundcore-q11i.html,Tai nghe Bluetooth chụp tai Anker Soundcore Q11i - (A3005),5.000.000đ,5000000,Anker,over-ear,0,1,0,Bluetooth,28.0,12.23,0,0,1,1,1,5000000,5000000,Other,Bluetooth,408830.7440719542,178571.42857142858
cellphones,https://cellphones.com.vn/tai-nghe-the-thao-anker-soundcore-aerofit-2-pro.html,Tai nghe Bluetooth thể thao Anker Soundcore AeroFit 2 Pro (A3875),5.000.000đ,5000000,Anker,in-ear,0,1,0,Bluetooth,28.0,12.23,0,0,1,1,1,5000000,5000000,Other,Bluetooth,408830.7440719542,178571.42857142858
cellphones,https://cellphones.com.vn/tai-nghe-bluetooth-oppo-enco-x4i.html,Tai nghe Bluetooth OPPO Enco X4i,5.000.000đ,5000000,Oppo,in-ear,0,1,0,Bluetooth,28.0,4.4,0,0,1,0,1,5000000,5000000,Other,Bluetooth,1136363.6363636362,178571.42857142858
cellphones,https://cellphones.com.vn/tai-nghe-khong-day-huawei-freebuds-6.html,Tai nghe Bluetooth Huawei Freebuds 6,5.000.000đ,5000000,Huawei,in-ear,0,1,0,Bluetooth,6.0,5.4,0,0,0,1,1,5000000,5000000,Other,Bluetooth,925925.9259259258,833333.3333333334
cellphones,https://cellphones.com.vn/tai-nghe-bluetooth-edifier-lolli-pro-3.html,Tai nghe Bluetooth Edifier Lolli Pro 3,5.000.000đ,5000000,Edifier,over-ear,0,1,0,Bluetooth,3.0,220.0,1,0,0,1,1,5000000,5000000,Edifier,Bluetooth,22727.272727272728,1666666.6666666667
cellphones,https://cellphones.com.vn/tai-nghe-bluetooth-havit-tw966.html,Tai nghe Bluetooth Havit TW966,5.000.000đ,5000000,Havit,in-ear,0,1,0,Bluetooth,24.0,204.0,0,0,1,1,1,5000000,5000000,Havit,Bluetooth,24509.803921568626,208333.33333333334
cellphones,https://cellphones.com.vn/tai-nghe-bluetooth-baseus-m2s-pro.html,Tai nghe Bluetooth True Wireless Baseus Bowie M2s Pro,5.000.000đ,5000000,Baseus,in-ear,0,1,0,Bluetooth,30.0,42.0,0,0,1,1,1,5000000,5000000,Baseus,Bluetooth,119047.61904761905,166666.66666666666
cellphones,https://cellphones.com.vn/tai-nghe-khong-day-anker-soundcore-r60i.html,Tai nghe Bluetooth True Wireless Anker Soundcore R60i A3995,5.000.000đ,5000000,Anker,in-ear,0,1,0,Bluetooth,28.0,12.23,0,0,1,1,1,5000000,5000000,Other,Bluetooth,408830.7440719542,178571.42857142858
cellphones,https://cellphones.com.vn/tai-nghe-bluetooth-jbl-endurance-run-3bt.html,Tai nghe Bluetooth JBL Endurance Run 3BT,5.000.000đ,5000000,Jbl,in-ear,0,1,0,Bluetooth,32.5,19.009999999999998,0,0,1,1,1,5000000,5000000,Jbl,Bluetooth,263019.4634402946,153846.15384615384
cellphones,https://cellphones.com.vn/tai-nghe-chup-tai-anker-soundcore-q20i-gen-2.html,Tai nghe Bluetooth chụp tai chống ồn Anker Soundcore Q20i Gen 2 - (A3004CD),5.000.000đ,5000000,Anker,over-ear,0,1,0,Bluetooth,28.0,12.23,0,0,1,1,1,5000000,5000000,Other,Bluetooth,408830.7440719542,178571.42857142858
cellphones,https://cellphones.com.vn/tai-nghe-bluetooth-edifier-x1-air.html,Tai nghe Bluetooth True Wireless Edifier X1 Air,5.000.000đ,5000000,Edifier,over-ear,0,1,0,Bluetooth,47.0,220.0,1,0,1,1,1,5000000,5000000,Edifier,Bluetooth,22727.272727272728,106382.97872340426
cellphones,https://cellphones.com.vn/tai-nghe-chup-tai-jbl-tune-520c.html,Tai nghe chụp tai có dây JBL Tune 520C,1.070.000đ,1070000,Jbl,over-ear,0,0,1,Type C,,150.0,0,0,1,0,0,1070000,1070000,Jbl,Type C,7133.333333333333,
cellphones,https://cellphones.com.vn/tai-nghe-chup-tai-robot-rh-p20.html,Tai nghe chụp tai có dây ROBOT RH-P20,290.000đ,290000,Robot,over-ear,0,0,1,3.5mm,,3.0,0,0,1,1,0,290000,290000,Other,3.5mm,96666.66666666667,
cellphones,https://cellphones.com.vn/tai-nghe-chup-tai-gaming-havit-hv-h2233d.html,Tai nghe chụp tai Gaming Havit HV-H2232D,480.000đ,480000,Havit,over-ear,1,0,1,3.5mm,,580.0,0,0,1,0,0,480000,480000,Havit,3.5mm,827.5862068965517,
cellphones,https://cellphones.com.vn/tai-nghe-chup-tai-sennheiser-hd-505.html,Tai nghe chụp tai Sennheiser HD 505,7.353.000đ,7353000,Sennheiser,over-ear,0,0,0,3.5mm,,237.0,0,0,1,0,0,7353000,7353000,Sennheiser,3.5mm,31025.316455696204,
cellphones,https://cellphones.com.vn/tai-nghe-chup-tai-baseus-bowie-30-max.html,Tai nghe chụp tai bluetooth Baseus Bowie 30 Max,1.990.000đ,1990000,Baseus,over-ear,0,1,0,3.5mm+Bluetooth,65.0,320.0,0,0,0,0,1,1990000,1990000,Baseus,3.5mm+Bluetooth,6218.75,30615.384615384617
cellphones,https://cellphones.com.vn/tai-nghe-chup-tai-sennheiser-hd-550.html,Tai nghe chụp tai Sennheiser HD 550,7.844.000đ,7844000,Sennheiser,over-ear,0,0,1,3.5mm,,237.0,0,0,1,0,0,7844000,7844000,Sennheiser,3.5mm,33097.04641350211,
cellphones,https://cellphones.com.vn/tai-nghe-chup-tai-logitech-g522-lightspeed.html,Tai nghe chụp tai Gaming Logitech G522 Lightspeed,3.999.000đ,3999000,Logitech,over-ear,1,1,0,Type C+Bluetooth,40.0,290.0,0,0,0,0,1,3999000,3999000,Other,Type C+Bluetooth,13789.655172413793,99975.0
cellphones,https://cellphones.com.vn/tai-nghe-gaming-khong-day-hyperx-cloud-3.html,Tai nghe chụp tai Gaming Hyperx Cloud 3 Wireless,3.910.000đ,3910000,Hyperx,over-ear,1,1,0,Bluetooth,72.5,290.0,0,0,1,0,1,3910000,3910000,Other,Bluetooth,13482.758620689656,53931.03448275862
cellphones,https://cellphones.com.vn/tai-nghe-chup-tai-soundpeats-space.html,Tai nghe chụp tai Soundpeats Space,1.490.000đ,1490000,Soundpeats,over-ear,0,0,1,3.5mm,,264.0,0,1,1,0,0,1490000,1490000,Soundpeats,3.5mm,5643.939393939394,
cellphones,https://cellphones.com.vn/tai-nghe-chup-tai-marshall-monitor-iii-anc.html,Tai nghe chụp tai chống ồn Marshall Monitor III ANC,9.810.000đ,7900000,Marshall,over-ear,0,0,0,3.5mm,,250.0,0,0,0,0,0,7900000,9810000,Other,3.5mm,31600.0,
cellphones,https://cellphones.com.vn/tai-nghe-chup-tai-jbl-quantum-100m2.html,Tai nghe gaming chụp tai JBL Quantum 100M2,1.165.000đ,1165000,Jbl,over-ear,1,0,1,3.5mm,,220.0,0,0,1,0,0,1165000,1165000,Jbl,3.5mm,5295.454545454545,
cellphones,https://cellphones.com.vn/tai-nghe-gaming-asus-rog-delta-ii.html,Tai nghe chụp tai Gaming ASUS ROG Delta II,5.680.000đ,5680000,Asus,over-ear,1,0,1,3.5mm,,318.0,0,1,1,0,0,5680000,5680000,Asus,3.5mm,17861.635220125787,
cellphones,https://cellphones.com.vn/tai-nghe-chup-tai-havit-i62.html,Tai nghe Bluetooth chụp tai Havit i62,590.000đ,590000,Havit,over-ear,0,1,0,Bluetooth,62.0,207.0,0,0,0,0,1,590000,590000,Havit,Bluetooth,2850.24154589372,9516.129032258064
cellphones,https://cellphones.com.vn/tai-nghe-chup-tai-alpha-works-aw-lite-600.html,Tai nghe chụp tai Alpha Works AW-LITE600,540.000đ,540000,Alpha Works,over-ear,0,0,0,Type C,,220.0,0,0,0,0,0,540000,540000,Other,Type C,2454.5454545454545,
cellphones,https://cellphones.com.vn/tai-nghe-chup-tai-havit-h633bt.html,Tai nghe Bluetooth chụp tai Havit H633BT,590.000đ,590000,Havit,over-ear,0,1,0,Bluetooth,50.0,207.0,0,0,0,0,1,590000,590000,Havit,Bluetooth,2850.24154589372,11800.0
cellphones,https://cellphones.com.vn/tai-nghe-chup-tai-nakamichi-hue-cherry.html,Tai nghe Bluetooth chụp tai NAKAMICHI Hue-Cherry,690.000đ,690000,Nakamichi,over-ear,0,1,1,3.5mm+Bluetooth,30.0,186.0,0,0,0,0,1,690000,690000,Other,3.5mm+Bluetooth,3709.6774193548385,23000.0
cellphones,https://cellphones.com.vn/tai-nghe-chup-tai-defunc-bt-headphone-go-d113.html,Tai nghe Bluetooth chụp tai Defunc BT Headphone GO D113,790.000đ,790000,Defunc,over-ear,0,1,0,Bluetooth,113.0,45.0,0,0,0,1,1,790000,790000,Other,Bluetooth,17555.555555555555,6991.150442477876
cellphones,https://cellphones.com.vn/tai-nghe-gaming-khong-day-sony-inzone-h9-ii.html,Tai nghe chụp tai Gaming Sony Inzone H9 II,7.590.000đ,7590000,Sony,over-ear,1,0,0,3.5mm,,260.0,0,0,0,0,0,7590000,7590000,Sony,3.5mm,29192.30769230769,
cellphones,https://cellphones.com.vn/tai-nghe-chup-tai-oneodio-pro-10.html,Tai nghe chụp tai OneOdio Pro 10,950.000đ,950000,Hãng Khác,over-ear,0,0,1,3.5mm,,27.75,0,1,1,1,0,950000,950000,Other,3.5mm,34234.23423423423,
cellphones,https://cellphones.com.vn/tai-nghe-chup-tai-asus-tuf-h1-gen-2.html,Tai nghe chụp tai Gaming ASUS TUF H1 Gen II,1.260.000đ,1260000,Asus,over-ear,1,0,1,USB-A,,297.0,0,0,1,0,0,1260000,1260000,Asus,USB-A,4242.424242424242,
cellphones,https://cellphones.com.vn/tai-nghe-khong-day-asus-tuf-gaming-h3.html,Tai nghe chụp tai ASUS TUF Gaming H3 2.4GHz (Cổng USB-C),2.490.000đ,2490000,Asus,over-ear,1,1,1,Type C+Bluetooth,15.0,307.0,0,0,0,0,1,2490000,2490000,Asus,Type C+Bluetooth,8110.7491856677525,166000.0
cellphones,https://cellphones.com.vn/tai-nghe-chup-tai-sennheiser-hd660s2.html,Tai nghe chụp tai Sennheiser HD660S2,16.681.000đ,7900000,Sennheiser,over-ear,0,0,1,3.5mm,,260.0,0,1,1,0,0,7900000,16681000,Sennheiser,3.5mm,30384.615384615383,
cellphones,https://cellphones.com.vn/tai-nghe-co-day-dareu-eh733.html,Tai nghe chụp tai Gaming DareU EH733,1.100.000đ,1100000,Dareu,over-ear,1,0,1,USB-A,,10.0,0,1,1,0,0,1100000,1100000,Other,USB-A,110000.0,
cellphones,https://cellphones.com.vn/tai-nghe-bluetooth-edifier-wh500.html,Tai nghe Bluetooth chụp tai Edifier WH500,830.000đ,830000,Edifier,over-ear,0,1,1,Bluetooth,40.0,172.0,0,0,0,0,1,830000,830000,Edifier,Bluetooth,4825.581395348837,20750.0
cellphones,https://cellphones.com.vn/tai-nghe-chup-tai-sennheiser-hd-569.html,Tai nghe chụp tai Sennheiser HD 569,4.590.000đ,4590000,Sennheiser,over-ear,0,0,1,3.5mm,,238.0,0,0,1,0,0,4590000,4590000,Sennheiser,3.5mm,19285.714285714286,
cellphones,https://cellphones.com.vn/tai-nghe-chup-tai-baseus-inspire-xh1.html,Tai nghe Bluetooth chụp tai Baseus Inspire XH1,3.590.000đ,3590000,Baseus,over-ear,0,1,1,Bluetooth,1.0,256.0,0,0,0,0,1,3590000,3590000,Baseus,Bluetooth,14023.4375,3590000.0
cellphones,https://cellphones.com.vn/tai-nghe-chup-tai-anker-soundcore-q20i.html,Tai nghe Bluetooth chụp tai Anker Soundcore Q20i,1.500.000đ,1500000,Anker,over-ear,0,1,0,3.5mm+Bluetooth,60.0,244.0,0,0,0,0,1,1500000,1500000,Other,3.5mm+Bluetooth,6147.540983606557,25000.0
cellphones,https://cellphones.com.vn/tai-nghe-chup-tai-edifier-w830nb.html,Tai nghe Bluetooth chụp tai Edifier W830NB,1.890.000đ,1890000,Edifier,over-ear,0,1,0,Type C+Bluetooth,94.0,267.0,0,0,0,0,1,1890000,1890000,Edifier,Type C+Bluetooth,7078.651685393258,20106.382978723403
cellphones,https://cellphones.com.vn/tai-nghe-chup-tai-jbl-live-670nc.html,Tai nghe Bluetooth chụp tai JBL Live 670NC,2.990.000đ,2990000,Jbl,over-ear,0,1,0,3.5mm+Bluetooth,65.0,219.0,0,0,0,0,1,2990000,2990000,Jbl,3.5mm+Bluetooth,13652.96803652968,46000.0
cellphones,https://cellphones.com.vn/tai-nghe-bluetooth-chup-tai-stargo-c100-pro-anc.html,Tai nghe Bluetooth chụp tai StarGO C100 Pro (ANC),590.000đ,590000,Stargo,over-ear,0,1,0,Bluetooth,15.0,24.0,0,0,0,1,1,590000,590000,Other,Bluetooth,24583.333333333332,39333.333333333336
cellphones,https://cellphones.com.vn/tai-nghe-chup-tai-qcy-h2-pro.html,Tai nghe Bluetooth chụp tai QCY H2 Pro,550.000đ,550000,Qcy,over-ear,0,1,0,3.5mm+Bluetooth,60.0,6.55,0,0,0,1,1,550000,550000,Other,3.5mm+Bluetooth,83969.46564885497,9166.666666666666
cellphones,https://cellphones.com.vn/tai-nghe-bluetooth-edifier-wh700.html,Tai nghe Bluetooth chụp tai Edifier WH700NB,990.000đ,990000,Edifier,over-ear,0,1,0,Bluetooth,68.0,271.0,0,0,0,0,1,990000,990000,Edifier,Bluetooth,3653.1365313653137,14558.823529411764
cellphones,https://cellphones.com.vn/tai-nghe-chup-tai-qcy-h3-lite.html,Tai nghe Bluetooth chụp tai QCY H3 Lite,900.000đ,900000,Qcy,over-ear,0,1,1,Bluetooth,40.0,6.55,0,0,1,1,1,900000,900000,Other,Bluetooth,137404.58015267176,22500.0
cellphones,https://cellphones.com.vn/tai-nghe-chup-tai-edifier-es850nb.html,Tai nghe Bluetooth chụp tai Edifier ES850NB,2.590.000đ,2590000,Edifier,over-ear,0,1,0,Bluetooth,55.0,265.0,0,0,0,0,1,2590000,2590000,Edifier,Bluetooth,9773.584905660377,47090.90909090909
cellphones,https://cellphones.com.vn/tai-nghe-chup-tai-sony-inzone-h5.html,Tai nghe Gaming chụp tai không dây Sony INZONE H5,3.790.000đ,3790000,Sony,over-ear,1,1,0,3.5mm+Bluetooth,28.0,254.0,0,0,0,0,1,3790000,3790000,Sony,3.5mm+Bluetooth,14921.259842519685,135357.14285714287
cellphones,https://cellphones.com.vn/tai-nghe-chup-tai-gaming-sony-inzone-h9.html,Tai nghe Gaming chụp tai Sony Inzone H9,5.850.000đ,5850000,Sony,over-ear,1,0,0,3.5mm,,330.0,0,1,0,0,0,5850000,5850000,Sony,3.5mm,17727.272727272728,
cellphones,https://cellphones.com.vn/tai-nghe-bluetooth-edifier-w600bt.html,Tai nghe Bluetooth chụp tai Edifier W600BT,700.000đ,700000,Edifier,over-ear,0,1,0,3.5mm+Bluetooth,30.0,168.0,0,0,0,0,1,700000,700000,Edifier,3.5mm+Bluetooth,4166.666666666667,23333.333333333332
cellphones,https://cellphones.com.vn/tai-nghe-chup-tai-gaming-sony-inzone-h3.html,Tai nghe chụp tai Gaming Sony Inzone H3,1.550.000đ,1550000,Sony,over-ear,1,0,0,3.5mm,,299.0,0,0,0,0,0,1550000,1550000,Sony,3.5mm,5183.946488294315,
cellphones,https://cellphones.com.vn/tai-nghe-chup-tai-jbl-tour-one-m3.html,Tai nghe Bluetooth chụp tai JBL Tour One M3,9.805.000đ,7900000,Jbl,over-ear,0,1,0,3.5mm+Bluetooth,70.0,278.0,0,0,0,0,1,7900000,9805000,Jbl,3.5mm+Bluetooth,28417.266187050358,112857.14285714286
cellphones,https://cellphones.com.vn/tai-nghe-chup-tai-khong-day-baseus-bowie-mh1-anc.html,Tai nghe Bluetooth chụp tai Baseus Bowie MH1 (ANC),1.590.000đ,1590000,Baseus,over-ear,0,1,0,Bluetooth,55.0,256.0,0,0,0,0,1,1590000,1590000,Baseus,Bluetooth,6210.9375,28909.090909090908
cellphones,https://cellphones.com.vn/tai-nghe-chup-tai-khong-day-alpha-works-lite-660.html,Tai nghe Bluetooth chụp tai Alpha Works LITE 660,860.000đ,860000,Alpha Works,over-ear,0,1,0,3.5mm+Bluetooth,50.0,19.2,0,0,0,1,1,860000,860000,Other,3.5mm+Bluetooth,44791.66666666667,17200.0
cellphones,https://cellphones.com.vn/tai-nghe-chup-tai-earfun-tune-pro.html,Tai nghe Bluetooth chụp tai EarFun Tune Pro,1.590.000đ,1590000,Earfun,over-ear,0,1,0,3.5mm+Bluetooth,120.0,500.0,0,0,0,0,1,1590000,1590000,Other,3.5mm+Bluetooth,3180.0,13250.0
cellphones,https://cellphones.com.vn/tai-nghe-chup-tai-jbl-quantum-910.html,Tai nghe Bluetooth chụp tai JBL Quantum 910,5.000.000đ,5000000,Jbl,over-ear,0,1,0,Bluetooth,57.0,219.5,0,0,0,0,1,5000000,5000000,Jbl,Bluetooth,22779.04328018223,87719.29824561403
cellphones,https://cellphones.com.vn/tai-nghe-chup-tai-edifier-w80.html,Tai nghe Bluetooth chụp tai Edifier W80,3.000.000đ,3000000,Edifier,over-ear,0,1,0,Bluetooth,40.0,240.5,0,0,0,0,1,3000000,3000000,Edifier,Bluetooth,12474.012474012474,75000.0
cellphones,https://cellphones.com.vn/tai-nghe-chup-tai-havit-h100d.html,Tai nghe chụp tai Havit H100D,180.000đ,180000,Havit,over-ear,0,0,0,3.5mm,,207.0,0,0,1,0,0,180000,180000,Havit,3.5mm,869.5652173913044,
cellphones,https://cellphones.com.vn/tai-nghe-chup-tai-khong-day-chong-on-alpha-works-flex-688.html,Tai nghe Bluetooth chụp tai Alpha Works FLEX 688,1.290.000đ,1290000,Alpha Works,over-ear,0,1,0,3.5mm+Bluetooth,50.0,19.2,0,0,0,1,1,1290000,1290000,Other,3.5mm+Bluetooth,67187.5,25800.0
cellphones,https://cellphones.com.vn/tai-nghe-bluetooth-chup-tai-tribit-quietplus-71x-anc.html,Tai nghe Bluetooth chụp tai Tribit QuitePlus 71X (ANC),790.000đ,790000,Tribit,over-ear,0,1,0,3.5mm+Bluetooth,65.0,40.0,0,0,0,1,1,790000,790000,Other,3.5mm+Bluetooth,19750.0,12153.846153846154
cellphones,https://cellphones.com.vn/tai-nghe-chup-tai-jbl-club-700bt.html,Tai nghe chụp tai JBL Club 700bt,3.590.000đ,3590000,Jbl,over-ear,0,0,0,3.5mm,,219.5,0,1,0,0,0,3590000,3590000,Jbl,3.5mm,16355.353075170842,
cellphones,https://cellphones.com.vn/tai-nghe-chup-tai-baseus-encok-d02-pro.html,Tai nghe Bluetooth chụp tai Baseus Encok D02 Pro,510.000đ,510000,Baseus,over-ear,0,1,0,3.5mm+Bluetooth,50.0,256.0,0,0,0,0,1,510000,510000,Baseus,3.5mm+Bluetooth,1992.1875,10200.0
cellphones,https://cellphones.com.vn/tai-nghe-chup-tai-oneodio-a10.html,Tai nghe Bluetooth chụp tai OneOdio A10,2.390.000đ,2390000,Hãng Khác,over-ear,0,1,0,Bluetooth,10.0,27.75,0,0,0,1,1,2390000,2390000,Other,Bluetooth,86126.12612612612,239000.0
cellphones,https://cellphones.com.vn/tai-nghe-chup-tai-logitech-h390.html,Tai nghe chụp tai Logitech H390,849.000đ,849000,Logitech,over-ear,0,0,0,3.5mm,,278.0,0,1,1,0,0,849000,849000,Other,3.5mm,3053.956834532374,
cellphones,https://cellphones.com.vn/tai-nghe-chup-tai-havit-h2590bt-pro.html,Tai nghe Bluetooth chụp tai Havit H2590BT Pro,350.000đ,350000,Havit,over-ear,0,1,0,Bluetooth,50.0,207.0,0,0,0,0,1,350000,350000,Havit,Bluetooth,1690.8212560386473,7000.0
cellphones,https://cellphones.com.vn/tai-nghe-chup-tai-logitech-h340.html,Tai nghe chụp tai Logitech H340,649.000đ,649000,Logitech,over-ear,0,0,0,3.5mm,,278.0,0,1,1,0,0,649000,649000,Other,3.5mm,2334.5323741007196,
cellphones,https://cellphones.com.vn/tai-nghe-chup-tai-jbl-tune-760.html,Tai nghe Bluetooth chụp tai JBL Tune 760,5.000.000đ,5000000,Jbl,over-ear,0,1,1,Bluetooth,50.0,220.0,0,0,0,0,1,5000000,5000000,Jbl,Bluetooth,22727.272727272728,100000.0
cellphones,https://cellphones.com.vn/tai-nghe-chup-tai-earfun-wave-life.html,Tai nghe Bluetooth chụp tai EarFun Wave Life,1.490.000đ,1490000,Earfun,over-ear,0,1,0,Bluetooth,60.0,264.0,0,0,0,0,1,1490000,1490000,Other,Bluetooth,5643.939393939394,24833.333333333332
cellphones,https://cellphones.com.vn/tai-nghe-chup-tai-tronsmart-soundfii-q20s.html,Tai nghe Bluetooth chụp tai Tronsmart Sounfii Q20s,1.190.000đ,1190000,Tronsmart,over-ear,0,1,0,3.5mm+Bluetooth,60.0,249.0,0,0,0,0,1,1190000,1190000,Other,3.5mm+Bluetooth,4779.116465863453,19833.333333333332
cellphones,https://cellphones.com.vn/tai-nghe-co-day-hyperx-cloud-stinger-2.html,Tai nghe chụp tai Gaming HyperX Cloud Stinger 2,1.150.000đ,1150000,Hyperx,over-ear,1,0,0,3.5mm,,272.0,0,0,1,0,0,1150000,1150000,Other,3.5mm,4227.941176470588,
cellphones,https://cellphones.com.vn/tai-nghe-chup-tai-logitech-h111.html,Tai nghe chụp tai Logitech H111,279.000đ,279000,Logitech,over-ear,0,0,0,3.5mm,,278.0,0,1,1,0,0,279000,279000,Other,3.5mm,1003.5971223021583,
cellphones,https://cellphones.com.vn/tai-nghe-chup-tai-defunc-basic-headphone-d133.html,Tai nghe chụp tai Defunc Basic Headphone D133,290.000đ,290000,Defunc,over-ear,0,0,0,3.5mm,,45.0,0,1,1,1,0,290000,290000,Other,3.5mm,6444.444444444444,
cellphones,https://cellphones.com.vn/tai-nghe-chup-tai-asus-tuf-h1.html,Tai nghe chụp tai Gaming Asus TUF H1,790.000đ,790000,Asus,over-ear,1,0,0,3.5mm,,309.0,0,0,1,0,0,790000,790000,Asus,3.5mm,2556.63430420712,
cellphones,https://cellphones.com.vn/tai-nghe-chup-tai-logitech-h151.html,Tai nghe chụp tai Logitech H151,379.000đ,379000,Logitech,over-ear,0,0,0,3.5mm,,278.0,0,0,1,0,0,379000,379000,Other,3.5mm,1363.3093525179856,
cellphones,https://cellphones.com.vn/tai-nghe-chup-tai-bose-quietcomfort.html,Tai nghe Bluetooth chụp tai Bose QuietComfort,7.349.000đ,7349000,Bose,over-ear,0,1,0,Bluetooth,24.0,6.35,0,0,0,1,1,7349000,7349000,Other,Bluetooth,1157322.8346456694,306208.3333333333
cellphones,https://cellphones.com.vn/tai-nghe-chup-tai-soul-ultra-dynamic-2.html,Tai nghe Bluetooth chụp tai Soul Ultra Dynamic 2,599.000đ,599000,Soul,over-ear,0,1,1,3.5mm+Bluetooth,2.0,11.0,0,0,0,1,1,599000,599000,Other,3.5mm+Bluetooth,54454.545454545456,299500.0
cellphones,https://cellphones.com.vn/tai-nghe-chup-tai-havit-h668bt.html,Tai nghe Bluetooth chụp tai Havit H668BT,890.000đ,890000,Havit,over-ear,0,1,0,Bluetooth,50.0,204.0,0,0,0,0,1,890000,890000,Havit,Bluetooth,4362.745098039216,17800.0
cellphones,https://cellphones.com.vn/tai-nghe-bluetooth-chup-tai-stargo-c200.html,Tai nghe Bluetooth chụp tai StarGO C200,490.000đ,490000,Stargo,over-ear,0,1,0,Bluetooth,15.0,24.0,0,0,0,1,1,490000,490000,Other,Bluetooth,20416.666666666668,32666.666666666668
cellphones,https://cellphones.com.vn/tai-nghe-ch-p-tai-soul-ultra-dynamic-2-tr-ng.html,Tai nghe chụp tai Soul Ultra Dynamic 2-Trắng,650.000đ,650000,Soul,over-ear,0,0,1,3.5mm,,11.0,0,1,1,1,0,650000,650000,Other,3.5mm,59090.90909090909,
cellphones,https://cellphones.com.vn/tai-nghe-bluetooth-chup-tai-havit-h612bt-pro-anc.html,Tai nghe Bluetooth chụp tai Havit H612BT Pro (ANC),690.000đ,690000,Havit,over-ear,0,1,0,Bluetooth,50.0,191.0,0,0,0,0,1,690000,690000,Havit,Bluetooth,3612.565445026178,13800.0
cellphones,https://cellphones.com.vn/tai-nghe-chup-tai-baseus-bowie-h1s.html,Tai nghe Bluetooth chụp tai Baseus Bowie H1S,1.150.000đ,1150000,Baseus,over-ear,0,1,0,Bluetooth,5.0,279.0,0,0,0,0,1,1150000,1150000,Baseus,Bluetooth,4121.863799283155,230000.0
cellphones,https://cellphones.com.vn/tai-nghe-chup-tai-edifier-w800bt-se.html,Tai nghe Bluetooth chụp tai Edifier W800BT SE,690.000đ,690000,Edifier,over-ear,0,1,0,Bluetooth,45.0,240.5,0,0,0,0,1,690000,690000,Edifier,Bluetooth,2869.022869022869,15333.333333333334
cellphones,https://cellphones.com.vn/tai-nghe-gaming-havit-h2002p.html,Tai nghe chụp tai có dây Gaming Havit H2002P,890.000đ,890000,Havit,over-ear,1,0,1,3.5mm,,207.0,0,1,1,0,0,890000,890000,Havit,3.5mm,4299.51690821256,
cellphones,https://cellphones.com.vn/tai-nghe-chup-tai-khong-day-baseus-bass-bh1-nc.html,Tai nghe Bluetooth chụp tai Baseus Bass BH1 NC,1.090.000đ,1090000,Baseus,over-ear,0,1,0,Bluetooth,80.0,235.0,0,0,0,0,1,1090000,1090000,Baseus,Bluetooth,4638.297872340426,13625.0
cellphones,https://cellphones.com.vn/tai-nghe-chup-tai-bluetooth-baseus-bass-bh1.html,Tai nghe Bluetooth chụp tai Baseus Bass BH1,890.000đ,890000,Baseus,over-ear,0,1,0,3.5mm+Bluetooth,80.0,235.0,0,0,0,0,1,890000,890000,Baseus,3.5mm+Bluetooth,3787.2340425531916,11125.0
cellphones,https://cellphones.com.vn/tai-nghe-chup-tai-edifier-atom-max.html,Tai nghe Bluetooth chụp tai Edifier Atom Max,1.399.000đ,1399000,Edifier,over-ear,0,1,0,Bluetooth,45.0,240.5,0,0,0,0,1,1399000,1399000,Edifier,Bluetooth,5817.047817047817,31088.88888888889
cellphones,https://cellphones.com.vn/tai-nghe-bluetooth-chup-tai-havit-h603bt.html,Tai nghe Bluetooth chụp tai Havit H603BT,340.000đ,340000,Havit,over-ear,0,1,1,Bluetooth,50.0,182.0,0,0,0,0,1,340000,340000,Havit,Bluetooth,1868.131868131868,6800.0
cellphones,https://cellphones.com.vn/tai-nghe-chup-tai-co-day-razer-blackshark-v2-x-3-5mm.html,Tai nghe chụp tai Razer BlackShark V2 X 3.5mm,1.090.000đ,1090000,Razer,over-ear,0,0,0,3.5mm,,240.0,0,0,0,0,0,1090000,1090000,Razer,3.5mm,4541.666666666667,
cellphones,https://cellphones.com.vn/tai-nghe-bluetooth-chup-tai-bowers-wilkins-px8.html,Tai nghe Bluetooth chụp tai Bowers & Wilkins Px8,15.699.000đ,7900000,Bowers & Wilkins,over-ear,0,1,0,3.5mm+Bluetooth,30.0,320.0,0,0,0,0,1,7900000,15699000,Other,3.5mm+Bluetooth,24687.5,263333.3333333333
cellphones,https://cellphones.com.vn/tai-nghe-chup-tai-alpha-works-flex-680.html,Tai nghe Bluetooth chụp tai Alpha Works Flex 680,750.000đ,750000,Alpha Works,over-ear,0,1,0,Type C+Bluetooth,40.0,19.2,0,0,0,1,1,750000,750000,Other,Type C+Bluetooth,39062.5,18750.0
cellphones,https://cellphones.com.vn/tai-nghe-chup-tai-havit-h655bt.html,Tai nghe Bluetooth chụp tai Havit H655BT,1.070.000đ,1070000,Havit,over-ear,0,1,0,3.5mm+Bluetooth,50.0,207.0,0,0,0,0,1,1070000,1070000,Havit,3.5mm+Bluetooth,5169.082125603864,21400.0
cellphones,https://cellphones.com.vn/tai-nghe-chup-tai-khong-day-sony-wh-ch510.html,Tai nghe chụp tai Sony WH-CH510,1.190.000đ,1190000,Sony,over-ear,0,0,0,Type C,,132.0,0,0,0,0,0,1190000,1190000,Sony,Type C,9015.151515151516,
cellphones,https://cellphones.com.vn/tai-nghe-chup-tai-edifier-w800bt-pro.html,Tai nghe Bluetooth chụp tai Edifier W800BT Pro,1.399.000đ,1399000,Edifier,over-ear,0,1,0,Bluetooth,45.0,240.5,0,0,0,0,1,1399000,1399000,Edifier,Bluetooth,5817.047817047817,31088.88888888889
cellphones,https://cellphones.com.vn/tai-nghe-bluetooth-edifier-w820nb.html,Tai nghe Bluetooth chụp tai Edifier W820NB,690.000đ,690000,Edifier,over-ear,0,1,0,3.5mm+Bluetooth,49.0,220.0,0,0,0,0,1,690000,690000,Edifier,3.5mm+Bluetooth,3136.3636363636365,14081.632653061224
cellphones,https://cellphones.com.vn/tai-nghe-chup-tai-soundpeats-a6-chong-on.html,Tai nghe Bluetooth chụp tai SoundPEATS A6,710.000đ,710000,Soundpeats,over-ear,0,1,1,3.5mm+Bluetooth,37.0,266.0,0,0,0,0,1,710000,710000,Soundpeats,3.5mm+Bluetooth,2669.1729323308273,19189.18918918919
cellphones,https://cellphones.com.vn/tai-nghe-chup-tai-trusmi-bh01.html,Tai nghe Bluetooth chụp tai Trusmi BH01,1.000.000đ,1000000,Trusmi,over-ear,0,1,0,3.5mm+Bluetooth,50.0,3.0,0,0,0,1,1,1000000,1000000,Other,3.5mm+Bluetooth,333333.3333333333,20000.0
cellphones,https://cellphones.com.vn/tai-nghe-chup-tai-jbl-tune-720bt.html,Tai nghe Bluetooth chụp tai JBL Tune 720BT,5.000.000đ,5000000,Jbl,over-ear,0,1,0,3.5mm+Bluetooth,76.0,219.5,0,0,0,0,1,5000000,5000000,Jbl,3.5mm+Bluetooth,22779.04328018223,65789.47368421052
cellphones,https://cellphones.com.vn/tai-nghe-chup-tai-oneodio-a70.html,Tai nghe Bluetooth chụp tai OneOdio A70,1.590.000đ,1590000,Hãng Khác,over-ear,0,1,0,Bluetooth,70.0,27.75,0,0,0,1,1,1590000,1590000,Other,Bluetooth,57297.2972972973,22714.285714285714
cellphones,https://cellphones.com.vn/tai-nghe-chup-tai-baseus-bass-35-max.html,Tai nghe Bluetooth chụp tai Baseus Bass 35 Max,550.000đ,550000,Baseus,over-ear,0,1,0,3.5mm+Bluetooth,50.0,238.8,0,0,0,0,1,550000,550000,Baseus,3.5mm+Bluetooth,2303.182579564489,11000.0
cellphones,https://cellphones.com.vn/tai-nghe-chup-tai-anker-soundcore-space-one-pro.html,Tai nghe Bluetooth chụp tai Anker Soundcore Space One Pro (A3062),3.290.000đ,3290000,Anker,over-ear,0,1,0,3.5mm+Bluetooth,40.0,286.0,0,0,0,0,1,3290000,3290000,Other,3.5mm+Bluetooth,11503.496503496504,82250.0
cellphones,https://cellphones.com.vn/tai-nghe-chup-tai-oneodio-pro-c.html,Tai nghe Bluetooth chụp tai OneOdio Pro C,1.490.000đ,1490000,Hãng Khác,over-ear,0,1,0,Bluetooth,15.0,27.75,0,0,1,1,1,1490000,1490000,Other,Bluetooth,53693.69369369369,99333.33333333333
cellphones,https://cellphones.com.vn/tai-nghe-chup-tai-tronsmart-sounfii-q20.html,Tai nghe Bluetooth chụp tai Tronsmart Sounfii Q20,890.000đ,890000,Hãng Khác,over-ear,0,1,0,Bluetooth,60.0,246.0,0,0,0,0,1,890000,890000,Other,Bluetooth,3617.8861788617887,14833.333333333334
cellphones,https://cellphones.com.vn/tai-nghe-chup-tai-jbl-live-770.html,Tai nghe Bluetooth chụp tai JBL Live 770,5.000.000đ,5000000,Jbl,over-ear,0,1,0,3.5mm+Bluetooth,65.0,256.0,0,0,0,0,1,5000000,5000000,Jbl,3.5mm+Bluetooth,19531.25,76923.07692307692
cellphones,https://cellphones.com.vn/tai-nghe-chup-tai-sennheiser-accentum.html,Tai nghe Bluetooth chụp tai Sennheiser ACCENTUM,3.290.000₫,3290000,Sennheiser,over-ear,0,1,0,Bluetooth,50.0,222.0,0,0,0,0,1,3290000,3290000,Sennheiser,Bluetooth,14819.81981981982,65800.0
cellphones,https://cellphones.com.vn/tai-nghe-bluetooth-chup-tai-jbl-t500bt.html,Tai nghe chụp tai JBL T500BT,1.690.000đ,1690000,Jbl,over-ear,0,1,0,Bluetooth,57.0,219.5,0,0,0,0,1,1690000,1690000,Jbl,Bluetooth,7699.316628701595,29649.122807017542
cellphones,https://cellphones.com.vn/tai-nghe-chup-tai-jbl-live-660nc.html,Tai nghe chụp tai JBL Live 660NC,3.590.000đ,3590000,Jbl,over-ear,0,0,0,3.5mm,,219.5,0,1,1,0,0,3590000,3590000,Jbl,3.5mm,16355.353075170842,
cellphones,https://cellphones.com.vn/tai-nghe-chup-tai-marshall-major-4.html,Tai nghe Bluetooth chụp tai Marshall Major 4,3.190.000đ,3190000,Marshall,over-ear,0,1,0,3.5mm+Bluetooth,80.0,165.0,0,0,0,0,1,3190000,3190000,Other,3.5mm+Bluetooth,19333.333333333332,39875.0
cellphones,https://cellphones.com.vn/tai-nghe-chup-tai-edifier-evo-space.html,Tai nghe Bluetooth chụp tai Edifier Evo Space (TBC),5.000.000đ,5000000,Edifier,over-ear,0,1,0,Bluetooth,93.0,260.0,0,0,0,0,1,5000000,5000000,Edifier,Bluetooth,19230.76923076923,53763.44086021505
cellphones,https://cellphones.com.vn/tai-nghe-chup-tai-soundpeats-space-pro.html,Tai nghe không dây chụp tai Soundpeats Space Pro,1.590.000đ,1590000,Soundpeats,over-ear,0,1,0,Bluetooth,151.0,282.0,0,0,0,0,1,1590000,1590000,Soundpeats,Bluetooth,5638.297872340426,10529.80132450331
cellphones,https://cellphones.com.vn/tai-nghe-chup-tai-gaming-soundpeats-g1.html,Tai nghe chụp tai Soundpeats G1,590.000đ,590000,Soundpeats,over-ear,0,0,1,3.5mm,,10.0,0,1,1,0,0,590000,590000,Soundpeats,3.5mm,59000.0,
cellphones,https://cellphones.com.vn/tai-nghe-chup-tai-jbl-tune-500.html,Tai nghe chụp tai JBL Tune 500,890.000đ,890000,Jbl,over-ear,0,0,0,3.5mm,,219.5,0,0,0,0,0,890000,890000,Jbl,3.5mm,4054.6697038724374,
cellphones,https://cellphones.com.vn/tai-nghe-bluetooth-edifier-wh950nb.html,Tai nghe Bluetooth chụp tai Edifier WH950NB,2.290.000đ,2290000,Edifier,over-ear,0,1,0,3.5mm+Bluetooth,55.0,240.5,0,0,0,0,1,2290000,2290000,Edifier,3.5mm+Bluetooth,9521.829521829522,41636.36363636364
cellphones,https://cellphones.com.vn/tai-nghe-chup-tai-jbl-tune-670nc.html,Tai nghe Bluetooth chụp tai JBL Tune 670NC,2.290.000đ,2290000,Jbl,over-ear,0,1,0,3.5mm+Bluetooth,70.0,174.0,0,0,0,0,1,2290000,2290000,Jbl,3.5mm+Bluetooth,13160.919540229885,32714.285714285714
cellphones,https://cellphones.com.vn/tai-nghe-chup-tai-rapoo-h100.html,Tai nghe chụp tai Rapoo H100,290.000đ,290000,Hãng Khác,over-ear,0,0,0,3.5mm,,27.75,0,0,1,1,0,290000,290000,Other,3.5mm,10450.450450450451,
cellphones,https://cellphones.com.vn/tai-nghe-chup-tai-soundpeats-a7.html,Tai nghe chụp tai Soundpeats A7,990.000đ,990000,Soundpeats,over-ear,0,0,0,3.5mm,,266.0,0,1,1,0,0,990000,990000,Soundpeats,3.5mm,3721.8045112781956,
cellphones,https://cellphones.com.vn/tai-nghe-samsung-galaxy-buds-4.html,Tai nghe Samsung Galaxy Buds 4,4.990.000đ,4990000,Samsung,in-ear,0,0,0,3.5mm,,4.6,0,1,0,0,0,4990000,4990000,Other,3.5mm,1084782.6086956523,
cellphones,https://cellphones.com.vn/tai-nghe-chup-tai-logitech-g335.html,Tai nghe chụp tai có dây Gaming Logitech G335,5.000.000đ,5000000,Logitech,over-ear,1,0,1,3.5mm,,240.0,0,0,1,0,0,5000000,5000000,Other,3.5mm,20833.333333333332,
cellphones,https://cellphones.com.vn/tai-nghe-chup-tai-logitech-h540.html,Tai nghe chụp tai có dây Logitech H540 USB,5.000.000đ,5000000,Logitech,over-ear,0,0,0,USB-A,,278.0,0,0,1,0,0,5000000,5000000,Other,USB-A,17985.61151079137,
cellphones,https://cellphones.com.vn/tai-nghe-chup-tai-sennheiser-hd-599.html,Tai nghe chụp tai Sennheiser HD 599,5.000.000đ,5000000,Sennheiser,over-ear,0,0,1,3.5mm,,250.0,0,0,1,0,0,5000000,5000000,Sennheiser,3.5mm,20000.0,
cellphones,https://cellphones.com.vn/tai-nghe-chup-tai-sennheiser-hd-560s.html,Tai nghe chụp tai Sennheiser HD 560S,5.000.000đ,5000000,Sennheiser,over-ear,0,0,1,3.5mm,,280.0,0,0,1,0,0,5000000,5000000,Sennheiser,3.5mm,17857.14285714286,
cellphones,https://cellphones.com.vn/tai-nghe-chup-tai-jbl-v310gabt.html,Tai nghe chụp tai JBL V310GABT chống ồn,4.650.000đ,4650000,Jbl,over-ear,0,0,0,3.5mm,,219.5,0,1,1,0,0,4650000,4650000,Jbl,3.5mm,21184.510250569478,
cellphones,https://cellphones.com.vn/tai-nghe-chup-tai-nokia-whp-101.html,Tai nghe chụp tai Nokia WHP-101,650.000đ,650000,Nokia,over-ear,0,0,1,3.5mm,,188.0,0,1,0,0,0,650000,650000,Other,3.5mm,3457.446808510638,
cellphones,https://cellphones.com.vn/tai-nghe-chup-tai-rapoo-h120.html,Tai nghe chụp tai Rapoo H120,390.000đ,390000,Rapoo,over-ear,0,0,0,USB-A,,340.0,0,1,1,0,0,390000,390000,Other,USB-A,1147.0588235294117,
cellphones,https://cellphones.com.vn/tai-nghe-chup-tai-gaming-havit-h2012d.html,Tai nghe chụp tai Gaming Havit H2012D RGB,590.000đ,590000,Havit,over-ear,1,0,1,3.5mm,,207.0,0,0,1,0,0,590000,590000,Havit,3.5mm,2850.24154589372,
cellphones,https://cellphones.com.vn/tai-nghe-chup-tai-sennheiser-hd-206-wired.html,Tai nghe chụp tai Sennheiser HD 206,669.000đ,669000,Sennheiser,over-ear,0,0,0,3.5mm,,215.0,0,0,1,0,0,669000,669000,Sennheiser,3.5mm,3111.6279069767443,
cellphones,https://cellphones.com.vn/tai-nghe-chup-tai-rapoo-vh520c.html,Tai nghe chụp tai Gaming Rapoo VH520C,599.000đ,599000,Rapoo,over-ear,1,0,0,3.5mm,,340.0,0,0,1,0,0,599000,599000,Other,3.5mm,1761.764705882353,
cellphones,https://cellphones.com.vn/tai-nghe-khong-day-jbl-sense-pro.html,Tai nghe Bluetooth thể thao JBL Sense Pro,3.990.000đ,3990000,Jbl,in-ear,0,1,1,Bluetooth,38.0,11.6,0,0,0,0,1,3990000,3990000,Jbl,Bluetooth,343965.5172413793,105000.0
cellphones,https://cellphones.com.vn/tai-nghe-co-day-dareu-eh722x-pro.html,Tai nghe chụp tai Gaming DareU EH722X Pro,580.000đ,580000,Dareu,over-ear,1,0,1,USB-A,,10.0,0,1,1,0,0,580000,580000,Other,USB-A,58000.0,
cellphones,https://cellphones.com.vn/tai-nghe-chup-tai-logitech-h150.html,Tai nghe chụp tai Logitech H150,290.000đ,290000,Logitech,over-ear,0,0,1,3.5mm,,278.0,0,0,1,0,0,290000,290000,Other,3.5mm,1043.1654676258993,
cellphones,https://cellphones.com.vn/tai-nghe-chup-tai-mpow-bh439a.html,Tai nghe chụp tai Mpow Air SE Gaming BH439A,890.000đ,890000,Hãng Khác,over-ear,1,0,0,3.5mm,,27.75,0,1,1,1,0,890000,890000,Other,3.5mm,32072.07207207207,
cellphones,https://cellphones.com.vn/tai-nghe-chup-tai-havit-h2238d.html,Tai nghe chụp tai Havit H2238D,250.000đ,250000,Havit,over-ear,0,0,0,3.5mm,,207.0,0,0,1,0,0,250000,250000,Havit,3.5mm,1207.729468599034,
cellphones,https://cellphones.com.vn/tai-nghe-chup-tai-motorola-moto-xt120.html,Tai nghe chụp tai Motorola Moto XT120,350.000đ,350000,Hãng Khác,over-ear,0,0,1,3.5mm,,262.0,0,0,1,0,0,350000,350000,Other,3.5mm,1335.8778625954199,
cellphones,https://cellphones.com.vn/tai-nghe-chup-tai-sennheiser-hd-559.html,Tai nghe chụp tai Sennheiser HD 559,5.000.000đ,5000000,Sennheiser,over-ear,0,0,1,3.5mm,,260.0,0,1,1,0,0,5000000,5000000,Sennheiser,3.5mm,19230.76923076923,
cellphones,https://cellphones.com.vn/tai-nghe-dareu-eh745x.html,Tai nghe chụp tai DareU EH745X,5.000.000đ,5000000,Dareu,over-ear,0,0,1,USB-A,,10.0,0,1,1,0,0,5000000,5000000,Other,USB-A,500000.0,
cellphones,https://cellphones.com.vn/tai-nghe-gaming-havit-h2038u.html,Tai nghe chụp tai có dây Gaming Havit H2038U,5.000.000đ,5000000,Havit,over-ear,1,0,1,3.5mm,,207.0,0,1,1,0,0,5000000,5000000,Havit,3.5mm,24154.589371980677,
cellphones,https://cellphones.com.vn/tai-nghe-dareu-vh350se.html,Tai nghe chụp tai DareU VH350se,5.000.000đ,5000000,Dareu,over-ear,0,0,1,USB-A,,10.0,0,1,1,0,0,5000000,5000000,Other,USB-A,500000.0,
cellphones,https://cellphones.com.vn/tai-nghe-gaming-havit-h2230d.html,Tai nghe chụp tai có dây Gaming Havit H2230D,5.000.000đ,5000000,Havit,over-ear,1,0,1,3.5mm,,207.0,0,0,1,0,0,5000000,5000000,Havit,3.5mm,24154.589371980677,
cellphones,https://cellphones.com.vn/tai-nghe-chup-tai-beats-solo-pro.html,Tai nghe Bluetooth chụp tai Beats Solo Pro chống ồn,7.490.000đ,7490000,Beats By Dr. Dre,over-ear,0,1,0,Bluetooth,40.0,40.0,0,0,0,1,1,7490000,7490000,Other,Bluetooth,187250.0,187250.0
cellphones,https://cellphones.com.vn/tai-nghe-gaming-dareu-eh722x.html,Tai nghe chụp tai Gaming DareU EH722X,590.000đ,590000,Dareu,over-ear,1,0,1,3.5mm,,10.0,0,0,1,0,0,590000,590000,Other,3.5mm,59000.0,
cellphones,https://cellphones.com.vn/tai-nghe-chup-tai-dareu-eh416.html,Tai nghe chụp tai Dareu EH416,360.000đ,360000,Dareu,over-ear,0,0,1,USB-A,,10.0,0,1,1,0,0,360000,360000,Other,USB-A,36000.0,
cellphones,https://cellphones.com.vn/tai-nghe-chup-tai-jbl-tune-510bt.html,Tai nghe Bluetooth chụp tai JBL Tune 510BT,1.390.000đ,1390000,Jbl,over-ear,0,1,1,Bluetooth,40.0,219.5,0,0,0,0,1,1390000,1390000,Jbl,Bluetooth,6332.574031890661,34750.0
cellphones,https://cellphones.com.vn/tai-nghe-chup-tai-co-day-razer-blackshark-v2-x-usb.html,Tai nghe chụp tai Razer BlackShark V2 X USB,1.090.000đ,1090000,Razer,over-ear,0,0,1,USB-A,,240.0,0,0,0,0,0,1090000,1090000,Razer,USB-A,4541.666666666667,
cellphones,https://cellphones.com.vn/tai-nghe-chup-tai-edifier-wh700nb-plus.html,Tai nghe Bluetooth chụp tai Edifier WH700NB Plus,5.000.000đ,5000000,Edifier,over-ear,0,1,1,Bluetooth,68.0,271.0,0,0,0,0,1,5000000,5000000,Edifier,Bluetooth,18450.18450184502,73529.41176470589
cellphones,https://cellphones.com.vn/tai-nghe-khong-day-jbl-wave-buds-2.html,Tai nghe không dây JBL Wave Buds 2,1.690.000đ,1690000,Jbl,in-ear,0,1,0,Bluetooth,40.0,4.5,0,0,0,0,1,1690000,1690000,Jbl,Bluetooth,375555.55555555556,42250.0
cellphones,https://cellphones.com.vn/tai-nghe-chup-tai-baseus-bowie-h1i.html,Tai nghe Bluetooth chụp tai Baseus Bowie H1i,750.000đ,750000,Baseus,over-ear,0,1,0,3.5mm+Bluetooth,30.0,226.0,0,0,0,0,1,750000,750000,Baseus,3.5mm+Bluetooth,3318.5840707964603,25000.0
cellphones,https://cellphones.com.vn/tai-nghe-khong-day-gaming-chup-tai-logitech-g321.html,Tai nghe không dây gaming chụp tai Logitech G321,1.699.000đ,1699000,Logitech,over-ear,1,1,0,Type C+Bluetooth,20.0,210.0,0,0,0,0,1,1699000,1699000,Other,Type C+Bluetooth,8090.476190476191,84950.0
cellphones,https://cellphones.com.vn/tai-nghe-chup-tai-sennheiser-hd-650.html,Tai nghe chụp tai Sennheiser HD 650,10.490.000đ,7900000,Sennheiser,over-ear,0,0,0,3.5mm,,260.0,0,0,1,0,0,7900000,10490000,Sennheiser,3.5mm,30384.615384615383,
cellphones,https://cellphones.com.vn/tai-nghe-chup-tai-rapoo-vh160.html,Tai nghe chụp tai Rapoo VH160,490.000đ,490000,Rapoo,over-ear,0,0,0,USB-A,,340.0,0,1,1,0,0,490000,490000,Other,USB-A,1441.1764705882354,
cellphones,https://cellphones.com.vn/tai-nghe-chup-tai-logitech-h110.html,Tai nghe chụp tai Logitech H110,250.000đ,250000,Logitech,over-ear,0,0,1,3.5mm,,278.0,0,0,1,0,0,250000,250000,Other,3.5mm,899.2805755395683,
cellphones,https://cellphones.com.vn/tai-nghe-chup-tai-sennheiser-hd620s.html,Tai nghe chụp tai Sennheiser HD620S,7.990.000đ,7900000,Sennheiser,over-ear,0,0,1,3.5mm,,238.0,0,1,1,0,0,7900000,7990000,Sennheiser,3.5mm,33193.27731092437,
cellphones,https://cellphones.com.vn/tai-nghe-gaming-dareu-eh469.html,Tai nghe chụp tai Gaming DareU EH469,390.000đ,390000,Dareu,over-ear,1,0,1,USB-A,,10.0,0,1,1,0,0,390000,390000,Other,USB-A,39000.0,
cellphones,https://cellphones.com.vn/tai-nghe-gaming-dareu-eh925.html,Tai nghe chụp tai Gaming có dây DareU EH925,890.000đ,890000,Dareu,over-ear,1,0,1,USB-A,,300.0,0,0,1,0,0,890000,890000,Other,USB-A,2966.6666666666665,
cellphones,https://cellphones.com.vn/tai-nghe-chup-tai-sennheiser-hd-450bt.html,Tai nghe Bluetooth chụp tai Sennheiser HD 450BT,5.000.000đ,5000000,Sennheiser,over-ear,0,1,0,3.5mm+Bluetooth,30.0,238.0,0,0,0,0,1,5000000,5000000,Sennheiser,3.5mm+Bluetooth,21008.40336134454,166666.66666666666
cellphones,https://cellphones.com.vn/tai-nghe-co-day-dareu-eh925l.html,Tai nghe chụp tai Gaming DareU EH925L,850.000đ,850000,Dareu,over-ear,1,0,1,USB-A,,10.0,0,1,1,0,0,850000,850000,Other,USB-A,85000.0,
cellphones,https://cellphones.com.vn/tai-nghe-chup-tai-jbl-tour-one-m2.html,Tai nghe Bluetooth chụp tai JBL Tour One M2,5.690.000đ,5690000,Jbl,over-ear,0,1,0,Bluetooth,50.0,219.5,0,0,0,0,1,5690000,5690000,Jbl,Bluetooth,25922.55125284738,113800.0
cellphones,https://cellphones.com.vn/tai-nghe-chup-tai-sony-wh-1000xm4.html,Tai nghe Bluetooth chụp tai Sony WH-1000XM4,4.990.000đ,4990000,Sony,over-ear,0,1,0,3.5mm+Bluetooth,30.0,254.0,0,0,0,0,1,4990000,4990000,Sony,3.5mm+Bluetooth,19645.66929133858,166333.33333333334
cellphones,https://cellphones.com.vn/tai-nghe-chup-tai-razer-barracuda-pro.html,Tai nghe chụp tai Razer Barracuda Pro,5.000.000đ,5000000,Razer,over-ear,0,0,1,3.5mm,,300.0,0,1,0,0,0,5000000,5000000,Razer,3.5mm,16666.666666666668,
cellphones,https://cellphones.com.vn/tai-nghe-chup-tai-razer-opus.html,Tai nghe chụp tai Razer Opus,5.000.000đ,5000000,Razer,over-ear,0,0,1,3.5mm,,265.0,0,1,0,0,0,5000000,5000000,Razer,3.5mm,18867.924528301886,
cellphones,https://cellphones.com.vn/tai-nghe-chup-tai-razer-kraken-v3-hypersense.html,Tai nghe chụp tai Razer Kraken V3 HyperSense,5.000.000đ,5000000,Razer,over-ear,0,0,1,3.5mm,,344.0,0,1,0,0,0,5000000,5000000,Razer,3.5mm,14534.883720930233,
cellphones,https://cellphones.com.vn/tai-nghe-chup-tai-logitech-rgb-g733.html,Tai nghe Bluetooth chụp tai Gaming Logitech RGB G733,5.000.000đ,5000000,Logitech,over-ear,1,1,1,Bluetooth,29.0,278.0,0,0,0,0,1,5000000,5000000,Other,Bluetooth,17985.61151079137,172413.7931034483
cellphones,https://cellphones.com.vn/tai-nghe-bluetooth-xiaomi-redmi-buds-6-active.html,Tai nghe Bluetooth True Wireless Xiaomi Redmi Buds 6 Active,590.000đ,590000,Xiaomi,in-ear,0,1,1,Bluetooth,12.0,4.0,0,0,1,0,1,590000,590000,Xiaomi,Bluetooth,147500.0,49166.666666666664
cellphones,https://cellphones.com.vn/tai-nghe-chup-tai-gaming-asus-cerberus-v2.html,Tai nghe chụp tai Gaming Asus Ceberus V2,1.090.000đ,1090000,Asus,over-ear,1,0,0,3.5mm,,309.0,0,0,1,0,0,1090000,1090000,Asus,3.5mm,3527.508090614887,
cellphones,https://cellphones.com.vn/tai-nghe-chup-tai-motorola-pulse-bass-200.html,Tai nghe chụp tai Motorola Pulse Bass 200 (Có dây),420.000đ,420000,Hãng Khác,over-ear,0,0,1,3.5mm,,242.0,0,0,1,0,0,420000,420000,Other,3.5mm,1735.5371900826447,
cellphones,https://cellphones.com.vn/tai-nghe-chup-tai-sennheiser-hd-458bt.html,Tai nghe chụp tai Sennheiser HD 458T,5.599.000đ,5599000,Sennheiser,over-ear,0,0,0,3.5mm,,238.0,0,1,0,0,0,5599000,5599000,Sennheiser,3.5mm,23525.210084033613,
cellphones,https://cellphones.com.vn/tai-nghe-chup-tai-cowin-e7.html,Tai nghe chụp tai Bluetooth chống ồn chủ động Cowin E7,1.900.000đ,1900000,Cowin,over-ear,0,1,0,Bluetooth,7.0,281.0,0,0,0,1,1,1900000,1900000,Other,Bluetooth,6761.5658362989325,271428.5714285714
cellphones,https://cellphones.com.vn/tai-nghe-chup-tai-gaming-logitech-g331.html,Tai nghe chụp tai Logitech G331,1.699.000đ,1699000,Logitech,over-ear,0,0,0,3.5mm,,259.0,0,0,1,0,0,1699000,1699000,Other,3.5mm,6559.84555984556,
cellphones,https://cellphones.com.vn/tai-nghe-khong-day-anker-soundcore-r50i-nc.html,Tai nghe Bluetooth True Wireless Anker Soundcore R50I NC,480.000đ,480000,Anker,in-ear,0,1,0,Bluetooth,10.0,5.0,0,0,0,0,1,480000,480000,Other,Bluetooth,96000.0,48000.0
cellphones,https://cellphones.com.vn/tai-nghe-chup-tai-sennheiser-hd-400s.html,Tai nghe chụp tai Sennheiser HD 400S,1.190.000đ,1190000,Sennheiser,over-ear,0,0,1,3.5mm,,217.0,0,0,1,0,0,1190000,1190000,Sennheiser,3.5mm,5483.870967741936,
cellphones,https://cellphones.com.vn/tai-nghe-chup-tai-gaming-sony-inzone-h7.html,Tai nghe chụp tai Gaming Sony Inzone H7,3.990.000đ,3990000,Sony,over-ear,1,0,1,3.5mm,,325.0,0,1,0,0,0,3990000,3990000,Sony,3.5mm,12276.923076923076,
cellphones,https://cellphones.com.vn/tai-nghe-jbl-quantum-400.html,Tai nghe chụp tai Gaming JBL Quantum 400,2.490.000đ,2490000,Jbl,over-ear,1,0,1,3.5mm,,274.0,0,1,1,0,0,2490000,2490000,Jbl,3.5mm,9087.591240875912,
cellphones,https://cellphones.com.vn/tai-nghe-bluetooth-xiaomi-redmi-buds-6-play.html,Tai nghe Bluetooth True Wireless Xiaomi Redmi Buds 6 Play,340.000đ,340000,Xiaomi,in-ear,0,1,1,Bluetooth,12.0,5.3,0,0,1,0,1,340000,340000,Xiaomi,Bluetooth,64150.943396226416,28333.333333333332
cellphones,https://cellphones.com.vn/tai-nghe-khong-day-jbl-live-pro-2.html,Tai nghe Bluetooth True Wireless JBL Live Pro 2,3.990.000đ,3990000,Jbl,in-ear,0,1,1,Bluetooth,30.0,4.8,0,0,0,0,1,3990000,3990000,Jbl,Bluetooth,831250.0,133000.0
cellphones,https://cellphones.com.vn/tai-nghe-chup-tai-cowin-e7-max-bluetooth-chong-on.html,Tai nghe chụp tai Bluetooth Cowin E7 Max chống ồn,1.900.000đ,1900000,Cowin,over-ear,0,1,0,Bluetooth,28.0,385.0,0,0,1,0,1,1900000,1900000,Other,Bluetooth,4935.064935064935,67857.14285714286
cellphones,https://cellphones.com.vn/tai-nghe-gaming-havit-h2016d.html,Tai nghe chụp tai có dây Gaming Havit H2016D,450.000đ,450000,Havit,over-ear,1,0,1,3.5mm,,207.0,0,1,1,0,0,450000,450000,Havit,3.5mm,2173.913043478261,
cellphones,https://cellphones.com.vn/tai-nghe-chup-tai-sennheiser-accentum-plus.html,Tai nghe Bluetooth chụp tai Sennheiser ACCENTUM Plus,5.000.000đ,5000000,Sennheiser,over-ear,0,1,1,Bluetooth,50.0,222.0,0,0,0,0,1,5000000,5000000,Sennheiser,Bluetooth,22522.522522522522,100000.0
cellphones,https://cellphones.com.vn/tai-nghe-gaming-havit-h2008d.html,Tai nghe chụp tai có dây Gaming Havit H2008D,740.000đ,740000,Havit,over-ear,1,0,1,3.5mm,,207.0,0,0,1,0,0,740000,740000,Havit,3.5mm,3574.8792270531403,
cellphones,https://cellphones.com.vn/tai-nghe-chup-tai-baseus-h1-pro.html,Tai nghe Bluetooth chụp tai Baseus H1 Pro,1.190.000đ,1190000,Baseus,over-ear,0,1,1,Bluetooth,80.0,265.0,0,0,0,0,1,1190000,1190000,Baseus,Bluetooth,4490.566037735849,14875.0
cellphones,https://cellphones.com.vn/tai-nghe-khong-day-jbl-tune-buds-2.html,Tai nghe Bluetooth True Wireless JBL Tune Buds 2,2.690.000đ,2690000,Jbl,in-ear,0,1,1,Bluetooth,36.0,5.5,0,0,0,0,1,2690000,2690000,Jbl,Bluetooth,489090.9090909091,74722.22222222222
cellphones,https://cellphones.com.vn/tai-nghe-khong-day-anker-soundcore-r50i-a3949.html,Tai nghe Bluetooth True Wireless Anker Soundcore R50i A3949,525.000đ,525000,Anker,in-ear,0,1,1,Bluetooth,30.0,45.36,0,0,0,0,1,525000,525000,Other,Bluetooth,11574.074074074075,17500.0
cellphones,https://cellphones.com.vn/tai-nghe-bluetooth-bose-quietcomfort-ultra-earbuds-2.html,Tai nghe Bluetooth True Wireless Bose Quietcomfort Ultra Earbuds 2,7.490.000đ,7490000,Bose,in-ear,0,1,1,Bluetooth,6.0,6.0,0,0,0,0,1,7490000,7490000,Other,Bluetooth,1248333.3333333333,1248333.3333333333
cellphones,https://cellphones.com.vn/tai-nghe-khong-day-jbl-wave-beam.html,Tai nghe Bluetooth True Wireless JBL Wave Beam,1.490.000đ,1490000,Jbl,in-ear,0,1,1,Bluetooth,24.0,8.8,0,0,0,0,1,1490000,1490000,Jbl,Bluetooth,169318.1818181818,62083.333333333336
cellphones,https://cellphones.com.vn/tai-nghe-gaming-co-day-dareu-eh406.html,Tai nghe chụp tai Gaming có dây DareU EH406,219.000đ,219000,Dareu,over-ear,1,0,1,USB-A,,280.0,0,1,1,0,0,219000,219000,Other,USB-A,782.1428571428571,
cellphones,https://cellphones.com.vn/tai-nghe-chong-on-jbl-t600btnc.html,Tai nghe chụp tai JBL T600BTNC,1.800.000đ,1800000,Jbl,over-ear,0,0,0,3.5mm,,219.5,0,1,1,0,0,1800000,1800000,Jbl,3.5mm,8200.455580865604,
cellphones,https://cellphones.com.vn/tai-nghe-samsung-galaxy-buds-3-pro.html,Tai nghe Bluetooth True Wireless Samsung Galaxy Buds 3 Pro,5.400.000đ,5400000,Samsung,in-ear,0,1,1,Bluetooth,18.0,5.4,0,0,1,0,1,5400000,5400000,Other,Bluetooth,999999.9999999999,300000.0
cellphones,https://cellphones.com.vn/tai-nghe-khong-day-huawei-freebuds-se-2.html,Tai nghe Bluetooth True Wireless Huawei FreeBuds SE 2,790.000đ,790000,Huawei,in-ear,0,1,1,Bluetooth,2.0,5.4,0,0,0,1,1,790000,790000,Other,Bluetooth,146296.2962962963,395000.0
cellphones,https://cellphones.com.vn/tai-nghe-bluetooth-samsung-galaxy-buds-core.html,Tai nghe Bluetooth Samsung Galaxy Buds Core (ANC),1.190.000đ,1190000,Samsung,in-ear,0,1,0,Type C+Bluetooth,8.0,5.3,0,0,0,0,1,1190000,1190000,Other,Type C+Bluetooth,224528.30188679247,148750.0
cellphones,https://cellphones.com.vn/tai-nghe-bluetooth-marshall-minor-4.html,Tai nghe Bluetooth True Wireless Marshall Minor IV,3.390.000đ,3390000,Marshall,in-ear,0,1,1,Bluetooth,30.0,7.39,0,0,0,0,1,3390000,3390000,Other,Bluetooth,458728.0108254398,113000.0
cellphones,https://cellphones.com.vn/tai-nghe-bluetooth-true-wireless-huawei-freebuds-se-4.html,Tai nghe Bluetooth True Wireless Huawei Freebuds SE 4 (ANC),990.000đ,990000,Huawei,in-ear,0,1,1,Bluetooth,50.0,4.3,0,0,0,0,1,990000,990000,Other,Bluetooth,230232.5581395349,19800.0
cellphones,https://cellphones.com.vn/tai-nghe-khong-day-xiaomi-redmi-buds-6.html,Tai nghe không dây Xiaomi Redmi Buds 6,1.490.000đ,1490000,Xiaomi,in-ear,0,1,0,Bluetooth,6.0,5.0,0,0,0,0,1,1490000,1490000,Xiaomi,Bluetooth,298000.0,248333.33333333334
cellphones,https://cellphones.com.vn/tai-nghe-bluetooth-chup-tai-akg-y500.html,Tai nghe Bluetooth chụp tai AKG Y500,3.990.000đ,3990000,Hãng Khác,over-ear,0,1,0,Bluetooth,15.0,230.0,0,0,1,0,1,3990000,3990000,Other,Bluetooth,17347.82608695652,266000.0
cellphones,https://cellphones.com.vn/tai-nghe-chup-tai-sony-wh-xb910n.html,Tai nghe chụp tai WH-XB910N,4.590.000đ,4590000,Sony,over-ear,0,0,0,3.5mm,,252.0,0,1,0,0,0,4590000,4590000,Sony,3.5mm,18214.285714285714,
cellphones,https://cellphones.com.vn/tai-nghe-chup-tai-jbl-junior-320bt.html,Tai nghe Bluetooth chụp tai JBL Junior 320BT,5.000.000đ,5000000,Jbl,over-ear,0,1,0,Bluetooth,57.0,219.5,0,0,0,0,1,5000000,5000000,Jbl,Bluetooth,22779.04328018223,87719.29824561403
cellphones,https://cellphones.com.vn/tai-nghe-khong-day-sony-wf-1000xm5.html,Tai nghe Bluetooth True Wireless Sony WF-1000XM5,6.990.000đ,6990000,Sony,in-ear,0,1,1,Bluetooth,12.0,5.9,0,0,0,0,1,6990000,6990000,Sony,Bluetooth,1184745.7627118644,582500.0
cellphones,https://cellphones.com.vn/tai-nghe-chup-tai-logitech-zone-vibe-100.html,Tai nghe Bluetooth chụp tai Gaming Logitech Zone Vibe 100,5.000.000đ,5000000,Logitech,over-ear,1,1,1,Bluetooth,20.0,185.0,0,0,0,0,1,5000000,5000000,Other,Bluetooth,27027.027027027027,250000.0
cellphones,https://cellphones.com.vn/tai-nghe-khong-day-jbl-tune-beam-2.html,Tai nghe không dây JBL Tune Beam 2,2.345.000đ,2345000,Jbl,in-ear,0,1,0,Bluetooth,2.0,5.2,0,0,0,0,1,2345000,2345000,Jbl,Bluetooth,450961.53846153844,1172500.0
cellphones,https://cellphones.com.vn/tai-nghe-bluetooth-samsung-galaxy-buds-3-pro-kich-hoat-online.html,Tai nghe Bluetooth Samsung Galaxy Buds 3 Pro - Đã kích hoạt online - Hàng mới nguyên seal,5.400.000đ,5400000,Samsung,in-ear,0,1,1,Bluetooth,18.0,5.4,0,0,1,0,1,5400000,5400000,Other,Bluetooth,999999.9999999999,300000.0
cellphones,https://cellphones.com.vn/tai-nghe-khong-day-xiaomi-redmi-buds-6-pro.html,Tai nghe không dây Xiaomi Redmi Buds 6 Pro,2.490.000đ,2490000,Xiaomi,in-ear,0,1,0,Bluetooth,9.0,5.2,0,0,0,0,1,2490000,2490000,Xiaomi,Bluetooth,478846.1538461538,276666.6666666667
cellphones,https://cellphones.com.vn/tai-nghe-khong-day-jbl-wave-flex.html,Tai nghe Bluetooth True Wireless JBL Wave Flex,5.000.000đ,5000000,Jbl,in-ear,0,1,1,Bluetooth,24.0,7.6,0,0,0,0,1,5000000,5000000,Jbl,Bluetooth,657894.7368421053,208333.33333333334
cellphones,https://cellphones.com.vn/tai-nghe-bluetooth-sony-wf-c510.html,Tai nghe Bluetooth True Wireless Sony WF-C510,1.690.000đ,1690000,Sony,over-ear,0,1,0,Bluetooth,11.0,139.5,1,0,0,1,1,1690000,1690000,Sony,Bluetooth,12114.695340501792,153636.36363636365
cellphones,https://cellphones.com.vn/tai-nghe-khong-day-chup-tai-soundpeats-space-3-pro.html,Tai nghe Bluetooth chụp tai SoundPEATS Space 3 Pro,5.000.000đ,5000000,Soundpeats,over-ear,0,1,0,Bluetooth,24.0,266.0,0,0,1,0,1,5000000,5000000,Soundpeats,Bluetooth,18796.992481203008,208333.33333333334
cellphones,https://cellphones.com.vn/tai-nghe-bluetooth-true-wireless-baseus-bass-bs-2-lite.html,Tai nghe Bluetooth True Wireless Baseus Bass BS2 Lite,390.000đ,390000,Baseus,in-ear,0,1,0,Bluetooth,6.0,42.0,0,0,0,1,1,390000,390000,Baseus,Bluetooth,9285.714285714286,65000.0
cellphones,https://cellphones.com.vn/tai-nghe-bluetooth-soundpeats-t3-pro.html,Tai nghe Bluetooth True Wireless SoundPeats T3 Pro (ANC),500.000đ,500000,Soundpeats,in-ear,0,1,1,Bluetooth,24.0,140.0,0,0,1,0,1,500000,500000,Soundpeats,Bluetooth,3571.4285714285716,20833.333333333332
cellphones,https://cellphones.com.vn/tai-nghe-khong-day-beats-solo-buds.html,Tai nghe Bluetooth True Wireless Beats Solo Buds,1.990.000đ,1990000,Apple,in-ear,0,1,0,Bluetooth,27.0,26.299999999999997,0,0,1,1,1,1990000,1990000,Other,Bluetooth,75665.39923954374,73703.70370370371
cellphones,https://cellphones.com.vn/tai-nghe-chup-tai-jbl-live-460nc.html,Tai nghe Bluetooth chụp tai JBL Tune 460NC,2.990.000đ,2990000,Jbl,over-ear,0,1,1,3.5mm+Bluetooth,50.0,210.0,0,0,0,0,1,2990000,2990000,Jbl,3.5mm+Bluetooth,14238.095238095239,59800.0
cellphones,https://cellphones.com.vn/tai-nghe-bluetooth-anker-soundcore-liberty-4.html,Tai nghe không dây chống ồn Anker Soundcore Liberty 4 NC (A3947),2.390.000đ,2390000,Anker,in-ear,0,1,0,Bluetooth,10.0,12.23,0,0,0,1,1,2390000,2390000,Other,Bluetooth,195421.0956663941,239000.0
cellphones,https://cellphones.com.vn/tai-nghe-chup-tai-sennheiser-hd-600.html,Tai nghe chụp tai Sennheiser HD 600,7.990.000đ,7900000,Sennheiser,over-ear,0,0,0,3.5mm,,260.0,0,0,1,0,0,7900000,7990000,Sennheiser,3.5mm,30384.615384615383,
cellphones,https://cellphones.com.vn/tai-nghe-gaming-co-day-hyperx-cloud-alpha-2.html,Tai nghe chụp tai Gaming HyperX Cloud Alpha 2,5.000.000đ,5000000,Hyperx,over-ear,1,0,1,3.5mm,,345.0,0,1,0,0,0,5000000,5000000,Other,3.5mm,14492.753623188406,
cellphones,https://cellphones.com.vn/tai-nghe-bose-quietcomfort-earbuds.html,Tai nghe bluetooth Bose Quietcomfort Earbuds,4.400.000đ,4400000,Hãng Khác,in-ear,0,1,0,Bluetooth,31.0,8.5,0,0,0,0,1,4400000,4400000,Other,Bluetooth,517647.0588235294,141935.48387096773
cellphones,https://cellphones.com.vn/tai-nghe-khong-day-jbl-wave-beam-2.html,Tai nghe Bluetooth True Wireless JBL Wave Beam 2,1.360.000đ,1360000,Jbl,in-ear,0,1,0,Bluetooth,10.0,4.3,0,0,0,0,1,1360000,1360000,Jbl,Bluetooth,316279.0697674419,136000.0
cellphones,https://cellphones.com.vn/tai-nghe-bluetooth-edifier-t10.html,Tai nghe Bluetooth True Wireless Edifier T10,490.000đ,490000,Edifier,in-ear,0,1,1,Bluetooth,10.0,41.0,0,0,0,0,1,490000,490000,Edifier,Bluetooth,11951.219512195123,49000.0
cellphones,https://cellphones.com.vn/tai-nghe-chup-tai-ugreen-hitune-max-5c.html,Tai nghe Bluetooth chụp tai Ugreen Hitune Max 5C - HP203,690.000đ,690000,Ugreen,over-ear,0,1,0,Type C+Bluetooth,45.0,3.6,0,0,0,1,1,690000,690000,Other,Type C+Bluetooth,191666.66666666666,15333.333333333334
cellphones,https://cellphones.com.vn/tai-nghe-khong-day-sony-wf-c710n.html,Tai nghe Bluetooth True Wireless Sony WF-C710N,2.490.000đ,2490000,Sony,in-ear,0,1,0,Bluetooth,8.0,5.2,0,0,0,0,1,2490000,2490000,Sony,Bluetooth,478846.1538461538,311250.0
cellphones,https://cellphones.com.vn/tai-nghe-chup-tai-asus-rog-delta-gen-2.html,Tai nghe chụp tai ASUS ROG Delta Gen II,4.890.000đ,4890000,Asus,over-ear,0,0,1,3.5mm,,318.0,0,1,1,0,0,4890000,4890000,Asus,3.5mm,15377.358490566037,
cellphones,https://cellphones.com.vn/tai-nghe-chup-tai-logitech-zone-300.html,Tai nghe Bluetooth chụp tai Gaming Logitech ZONE 300,5.000.000đ,5000000,Logitech,over-ear,1,1,1,Bluetooth,20.0,122.0,0,0,0,0,1,5000000,5000000,Other,Bluetooth,40983.60655737705,250000.0
cellphones,https://cellphones.com.vn/tai-nghe-bluetooth-jbl-tune-beam.html,Tai nghe Bluetooth True Wireless JBL Tune Beam,2.490.000đ,2490000,Jbl,in-ear,0,1,1,Bluetooth,36.0,5.0,0,0,0,0,1,2490000,2490000,Jbl,Bluetooth,498000.0,69166.66666666667
cellphones,https://cellphones.com.vn/tai-nghe-bluetooth-jbl-tour-pro-3.html,Tai nghe Bluetooth True Wireless JBL Tour Pro 3,5.880.000đ,5880000,Jbl,in-ear,0,1,0,Bluetooth,3.0,71.8,0,0,0,0,1,5880000,5880000,Jbl,Bluetooth,81894.1504178273,1960000.0
cellphones,https://cellphones.com.vn/tai-nghe-co-day-dareu-eh930.html,Tai nghe chụp tai Gaming DareU EH930,930.000đ,930000,Dareu,over-ear,1,0,1,USB-A,,10.0,0,1,1,0,0,930000,930000,Other,USB-A,93000.0,
cellphones,https://cellphones.com.vn/tai-nghe-khong-day-anker-soundcore-liberty-5.html,Tai nghe Bluetooth True Wireless Anker Soundcore Liberty 5 (A3957),2.290.000đ,2290000,Anker,in-ear,0,1,0,Bluetooth,36.0,4.6,0,0,0,0,1,2290000,2290000,Other,Bluetooth,497826.0869565218,63611.11111111111
cellphones,https://cellphones.com.vn/tai-nghe-khong-day-soundpeats-air-4-pro.html,Tai nghe Bluetooth True Wireless SoundPEATS Air4 Pro,1.380.000đ,1380000,Soundpeats,in-ear,0,1,1,Bluetooth,24.0,6.1,0,0,1,1,1,1380000,1380000,Soundpeats,Bluetooth,226229.50819672132,57500.0
cellphones,https://cellphones.com.vn/tai-nghe-chup-tai-beats-studio-pro.html,Tai nghe Bluetooth chụp tai Beats Studio Pro,5.000.000đ,5000000,Hãng Khác,over-ear,0,1,0,Bluetooth,40.0,27.75,0,0,0,1,1,5000000,5000000,Other,Bluetooth,180180.18018018018,125000.0
cellphones,https://cellphones.com.vn/tai-nghe-gaming-khong-day-hyperx-cloud-3-s-wireless.html,Tai nghe chụp tai Gaming Hyperx Cloud 3 S Wireless,5.000.000đ,5000000,Hyperx,over-ear,1,1,1,Bluetooth,120.0,290.0,0,0,0,0,1,5000000,5000000,Other,Bluetooth,17241.379310344826,41666.666666666664
cellphones,https://cellphones.com.vn/tai-nghe-bluetooth-soundpeats-h3.html,Tai nghe Bluetooth True Wireless SoundPEATS H3,2.990.000đ,2990000,Soundpeats,in-ear,0,1,1,Bluetooth,3.0,6.13,0,0,0,0,1,2990000,2990000,Soundpeats,Bluetooth,487765.0897226754,996666.6666666666
cellphones,https://cellphones.com.vn/tai-nghe-bluetooth-baseus-bowie-e17.html,Tai nghe Bluetooth True Wireless Baseus Bowie E17,490.000đ,490000,Baseus,in-ear,0,1,1,Bluetooth,17.0,25.0,0,0,0,0,1,490000,490000,Baseus,Bluetooth,19600.0,28823.529411764706
cellphones,https://cellphones.com.vn/tai-nghe-khong-day-soundpeats-air-5.html,Tai nghe Bluetooth True Wireless SoundPeats Air 5,2.190.000đ,2190000,Soundpeats,in-ear,0,1,1,Bluetooth,5.0,147.25,0,0,0,0,1,2190000,2190000,Soundpeats,Bluetooth,14872.665534804753,438000.0
cellphones,https://cellphones.com.vn/tai-nghe-khong-day-soundpeats-capsule-3-pro-plus.html,Tai nghe Bluetooth True Wireless SoundPEATS Capsule 3 Pro Plus,2.190.000đ,2190000,Soundpeats,in-ear,0,1,1,Bluetooth,24.0,111.0,0,0,1,0,1,2190000,2190000,Soundpeats,Bluetooth,19729.72972972973,91250.0
cellphones,https://cellphones.com.vn/tai-nghe-khong-day-soundpeats-air-5-pro.html,Tai nghe Bluetooth True Wireless SoundPEATS Air 5 Pro,2.290.000đ,2290000,Soundpeats,in-ear,0,1,0,Bluetooth,7.0,4.8,0,0,0,0,1,2290000,2290000,Soundpeats,Bluetooth,477083.3333333334,327142.85714285716
cellphones,https://cellphones.com.vn/tai-nghe-khong-day-huawei-freebuds-6i.html,Tai nghe Bluetooth True Wireless Huawei Freebuds 6i,1.990.000đ,1990000,Huawei,in-ear,0,1,1,Bluetooth,8.0,5.4,0,0,1,1,1,1990000,1990000,Other,Bluetooth,368518.5185185185,248750.0
cellphones,https://cellphones.com.vn/tai-nghe-khong-day-qcy-airlybuds-lite.html,Tai nghe Bluetooth True Wireless QCY Ailybuds Lite (T29),450.000đ,450000,Qcy,in-ear,0,1,1,Bluetooth,40.0,3.9,0,0,1,0,1,450000,450000,Other,Bluetooth,115384.61538461539,11250.0
cellphones,https://cellphones.com.vn/tai-nghe-bluetooth-true-wireless-huawei-freebuds-7i.html,Tai nghe Bluetooth True Wireless Huawei Freebuds 7i,1.990.000đ,1990000,Huawei,in-ear,0,1,1,Bluetooth,8.0,5.4,0,0,1,0,1,1990000,1990000,Other,Bluetooth,368518.5185185185,248750.0
cellphones,https://cellphones.com.vn/tai-nghe-bluetooth-sennheiser-accentum-open.html,Tai nghe Bluetooth True Wireless Sennheiser Accentum Open,2.690.000đ,2690000,Sennheiser,in-ear,0,1,0,Bluetooth,30.0,4.35,0,0,1,0,1,2690000,2690000,Sennheiser,Bluetooth,618390.8045977012,89666.66666666667
cellphones,https://cellphones.com.vn/tai-nghe-bluetooth-true-wireless-havit-tw907-se.html,Tai nghe Bluetooth True Wireless Havit TW907 SE,590.000đ,590000,Havit,in-ear,0,1,1,Bluetooth,24.0,5.0,0,0,1,0,1,590000,590000,Havit,Bluetooth,118000.0,24583.333333333332
cellphones,https://cellphones.com.vn/tai-nghe-bluetooth-true-wireless-oppo-enco-buds-3.html,Tai nghe Bluetooth True Wireless OPPO Enco Buds3,890.000đ,890000,Oppo,in-ear,0,1,1,Bluetooth,3.0,3.8,0,0,0,0,1,890000,890000,Other,Bluetooth,234210.5263157895,296666.6666666667
cellphones,https://cellphones.com.vn/tai-nghe-bluetooth-sony-wi-c100.html,Tai nghe Bluetooth Sony WI-C100,650.000đ,650000,Sony,in-ear,0,1,0,USB-A+Bluetooth,25.0,20.0,0,0,0,0,1,650000,650000,Sony,USB-A+Bluetooth,32500.0,26000.0
cellphones,https://cellphones.com.vn/tai-nghe-bluetooth-true-wireless-oppo-enco-buds-3-pro.html,Tai nghe Bluetooth True Wireless OPPO Enco Buds3 Pro,970.000đ,970000,Oppo,in-ear,0,1,1,Bluetooth,28.0,4.3,0,0,1,0,1,970000,970000,Other,Bluetooth,225581.39534883722,34642.857142857145
cellphones,https://cellphones.com.vn/tai-nghe-bluetooth-powerbeat-pro.html,Tai nghe Bluetooth PowerBeats Pro,5.990.000đ,5990000,Apple,in-ear,0,1,1,Bluetooth,24.0,20.3,0,0,0,0,1,5990000,5990000,Other,Bluetooth,295073.89162561577,249583.33333333334
cellphones,https://cellphones.com.vn/tai-nghe-khong-day-soundpeats-air-4.html,Tai nghe Bluetooth True Wireless SoundPEATS Air 4,1.590.000đ,1590000,Soundpeats,in-ear,0,1,1,Bluetooth,4.0,4.0,0,0,0,0,1,1590000,1590000,Soundpeats,Bluetooth,397500.0,397500.0
cellphones,https://cellphones.com.vn/tai-nghe-khong-day-huawei-freebuds-5.html,Tai nghe Bluetooth True Wireless Huawei Freebuds 5,3.090.000đ,3090000,Huawei,in-ear,0,1,1,Bluetooth,30.0,5.4,0,0,0,0,1,3090000,3090000,Other,Bluetooth,572222.2222222221,103000.0
cellphones,https://cellphones.com.vn/tai-nghe-bluetooth-soundpeats-free-2-classic.html,Tai nghe Bluetooth True Wireless SoundPEATS Free2 Classic,690.000đ,690000,Soundpeats,in-ear,0,1,1,Bluetooth,24.0,4.06,0,0,0,0,1,690000,690000,Soundpeats,Bluetooth,169950.73891625617,28750.0
cellphones,https://cellphones.com.vn/tai-nghe-bluetooth-soundpeats-clear-pods.html,Tai nghe Bluetooth Soundpeats Clear Pods,790.000đ,790000,Soundpeats,in-ear,0,1,1,Bluetooth,24.0,44.0,0,0,1,0,1,790000,790000,Soundpeats,Bluetooth,17954.545454545456,32916.666666666664
cellphones,https://cellphones.com.vn/tai-nghe-bluetooth-nothing-ear-a.html,Tai nghe Bluetooth Nothing Ear (a),2.700.000đ,2700000,Nothing,in-ear,0,1,0,Bluetooth,25.0,4.8,0,0,1,0,1,2700000,2700000,Other,Bluetooth,562500.0,108000.0
cellphones,https://cellphones.com.vn/tai-nghe-khong-day-realme-buds-t300.html,Tai nghe Bluetooth True Wireless realme Buds T300,790.000đ,790000,Realme,in-ear,0,1,1,Bluetooth,40.0,4.1,0,0,0,0,1,790000,790000,Other,Bluetooth,192682.9268292683,19750.0
cellphones,https://cellphones.com.vn/tai-nghe-bluetooth-havit-life-04t-tw888.html,Tai nghe Bluetooth True Wireless Havit LIFE 04T TW888,280.000đ,280000,Havit,in-ear,0,1,1,Bluetooth,24.0,204.0,0,0,1,1,1,280000,280000,Havit,Bluetooth,1372.549019607843,11666.666666666666
cellphones,https://cellphones.com.vn/tai-nghe-bluetooth-edifier-w110t.html,Tai nghe Bluetooth Edifier W110T,490.000đ,490000,Edifier,in-ear,0,1,0,Bluetooth,26.0,3.6,0,0,0,0,1,490000,490000,Edifier,Bluetooth,136111.1111111111,18846.153846153848
cellphones,https://cellphones.com.vn/tai-nghe-the-thao-xiaomi-openwear-stereo-pro.html,Tai nghe Bluetooth thể thao Xiaomi OpenWear Stereo Pro,4.990.000đ,4990000,Xiaomi,in-ear,0,1,1,Bluetooth,12.0,9.7,0,0,1,0,1,4990000,4990000,Xiaomi,Bluetooth,514432.9896907217,415833.3333333333
cellphones,https://cellphones.com.vn/tai-nghe-khong-day-soundpeats-clip-1.html,Tai nghe Bluetooth thể thao SoundPEATS Clip 1,1.590.000đ,1590000,Soundpeats,in-ear,0,1,1,Bluetooth,32.0,5.0,0,0,0,0,1,1590000,1590000,Soundpeats,Bluetooth,318000.0,49687.5
cellphones,https://cellphones.com.vn/tai-nghe-bluetooth-edifier-x3-lite.html,Tai nghe Bluetooth True Wireless Edifier X3 Lite,650.000đ,650000,Edifier,in-ear,0,1,1,Bluetooth,200.0,4.0,0,0,0,0,1,650000,650000,Edifier,Bluetooth,162500.0,3250.0
cellphones,https://cellphones.com.vn/tai-nghe-chup-tai-edifier-wh700nb-pro.html,Tai nghe Bluetooth Edifier WH700NB Pro,1.399.000đ,1399000,Edifier,over-ear,0,1,1,Bluetooth,47.0,270.0,0,0,1,0,1,1399000,1399000,Edifier,Bluetooth,5181.481481481482,29765.957446808512
cellphones,https://cellphones.com.vn/tai-nghe-the-thao-anker-soundcore-aeroclip.html,Tai nghe Bluetooth thể thao Anker Soundcore Aeroclip (A3288),3.000.000đ,3000000,Anker,in-ear,0,1,0,Bluetooth,28.0,12.23,0,0,1,1,1,3000000,3000000,Other,Bluetooth,245298.44644317252,107142.85714285714
cellphones,https://cellphones.com.vn/tai-nghe-bluetooth-soundpeats-life.html,Tai nghe Bluetooth True Wireless SoundPEATS Life,1.390.000đ,1390000,Soundpeats,in-ear,0,1,1,Bluetooth,25.0,6.1,0,0,0,1,1,1390000,1390000,Soundpeats,Bluetooth,227868.8524590164,55600.0
cellphones,https://cellphones.com.vn/tai-nghe-bluetooth-havit-tw991-pro-anc.html,Tai nghe Bluetooth True Wireless Havit TW991 Pro (ANC),690.000đ,690000,Havit,in-ear,0,1,0,Bluetooth,7.0,204.0,0,0,0,1,1,690000,690000,Havit,Bluetooth,3382.3529411764707,98571.42857142857
cellphones,https://cellphones.com.vn/tai-nghe-bluetooth-havit-owsfit-02a.html,Tai nghe Bluetooth thể thao Havit OWSFIT 02A,776.000đ,776000,Havit,in-ear,0,1,1,Bluetooth,64.0,7.9,0,0,0,0,1,776000,776000,Havit,Bluetooth,98227.84810126582,12125.0
cellphones,https://cellphones.com.vn/tai-nghe-bluetooth-baseus-bowie-e20s.html,Tai nghe Bluetooth True Wireless Baseus Bowie E20s,350.000đ,350000,Baseus,in-ear,0,1,1,Bluetooth,32.0,4.1,0,0,0,0,1,350000,350000,Baseus,Bluetooth,85365.8536585366,10937.5
cellphones,https://cellphones.com.vn/tai-nghe-bluetooth-soundpeats-clear-dot.html,Tai nghe Bluetooth True Wireless SoundPeats Clear Dot,790.000đ,790000,Soundpeats,in-ear,0,1,1,Bluetooth,27.0,6.1,0,0,0,1,1,790000,790000,Soundpeats,Bluetooth,129508.19672131148,29259.25925925926
cellphones,https://cellphones.com.vn/tai-nghe-bluetooth-havit-tw917-pro.html,Tai nghe Bluetooth True Wireless Havit TW917 Pro,650.000đ,650000,Havit,in-ear,0,1,1,Bluetooth,24.0,3.8,0,0,1,0,1,650000,650000,Havit,Bluetooth,171052.6315789474,27083.333333333332
cellphones,https://cellphones.com.vn/tai-nghe-bluetooth-havit-tw981.html,Tai nghe Bluetooth True Wireless Havit TW981,240.000đ,240000,Havit,in-ear,0,1,1,Bluetooth,5.0,3.68,0,0,0,0,1,240000,240000,Havit,Bluetooth,65217.391304347824,48000.0
cellphones,https://cellphones.com.vn/tai-nghe-khong-day-soundpeats-air-5-pro-plus.html,Tai nghe Bluetooth True Wireless SoundPEATS Air 5 Pro+,2.590.000đ,2590000,Soundpeats,in-ear,0,1,0,Type C+Bluetooth,30.0,5.04,0,0,0,0,1,2590000,2590000,Soundpeats,Type C+Bluetooth,513888.8888888889,86333.33333333333
cellphones,https://cellphones.com.vn/tai-nghe-khong-day-soundpeats-opera-05.html,Tai nghe Bluetooth True Wireless SoundPEATS Opera 05,2.190.000đ,2190000,Soundpeats,in-ear,0,1,1,Bluetooth,5.0,7.3,0,0,0,0,1,2190000,2190000,Soundpeats,Bluetooth,300000.0,438000.0
cellphones,https://cellphones.com.vn/tai-nghe-khong-day-sony-float-run.html,Tai nghe Bluetooth thể thao Sony Float Run WI-OE610,2.490.000đ,2490000,Sony,in-ear,0,1,1,Bluetooth,10.0,33.0,0,0,0,0,1,2490000,2490000,Sony,Bluetooth,75454.54545454546,249000.0
cellphones,https://cellphones.com.vn/tai-nghe-bluetooth-earfun-clip-anc.html,Tai nghe Bluetooth Open Ear Earfun Clip,1.990.001đ,1990001,Earfun,in-ear,0,1,0,Type C+Bluetooth,40.0,49.2,0,0,0,0,1,1990001,1990001,Other,Type C+Bluetooth,40447.17479674797,49750.025
cellphones,https://cellphones.com.vn/tai-nghe-bluetooth-nothing-ear.html,Tai nghe Bluetooth Nothing Ear,6.200.000đ,6200000,Hãng Khác,in-ear,0,1,0,Bluetooth,15.0,4.62,0,0,1,0,1,6200000,6200000,Other,Bluetooth,1341991.341991342,413333.3333333333
cellphones,https://cellphones.com.vn/tai-nghe-bluetooth-earfun-air-pro-3.html,Tai nghe Bluetooth True Wireless EarFun Air Pro 3,2.390.000đ,2390000,Earfun,in-ear,0,1,1,Bluetooth,36.0,52.0,0,0,0,0,1,2390000,2390000,Other,Bluetooth,45961.53846153846,66388.88888888889
cellphones,https://cellphones.com.vn/tai-nghe-bluetooth-oppo-enco-air-3i.html,Tai nghe Bluetooth True Wireless OPPO Enco Air3i,1.090.000đ,1090000,Oppo,in-ear,0,1,1,Bluetooth,35.0,3.7,0,0,0,0,1,1090000,1090000,Other,Bluetooth,294594.59459459456,31142.85714285714
cellphones,https://cellphones.com.vn/tai-nghe-khong-day-jbl-soundgear-sense.html,Tai nghe Bluetooth thể thao JBL Soundgear Sense,3.990.000đ,3990000,Jbl,in-ear,0,1,1,Bluetooth,18.0,13.1,0,0,0,0,1,3990000,3990000,Jbl,Bluetooth,304580.15267175576,221666.66666666666
cellphones,https://cellphones.com.vn/tai-nghe-bluetooth-sennheiser-accentum-true-wireless.html,Tai nghe Bluetooth chống ồn SENNHEISER Accentum True Wireless,5.990.000đ,5990000,Sennheiser,over-ear,0,1,1,Bluetooth,20.0,229.5,1,0,0,1,1,5990000,5990000,Sennheiser,Bluetooth,26100.217864923747,299500.0
cellphones,https://cellphones.com.vn/tai-nghe-bluetooth-earfun-air-2.html,Tai nghe Bluetooth True Wireless EarFun Air 2,1.190.000đ,1190000,Earfun,in-ear,0,1,1,Bluetooth,31.0,45.0,0,0,0,0,1,1190000,1190000,Other,Bluetooth,26444.444444444445,38387.096774193546
cellphones,https://cellphones.com.vn/tai-nghe-khong-day-edifier-neobuds-pro-2.html,Tai nghe Bluetooth True Wireless Edifier NeoBuds Pro 2,3.150.000đ,3150000,Edifier,in-ear,0,1,1,Bluetooth,200.0,5.6,0,0,0,0,1,3150000,3150000,Edifier,Bluetooth,562500.0,15750.0
cellphones,https://cellphones.com.vn/tai-nghe-bluetooth-true-wireless-bowers-wilkins-pi6.html,Tai nghe Bluetooth True Wireless Bowers & Wilkins Pi6,7.755.000đ,7755000,Bowers & Wilkins,in-ear,0,1,1,Bluetooth,16.0,7.0,0,0,0,0,1,7755000,7755000,Other,Bluetooth,1107857.142857143,484687.5
cellphones,https://cellphones.com.vn/tai-nghe-bluetooth-edifier-neobuds-pro-3.html,Tai nghe Bluetooth True Wireless Edifier NeoBuds Pro 3,3.500.000đ,3500000,Edifier,over-ear,0,1,0,Bluetooth,3.0,220.0,1,0,0,1,1,3500000,3500000,Edifier,Bluetooth,15909.09090909091,1166666.6666666667
cellphones,https://cellphones.com.vn/tai-nghe-chup-tai-earfun-wave-pro.html,Tai nghe Bluetooth True Wireless EarFun Wave Pro,1.990.000đ,1990000,Earfun,over-ear,0,1,1,Bluetooth,80.0,268.0,0,0,0,0,1,1990000,1990000,Other,Bluetooth,7425.373134328358,24875.0
cellphones,https://cellphones.com.vn/tai-nghe-bluetooth-trusmi-ws02.html,Tai nghe Bluetooth True Wireless Trusmi WS02,290.000đ,290000,Trusmi,in-ear,0,1,1,Bluetooth,200.0,3.0,1,0,0,1,1,290000,290000,Other,Bluetooth,96666.66666666667,1450.0
cellphones,https://cellphones.com.vn/tai-nghe-khong-day-edifier-lolliclip.html,Tai nghe Bluetooth thể thao Edifier Lolliclip,3.300.000đ,3300000,Edifier,in-ear,0,1,1,Bluetooth,39.0,7.0,0,0,0,0,1,3300000,3300000,Edifier,Bluetooth,471428.5714285714,84615.38461538461
cellphones,https://cellphones.com.vn/tai-nghe-bluetooth-trusmi-ws09.html,Tai nghe Bluetooth True Wireless Trusmi WS09,500.000đ,500000,Trusmi,in-ear,0,1,1,Bluetooth,35.0,3.0,1,0,0,1,1,500000,500000,Other,Bluetooth,166666.66666666666,14285.714285714286
cellphones,https://cellphones.com.vn/tai-nghe-khong-day-nokia-e3500.html,Tai nghe Bluetooth True Wireless Nokia E3500,990.000đ,990000,Nokia,in-ear,0,1,1,Bluetooth,25.0,5.0,0,0,0,0,1,990000,990000,Other,Bluetooth,198000.0,39600.0
cellphones,https://cellphones.com.vn/tai-nghe-bluetooth-riversong-airfly-t1.html,Tai nghe Bluetooth True Wireless Riversong Airfly T1,980.000đ,980000,Hãng Khác,in-ear,0,1,1,Bluetooth,30.0,27.75,0,0,0,1,1,980000,980000,Other,Bluetooth,35315.31531531532,32666.666666666668
cellphones,https://cellphones.com.vn/tai-nghe-bluetooth-alpha-works-curve-100.html,Tai nghe Bluetooth True Wireless Alpha Works Curve 100,390.000đ,390000,Alpha Works,in-ear,0,1,0,Type C+Bluetooth,16.0,33.0,0,0,0,0,1,390000,390000,Other,Type C+Bluetooth,11818.181818181818,24375.0
cellphones,https://cellphones.com.vn/tai-nghe-khong-day-nakamichi-hue-tulip.html,Tai nghe Bluetooth True Wireless NAKAMICHI Hue-Tulip,590.000đ,590000,Nakamichi,in-ear,0,1,1,Bluetooth,200.0,3.5,0,0,0,0,1,590000,590000,Other,Bluetooth,168571.42857142858,2950.0
cellphones,https://cellphones.com.vn/tai-nghe-bluetooth-ugreen-t6.html,Tai nghe Bluetooth True Wireless Ugreen Hitune T6 - WS200,1.290.000đ,1290000,Ugreen,in-ear,0,1,1,Bluetooth,200.0,3.6,0,0,0,0,1,1290000,1290000,Other,Bluetooth,358333.3333333333,6450.0
cellphones,https://cellphones.com.vn/tai-nghe-khong-day-havit-tw929.html,Tai nghe Bluetooth True Wireless Havit TW929,700.000đ,700000,Havit,in-ear,0,1,1,Bluetooth,40.0,204.0,0,0,0,1,1,700000,700000,Havit,Bluetooth,3431.372549019608,17500.0
cellphones,https://cellphones.com.vn/tai-nghe-bluetooth-earfun-air-2-nc.html,Tai nghe Bluetooth EarFun Air 2 NC,1.490.000đ,1490000,Earfun,in-ear,0,1,1,Bluetooth,36.0,48.0,0,0,1,0,1,1490000,1490000,Other,Bluetooth,31041.666666666668,41388.88888888889
cellphones,https://cellphones.com.vn/tai-nghe-bluetooth-baseus-bowie-m2.html,Tai nghe Bluetooth True Wireless Baseus Bowie M2,750.000đ,750000,Baseus,in-ear,0,1,1,Bluetooth,2.0,42.0,0,0,0,1,1,750000,750000,Baseus,Bluetooth,17857.14285714286,375000.0
cellphones,https://cellphones.com.vn/tai-nghe-khong-day-marshall-motif-ii-anc.html,Tai nghe Bluetooth True Wireless Marshall Motif II ANC,5.400.000đ,5400000,Marshall,in-ear,0,1,1,Bluetooth,43.0,4.25,0,0,0,0,1,5400000,5400000,Other,Bluetooth,1270588.2352941176,125581.3953488372
cellphones,https://cellphones.com.vn/tai-nghe-bluetooth-true-wireless-havit-tw976.html,Tai nghe Bluetooth True Wireless Havit TW976,280.000đ,280000,Havit,in-ear,0,1,1,Bluetooth,25.0,204.0,0,0,0,1,1,280000,280000,Havit,Bluetooth,1372.549019607843,11200.0
cellphones,https://cellphones.com.vn/tai-nghe-bluetooth-powerbeats-pro-2.html,Tai nghe Bluetooth Powerbeats Pro 2,6.490.000đ,6490000,Apple,in-ear,0,1,1,Bluetooth,45.0,8.7,0,0,0,0,1,6490000,6490000,Other,Bluetooth,745977.011494253,144222.22222222222
cellphones,https://cellphones.com.vn/tai-nghe-bluetooth-jbl-wave-buds.html,Tai nghe Bluetooth True Wireless JBL Wave Buds,1.490.000đ,1490000,Jbl,in-ear,0,1,1,Bluetooth,32.0,9.0,0,0,0,0,1,1490000,1490000,Jbl,Bluetooth,165555.55555555556,46562.5
cellphones,https://cellphones.com.vn/tai-nghe-khong-day-havit-tw-931.html,Tai nghe Bluetooth True Wireless Havit 931,390.000đ,390000,Havit,in-ear,0,1,1,Bluetooth,6.0,5.5,0,0,0,0,1,390000,390000,Havit,Bluetooth,70909.09090909091,65000.0
cellphones,https://cellphones.com.vn/tai-nghe-bluetooth-earfun-air-life.html,Tai nghe Bluetooth True Wireless EarFun Air Life,590.000đ,590000,Earfun,in-ear,0,1,1,Bluetooth,35.0,49.2,0,0,0,1,1,590000,590000,Other,Bluetooth,11991.869918699187,16857.14285714286
cellphones,https://cellphones.com.vn/tai-nghe-bluetooth-jbl-tune-flex.html,Tai nghe Bluetooth True Wireless JBL Tune Flex,1.990.000đ,1990000,Jbl,in-ear,0,1,0,Bluetooth,24.0,9.6,0,0,0,0,1,1990000,1990000,Jbl,Bluetooth,207291.6666666667,82916.66666666667
cellphones,https://cellphones.com.vn/tai-nghe-nhet-tai-soundpeats-c30.html,Tai nghe Bluetooth True Wireless SoundPEATS C30,790.000đ,790000,Soundpeats,in-ear,0,1,1,Bluetooth,30.0,4.6,0,0,0,0,1,790000,790000,Soundpeats,Bluetooth,171739.13043478262,26333.333333333332
cellphones,https://cellphones.com.vn/tai-nghe-khong-day-havit-tw982.html,Tai nghe Bluetooth True Wireless Havit 982,410.000đ,410000,Havit,in-ear,0,1,1,Bluetooth,25.0,3.9,0,0,0,0,1,410000,410000,Havit,Bluetooth,105128.20512820513,16400.0
cellphones,https://cellphones.com.vn/tai-nghe-bluetooth-jbl-live-beam-3.html,Tai nghe Bluetooth True Wireless JBL Live Beam 3,3.915.000đ,3915000,Jbl,in-ear,0,1,1,Bluetooth,3.0,5.0,0,0,0,0,1,3915000,3915000,Jbl,Bluetooth,783000.0,1305000.0
cellphones,https://cellphones.com.vn/tai-nghe-bluetooth-true-wireless-stargo-s10-pro-anc.html,Tai nghe Bluetooth True Wireless StarGO S10 Pro (ANC),490.000đ,490000,Stargo,over-ear,0,1,1,Bluetooth,19.5,24.0,0,0,1,1,1,490000,490000,Other,Bluetooth,20416.666666666668,25128.20512820513
cellphones,https://cellphones.com.vn/tai-nghe-bluetooth-stargo-hero.html,Tai nghe Bluetooth True Wireless StarGO Hero,550.000đ,550000,Stargo,over-ear,0,1,1,Bluetooth,24.0,24.0,0,0,0,1,1,550000,550000,Other,Bluetooth,22916.666666666668,22916.666666666668
cellphones,https://cellphones.com.vn/tai-nghe-khong-day-rog-cetra.html,Tai nghe Bluetooth True Wireless Gaming ROG Cetra,2.190.000đ,2190000,Asus,in-ear,1,1,1,Bluetooth,21.0,5.0,0,0,0,0,1,2190000,2190000,Asus,Bluetooth,438000.0,104285.71428571429
cellphones,https://cellphones.com.vn/tai-nghe-khong-day-soundpeats-clear.html,Tai nghe Bluetooth True Wireless SoundPEATS Clear,750.000đ,750000,Soundpeats,in-ear,0,1,1,Bluetooth,24.0,4.2,0,0,1,0,1,750000,750000,Soundpeats,Bluetooth,178571.42857142855,31250.0
cellphones,https://cellphones.com.vn/tai-nghe-bluetooth-true-wireless-baseus-bass-bs1-nc.html,Tai nghe Bluetooth True Wireless Baseus Bass BS1 NC,890.000đ,890000,Baseus,in-ear,0,1,1,Bluetooth,30.0,42.0,0,0,1,1,1,890000,890000,Baseus,Bluetooth,21190.47619047619,29666.666666666668
cellphones,https://cellphones.com.vn/tai-nghe-bluetooth-trusmi-ws04.html,Tai nghe Bluetooth True Wireless Trusmi WS04,210.000đ,210000,Trusmi,in-ear,0,1,1,Bluetooth,4.0,3.0,1,0,0,1,1,210000,210000,Other,Bluetooth,70000.0,52500.0
cellphones,https://cellphones.com.vn/tai-nghe-khong-day-qcy-melobuds-neo.html,Tai nghe Bluetooth True Wireless QCY MeloBuds Neo,680.000đ,680000,Qcy,in-ear,0,1,0,Bluetooth,40.0,6.55,0,0,1,1,1,680000,680000,Other,Bluetooth,103816.79389312977,17000.0
cellphones,https://cellphones.com.vn/tai-nghe-bluetooth-earfun-air-pro-4.html,Tai nghe Bluetooth True Wireless EarFun Air Pro 4,2.590.000đ,2590000,Earfun,in-ear,0,1,1,Bluetooth,41.0,49.2,0,0,0,1,1,2590000,2590000,Other,Bluetooth,52642.276422764226,63170.73170731707
cellphones,https://cellphones.com.vn/tai-nghe-bluetooth-edifier-x2s.html,Tai nghe Bluetooth True Wireless Edifier X2S,483.000đ,483000,Edifier,in-ear,0,1,1,Bluetooth,200.0,54.0,0,0,0,0,1,483000,483000,Edifier,Bluetooth,8944.444444444445,2415.0
cellphones,https://cellphones.com.vn/tai-nghe-khong-day-soundpeats-air-5-lite.html,Tai nghe không dây SoundPeats Air 5 Lite,1.290.000đ,1290000,Soundpeats,in-ear,0,1,0,Bluetooth,24.0,44.09,0,0,1,0,1,1290000,1290000,Soundpeats,Bluetooth,29258.335223406666,53750.0
cellphones,https://cellphones.com.vn/tai-nghe-asus-rog-cetra-tws-speednova.html,Tai nghe Bluetooth True Wireless Gaming Asus Rog Cetra SpeedNova,4.990.000đ,4990000,Asus,in-ear,1,1,1,Bluetooth,34.0,297.0,0,0,0,1,1,4990000,4990000,Asus,Bluetooth,16801.3468013468,146764.70588235295
cellphones,https://cellphones.com.vn/tai-nghe-khong-day-qcy-t13.html,Tai nghe Bluetooth True Wireless QCY T13 ANC2 (HT09),690.000đ,690000,Qcy,in-ear,0,1,0,Bluetooth,40.0,6.55,0,0,1,1,1,690000,690000,Other,Bluetooth,105343.51145038169,17250.0
cellphones,https://cellphones.com.vn/tai-nghe-bluetooth-baseus-bowie-e18.html,Tai nghe Bluetooth True Wireless Baseus Bowie E18,490.000đ,490000,Baseus,in-ear,0,1,1,Bluetooth,18.0,42.0,0,0,0,1,1,490000,490000,Baseus,Bluetooth,11666.666666666666,27222.222222222223
cellphones,https://cellphones.com.vn/tai-nghe-khong-day-havit-tw967-pro.html,Tai nghe Bluetooth True Wireless Havit TW967 Pro,400.000đ,400000,Havit,in-ear,0,1,0,Bluetooth,24.0,204.0,0,0,1,1,1,400000,400000,Havit,Bluetooth,1960.7843137254902,16666.666666666668
cellphones,https://cellphones.com.vn/tai-nghe-khong-day-sony-linkbuds-open.html,Tai nghe Bluetooth True Wireless Sony Linkbuds Open (WF-L910),5.390.000đ,5390000,Sony,in-ear,0,1,1,Bluetooth,13.0,5.1,0,0,0,0,1,5390000,5390000,Sony,Bluetooth,1056862.7450980393,414615.3846153846
cellphones,https://cellphones.com.vn/tai-nghe-the-thao-anker-soundcore-aerofit-2.html,Tai nghe Bluetooth thể thao Anker Soundcore AeroFit 2 (A3874),2.500.000đ,2500000,Anker,in-ear,0,1,1,Bluetooth,42.0,12.23,0,0,0,1,1,2500000,2500000,Other,Bluetooth,204415.3720359771,59523.80952380953
cellphones,https://cellphones.com.vn/tai-nghe-bluetooth-baseus-bowie-e16.html,Tai nghe Bluetooth True Wireless Baseus Bowie E16,490.000đ,490000,Baseus,in-ear,0,1,0,Type C+Bluetooth,6.0,3.2,0,0,0,0,1,490000,490000,Baseus,Type C+Bluetooth,153125.0,81666.66666666667
cellphones,https://cellphones.com.vn/tai-nghe-bluetooth-stargo-tune.html,Tai nghe Bluetooth True Wireless StarGO Tune,270.000đ,270000,Stargo,over-ear,0,1,1,Bluetooth,19.5,24.0,0,0,1,1,1,270000,270000,Other,Bluetooth,11250.0,13846.153846153846
cellphones,https://cellphones.com.vn/tai-nghe-khong-day-shokz-openfit.html,Tai nghe Bluetooth thể thao Shokz OpenFit,4.990.000đ,4990000,Shokz,in-ear,0,1,1,Bluetooth,9.0,8.3,0,0,1,0,1,4990000,4990000,Other,Bluetooth,601204.8192771084,554444.4444444445
cellphones,https://cellphones.com.vn/tai-nghe-khong-day-havit-tw-947.html,Tai nghe Bluetooth True Wireless Havit TW947,590.000đ,590000,Havit,in-ear,0,1,1,Bluetooth,30.0,204.0,0,0,0,1,1,590000,590000,Havit,Bluetooth,2892.156862745098,19666.666666666668
cellphones,https://cellphones.com.vn/tai-nghe-bluetooth-havit-tw992.html,Tai nghe Bluetooth True Wireless Havit TW992,430.000đ,430000,Havit,in-ear,0,1,1,Bluetooth,24.0,204.0,0,0,1,1,1,430000,430000,Havit,Bluetooth,2107.843137254902,17916.666666666668
cellphones,https://cellphones.com.vn/tai-nghe-khong-day-aukey-ep-m3a.html,Tai nghe Bluetooth True Wireless Aukey EP-M3A,350.000đ,350000,Aukey,in-ear,0,1,1,Bluetooth,20.0,7.0,0,0,1,0,1,350000,350000,Other,Bluetooth,50000.0,17500.0
cellphones,https://cellphones.com.vn/tai-nghe-bluetooth-baseus-airgo-1-ring.html,Tai nghe Bluetooth True Wireless Baseus Airgo 1 Ring,800.000đ,800000,Baseus,in-ear,0,1,1,Bluetooth,25.0,4.5,0,0,0,0,1,800000,800000,Baseus,Bluetooth,177777.77777777778,32000.0
cellphones,https://cellphones.com.vn/tai-nghe-bluetooth-edifier-x3-pro.html,Tai nghe Bluetooth True Wireless Edifier X3 Pro,950.000đ,950000,Edifier,over-ear,0,1,1,Bluetooth,15.0,220.0,1,0,0,1,1,950000,950000,Edifier,Bluetooth,4318.181818181818,63333.333333333336
cellphones,https://cellphones.com.vn/tai-nghe-bluetooth-oppo-enco-x3s.html,Tai nghe Bluetooth True Wireless OPPO Enco X3S,3.090.000đ,3090000,Oppo,in-ear,0,1,1,Bluetooth,28.0,4.3,0,0,1,1,1,3090000,3090000,Other,Bluetooth,718604.6511627907,110357.14285714286
cellphones,https://cellphones.com.vn/tai-nghe-bluetooth-oppo-enco-buds-2-pro.html,Tai nghe Bluetooth True Wireless OPPO Enco Buds2 Pro,1.290.000đ,1290000,Oppo,in-ear,0,1,1,Bluetooth,38.0,4.3,0,0,0,0,1,1290000,1290000,Other,Bluetooth,300000.0,33947.36842105263
cellphones,https://cellphones.com.vn/tai-nghe-bluetooth-havit-tw906-pro.html,Tai nghe Bluetooth Havit TW906 Pro,690.000đ,690000,Havit,in-ear,0,1,1,Bluetooth,24.0,3.9,0,0,1,0,1,690000,690000,Havit,Bluetooth,176923.07692307694,28750.0
cellphones,https://cellphones.com.vn/tai-nghe-khong-day-havit-tw958-pro.html,Tai nghe Bluetooth True Wireless Havit TW958 Pro,640.000đ,640000,Havit,in-ear,0,1,1,Bluetooth,32.0,204.0,0,0,0,1,1,640000,640000,Havit,Bluetooth,3137.2549019607845,20000.0
cellphones,https://cellphones.com.vn/tai-nghe-bluetooth-true-wireless-bowers-wilkins-pi8.html,Tai nghe Bluetooth True Wireless Bowers & Wilkins Pi8,13.645.000đ,7900000,Bowers & Wilkins,in-ear,0,1,0,3.5mm+Bluetooth,6.0,7.0,0,0,0,0,1,7900000,13645000,Other,3.5mm+Bluetooth,1128571.4285714286,1316666.6666666667
cellphones,https://cellphones.com.vn/tai-nghe-khong-day-nakamichi-tw016.html,Tai nghe Bluetooth True Wireless NAKAMICHI TW016,450.000đ,450000,Nakamichi,in-ear,0,1,1,Bluetooth,16.0,3.0,0,0,0,0,1,450000,450000,Other,Bluetooth,150000.0,28125.0
cellphones,https://cellphones.com.vn/tai-nghe-bluetooth-ugreen-hitune-p3.html,Tai nghe Bluetooth True Wireless Ugreen Hitune P3 - WS207,690.000đ,690000,Ugreen,in-ear,0,1,0,Bluetooth,34.5,3.6,0,0,1,0,1,690000,690000,Other,Bluetooth,191666.66666666666,20000.0
cellphones,https://cellphones.com.vn/tai-nghe-bluetooth-oppo-enco-air-2-pro.html,Tai nghe Bluetooth True Wireless OPPO Enco Air 2 Pro,1.390.000đ,1390000,Oppo,in-ear,0,1,1,Bluetooth,28.0,4.3,0,0,0,0,1,1390000,1390000,Other,Bluetooth,323255.81395348837,49642.857142857145
cellphones,https://cellphones.com.vn/tai-nghe-bluetooth-alpha-works-flex-100.html,Tai nghe Bluetooth True Wireless Alpha Works FLEX 100,350.000đ,350000,Alpha Works,over-ear,0,1,1,Bluetooth,100.0,19.2,0,0,0,1,1,350000,350000,Other,Bluetooth,18229.166666666668,3500.0
cellphones,https://cellphones.com.vn/tai-nghe-bluetooth-bose-ultra-earbuds.html,Tai nghe bluetooth Bose Ultra Earbuds,7.490.000₫,7490000,Bose,in-ear,0,1,0,Bluetooth,6.0,6.24,0,0,0,0,1,7490000,7490000,Other,Bluetooth,1200320.5128205128,1248333.3333333333
cellphones,https://cellphones.com.vn/tai-nghe-khong-day-huawei-freebuds-5i.html,Tai nghe Bluetooth True Wireless Huawei FreeBuds 5i,790.000đ,790000,Huawei,in-ear,0,1,0,USB-A+Bluetooth,7.0,4.9,0,0,0,0,1,790000,790000,Other,USB-A+Bluetooth,161224.48979591834,112857.14285714286
cellphones,https://cellphones.com.vn/tai-nghe-bluetooth-trusmi-ws08.html,Tai nghe Bluetooth True Wireless Trusmi WS08,350.000đ,350000,Trusmi,in-ear,0,1,1,Bluetooth,8.0,3.0,1,0,0,1,1,350000,350000,Other,Bluetooth,116666.66666666667,43750.0
cellphones,https://cellphones.com.vn/tai-nghe-khong-day-xiaomi-redmi-buds-5.html,Tai nghe Bluetooth True Wireless Xiaomi Redmi Buds 5,720.000đ,720000,Xiaomi,in-ear,0,1,1,Bluetooth,5.0,5.3,0,0,0,0,1,720000,720000,Xiaomi,Bluetooth,135849.05660377358,144000.0
cellphones,https://cellphones.com.vn/tai-nghe-khong-day-aukey-ep-m2.html,Tai nghe Bluetooth True Wireless Aukey EP-M2,370.000đ,370000,Aukey,in-ear,0,1,1,Bluetooth,20.0,7.0,1,0,0,1,1,370000,370000,Other,Bluetooth,52857.142857142855,18500.0
cellphones,https://cellphones.com.vn/tai-nghe-khong-day-ugreen-hitune-t3.html,Tai nghe Bluetooth True Wireless Ugreen HiTune T3,590.000đ,590000,Ugreen,in-ear,0,1,1,Bluetooth,24.0,3.6,1,0,0,1,1,590000,590000,Other,Bluetooth,163888.88888888888,24583.333333333332
cellphones,https://cellphones.com.vn/tai-nghe-bluetooth-lenovo-lp40.html,Tai nghe bluetooth Lenovo LP40,5.000.000đ,5000000,Lenovo,in-ear,0,1,1,Bluetooth,3.0,3.2,0,0,0,0,1,5000000,5000000,Other,Bluetooth,1562500.0,1666666.6666666667
cellphones,https://cellphones.com.vn/tai-nghe-khong-day-soundpeats-capsule-3-pro.html,Tai nghe Bluetooth True Wireless SoundPEATS Capsule 3 Pro,950.000đ,950000,Soundpeats,in-ear,0,1,1,Bluetooth,24.0,5.0,0,0,1,0,1,950000,950000,Soundpeats,Bluetooth,190000.0,39583.333333333336
cellphones,https://cellphones.com.vn/tai-nghe-khong-day-xiaomi-redmi-buds-4-lite.html,Tai nghe Bluetooth True Wireless Redmi Buds 4 Lite,390.000đ,390000,Xiaomi,in-ear,0,1,1,Bluetooth,12.0,3.92,0,0,1,0,1,390000,390000,Xiaomi,Bluetooth,99489.79591836735,32500.0
cellphones,https://cellphones.com.vn/tai-nghe-khong-day-havit-tw-967.html,Tai nghe Bluetooth True Wireless Havit TW 967,220.000đ,220000,Havit,in-ear,0,1,1,Bluetooth,5.0,204.0,0,0,0,1,1,220000,220000,Havit,Bluetooth,1078.4313725490197,44000.0
cellphones,https://cellphones.com.vn/tai-nghe-khong-day-soundpeats-gofree-2-plus.html,Tai nghe Bluetooth thể thao SoundPEATS Gofree 2 Plus,1.090.000đ,1090000,Soundpeats,in-ear,0,1,1,Bluetooth,24.0,9.5,0,0,1,0,1,1090000,1090000,Soundpeats,Bluetooth,114736.84210526316,45416.666666666664
cellphones,https://cellphones.com.vn/tai-nghe-bluetooth-edifier-x1-lite.html,Tai nghe Bluetooth True Wireless Edifier X1 Lite,365.000đ,365000,Edifier,in-ear,0,1,1,Bluetooth,47.0,41.0,0,0,1,0,1,365000,365000,Edifier,Bluetooth,8902.439024390244,7765.95744680851
cellphones,https://cellphones.com.vn/tai-nghe-bluetooth-edifier-w260nc.html,Tai nghe Bluetooth True Wireless Edifier W260NC,1.290.000đ,1290000,Edifier,over-ear,0,1,1,Bluetooth,24.0,220.0,1,0,0,1,1,1290000,1290000,Edifier,Bluetooth,5863.636363636364,53750.0
cellphones,https://cellphones.com.vn/tai-nghe-soul-open-ear-plus.html,Tai nghe Bluetooth thể thao dẫn khí truyền âm Soul OPENEAR PLUS,350.000đ,350000,Soul,in-ear,0,1,0,Bluetooth,7.0,18.0,0,0,0,0,1,350000,350000,Other,Bluetooth,19444.444444444445,50000.0
cellphones,https://cellphones.com.vn/tai-nghe-the-thao-edifier-comfo-c.html,Tai nghe Bluetooth thể thao Edifier Comfo C,1.290.000đ,1290000,Edifier,in-ear,0,1,1,Bluetooth,47.0,5.8,0,0,1,0,1,1290000,1290000,Edifier,Bluetooth,222413.7931034483,27446.808510638297
cellphones,https://cellphones.com.vn/tai-nghe-nhet-tai-riversong-airfly-l7.html,Tai nghe Bluetooth True Wireless Riversong Airfly L7,199.000đ,199000,Riversong,in-ear,0,1,1,Bluetooth,180.0,40.0,1,0,0,1,1,199000,199000,Other,Bluetooth,4975.0,1105.5555555555557
cellphones,https://cellphones.com.vn/tai-nghe-gaming-black-shark-t11.html,Tai nghe Bluetooth True Wireless Gaming Black Shark T11,390.000đ,390000,Hãng Khác,in-ear,1,1,1,Bluetooth,30.0,27.75,0,0,0,1,1,390000,390000,Other,Bluetooth,14054.054054054053,13000.0
cellphones,https://cellphones.com.vn/tai-nghe-bluetooth-anker-soundcore-p40i.html,Tai nghe Bluetooth True Wireless Anker Soundcore P40i,1.780.000đ,1780000,Anker,in-ear,0,1,1,Bluetooth,28.0,58.0,0,0,1,0,1,1780000,1780000,Other,Bluetooth,30689.655172413793,63571.42857142857
cellphones,https://cellphones.com.vn/tai-nghe-bluetooth-jbl-live-flex.html,Tai nghe Bluetooth True Wireless JBL Live Flex,5.000.000đ,5000000,Jbl,in-ear,0,1,1,Bluetooth,32.0,10.4,0,0,0,0,1,5000000,5000000,Jbl,Bluetooth,480769.23076923075,156250.0
cellphones,https://cellphones.com.vn/tai-nghe-bluetooth-xiaomi-redmi-buds-6-lite.html,Tai nghe Bluetooth True Wireless Xiaomi Redmi Buds 6 Lite,5.000.000đ,5000000,Xiaomi,in-ear,0,1,1,Bluetooth,36.0,4.0,0,0,0,0,1,5000000,5000000,Xiaomi,Bluetooth,1250000.0,138888.88888888888
cellphones,https://cellphones.com.vn/tai-nghe-bluetooth-true-wireless-baseus-bass-ep10-nc.html,Tai nghe Bluetooth True Wireless Baseus Bass EP10 NC,490.000đ,490000,Baseus,in-ear,0,1,1,Bluetooth,41.0,42.0,0,0,0,1,1,490000,490000,Baseus,Bluetooth,11666.666666666666,11951.219512195123
cellphones,https://cellphones.com.vn/tai-nghe-bluetooth-oppo-enco-air-4-pro.html,Tai Nghe Bluetooth True Wireless OPPO Enco Air4 Pro,5.000.000đ,5000000,Oppo,in-ear,0,1,1,Bluetooth,44.0,4.4,0,0,0,0,1,5000000,5000000,Other,Bluetooth,1136363.6363636362,113636.36363636363
cellphones,https://cellphones.com.vn/tai-nghe-khong-day-jabra-elite-3.html,Tai nghe Bluetooth True Wireless Jabra Elite 3,1.390.000đ,1390000,Jabra,in-ear,0,1,0,Bluetooth,28.0,4.6,0,0,0,0,1,1390000,1390000,Other,Bluetooth,302173.9130434783,49642.857142857145
cellphones,https://cellphones.com.vn/tai-nghe-bluetooth-jabra-elite-8-active.html,Tai nghe Bluetooth True Wireless Jabra Elite 8 Active,4.490.000đ,4490000,Jabra,in-ear,0,1,1,Bluetooth,56.0,5.0,0,0,0,0,1,4490000,4490000,Other,Bluetooth,898000.0,80178.57142857143
cellphones,https://cellphones.com.vn/tai-nghe-khong-day-anker-soundcore-a20i-a3948.html,Tai nghe Bluetooth True Wireless Anker Soundcore A20i,599.000đ,599000,Anker,in-ear,0,1,1,Bluetooth,28.0,41.0,0,0,0,0,1,599000,599000,Other,Bluetooth,14609.756097560976,21392.85714285714
cellphones,https://cellphones.com.vn/tai-nghe-bluetooth-defunc-true-lite.html,Tai nghe Bluetooth DEFUNC TRUE LITE,290.000đ,290000,Hãng Khác,in-ear,0,1,0,Type C+Bluetooth,15.0,27.75,1,0,0,1,1,290000,290000,Other,Type C+Bluetooth,10450.450450450451,19333.333333333332
cellphones,https://cellphones.com.vn/tai-nghe-khong-day-realme-buds-t200-lite.html,Tai nghe Bluetooth True Wireless Realme Buds T200 Lite,490.000đ,490000,Realme,in-ear,0,1,0,Bluetooth,7.0,4.15,1,0,0,1,1,490000,490000,Other,Bluetooth,118072.2891566265,70000.0
cellphones,https://cellphones.com.vn/tai-nghe-the-thao-havit-openbuds-1.html,Tai nghe Bluetooth thể thao Havit Openbuds 1,490.000đ,490000,Havit,in-ear,0,1,1,Bluetooth,23.0,204.0,0,0,0,1,1,490000,490000,Havit,Bluetooth,2401.9607843137255,21304.347826086956
cellphones,https://cellphones.com.vn/tai-nghe-khong-day-lg-tone-free-t90.html,Tai nghe Bluetooth True Wireless LG Tone Free T90,5.000.000đ,5000000,Lg,in-ear,0,1,1,Bluetooth,29.0,5.2,0,0,0,0,1,5000000,5000000,Other,Bluetooth,961538.4615384615,172413.7931034483
cellphones,https://cellphones.com.vn/tai-nghe-nhet-tai-tronsmart-soundfii-r4.html,Tai nghe Bluetooth nhét tai Tronsmart Sounfii R4,590.000đ,590000,Hãng Khác,in-ear,0,1,0,Bluetooth,4.0,45.0,0,0,0,0,1,590000,590000,Other,Bluetooth,13111.111111111111,147500.0
cellphones,https://cellphones.com.vn/tai-nghe-bluetooth-jbl-tour-pro-2.html,Tai nghe Bluetooth True Wireless JBL Tour Pro 2,4.190.000đ,4190000,Jbl,in-ear,0,1,1,Bluetooth,40.0,12.2,0,0,0,0,1,4190000,4190000,Jbl,Bluetooth,343442.62295081967,104750.0
cellphones,https://cellphones.com.vn/tai-nghe-bluetooth-x15.html,Tai nghe Bluetooth Gaming X15,5.000.000đ,5000000,Hãng Khác,in-ear,1,1,1,Bluetooth,15.0,27.75,0,0,0,1,1,5000000,5000000,Other,Bluetooth,180180.18018018018,333333.3333333333
cellphones,https://cellphones.com.vn/tai-nghe-bluetooth-nothing-buds-2-pro.html,Tai nghe Bluetooth Nothing CMF Buds 2 pro,5.000.000đ,5000000,Hãng Khác,in-ear,0,1,0,Bluetooth,15.0,4.9,0,0,1,0,1,5000000,5000000,Other,Bluetooth,1020408.163265306,333333.3333333333
cellphones,https://cellphones.com.vn/tai-nghe-khong-day-blaupunkt-lite-one-bat1001.html,Tai nghe Bluetooth True Wireless Blaupunkt LITE ONE BAT1001,5.000.000đ,5000000,Hãng Khác,in-ear,0,1,1,Bluetooth,5.0,27.75,0,0,0,1,1,5000000,5000000,Other,Bluetooth,180180.18018018018,1000000.0
cellphones,https://cellphones.com.vn/tai-nghe-bluetooth-samsung-galaxy-buds-live-tr-ng-46179.html,Tai nghe Bluetooth Samsung Galaxy Buds Live-Trắng,4.490.000đ,4490000,Samsung,in-ear,0,1,0,Bluetooth,28.0,5.4,1,0,0,1,1,4490000,4490000,Other,Bluetooth,831481.4814814815,160357.14285714287
cellphones,https://cellphones.com.vn/tai-nghe-khong-day-oppo-enco-air-4.html,Tai nghe Bluetooth OPPO Enco Air 4,5.000.000đ,5000000,Oppo,in-ear,0,1,0,Bluetooth,4.0,4.3,0,0,0,1,1,5000000,5000000,Other,Bluetooth,1162790.6976744186,1250000.0
cellphones,https://cellphones.com.vn/tai-nghe-bluetooth-true-wireless-fender-tour.html,Tai nghe Bluetooth True Wireless Fender Tour,5.000.000đ,5000000,Fender,in-ear,0,1,1,Bluetooth,14.0,40.0,1,0,0,1,1,5000000,5000000,Other,Bluetooth,125000.0,357142.85714285716
cellphones,https://cellphones.com.vn/tai-nghe-bluetooth-edifier-evobuds-pro-anc.html,Tai nghe Bluetooth True Wireless Edifier Evobuds Pro (ANC),1.570.000đ,1570000,Edifier,over-ear,0,1,1,Bluetooth,27.0,220.0,1,0,0,1,1,1570000,1570000,Edifier,Bluetooth,7136.363636363636,58148.148148148146
cellphones,https://cellphones.com.vn/tai-nghe-bluetooth-stargo-tune-pro.html,Tai nghe Bluetooth True Wireless StarGO Tune Pro (ANC),490.000đ,490000,Stargo,in-ear,0,1,1,Bluetooth,19.5,24.0,0,0,1,0,1,490000,490000,Other,Bluetooth,20416.666666666668,25128.20512820513
cellphones,https://cellphones.com.vn/tai-nghe-bluetooth-edifier-tws-1-pro-2.html,Tai nghe Bluetooth True Wireless Edifier TWS1 Pro 2,5.000.000đ,5000000,Edifier,in-ear,0,1,1,Bluetooth,200.0,44.5,0,0,0,0,1,5000000,5000000,Edifier,Bluetooth,112359.55056179775,25000.0
cellphones,https://cellphones.com.vn/tai-nghe-the-thao-soundcore-c40i.html,Tai nghe Bluetooth thể thao Anker Soundcore C40i (A3331),5.000.000đ,5000000,Anker,in-ear,0,1,1,Bluetooth,21.0,5.8,0,0,0,0,1,5000000,5000000,Other,Bluetooth,862068.9655172414,238095.2380952381
cellphones,https://cellphones.com.vn/tai-nghe-bluetooth-edifier-x2-plus.html,Tai nghe Bluetooth True Wireless Edifier X2 Plus,490.000đ,490000,Edifier,in-ear,0,1,0,Bluetooth,47.0,54.0,0,0,1,0,1,490000,490000,Edifier,Bluetooth,9074.074074074075,10425.531914893618
cellphones,https://cellphones.com.vn/tai-nghe-bluetooth-jbl-endurance-race.html,Tai nghe Bluetooth True Wireless JBL Endurance Race,5.000.000đ,5000000,Jbl,in-ear,0,1,1,Bluetooth,20.0,12.4,0,0,0,0,1,5000000,5000000,Jbl,Bluetooth,403225.8064516129,250000.0
cellphones,https://cellphones.com.vn/tai-nghe-khong-day-divoom-spark-air.html,Tai nghe Bluetooth True Wireless Divoom Spark Air,890.000đ,890000,Divoom,in-ear,0,1,1,Bluetooth,10.0,3.5,0,0,0,0,1,890000,890000,Other,Bluetooth,254285.7142857143,89000.0
cellphones,https://cellphones.com.vn/tai-nghe-bluetooth-defunc-true-music.html,Tai nghe Bluetooth True Wireless Defunc True Music,370.000đ,370000,Defunc,in-ear,0,1,0,Bluetooth,25.0,45.0,0,0,1,1,1,370000,370000,Other,Bluetooth,8222.222222222223,14800.0
cellphones,https://cellphones.com.vn/tai-nghe-bluetooth-ows-philips-tat4469.html,Tai nghe Bluetooth thể thao Philips TAT4469,5.000.000đ,5000000,Philips,in-ear,0,1,1,Bluetooth,20.0,25.45,0,0,1,1,1,5000000,5000000,Other,Bluetooth,196463.65422396857,250000.0
cellphones,https://cellphones.com.vn/tai-nghe-the-thao-anker-soundcore-aerofit-pro-a3871.html,Tai nghe Bluetooth thể thao Anker Soundcore AeroFit Pro,5.000.000đ,5000000,Anker,in-ear,0,1,1,Bluetooth,46.0,12.23,0,0,0,0,1,5000000,5000000,Other,Bluetooth,408830.7440719542,108695.65217391304
cellphones,https://cellphones.com.vn/tai-nghe-khong-day-sony-wf-c500.html,Tai nghe Bluetooth True Wireless Sony WF C500,1.490.000đ,1490000,Sony,in-ear,0,1,0,Bluetooth,10.0,5.4,0,0,0,0,1,1490000,1490000,Sony,Bluetooth,275925.9259259259,149000.0
cellphones,https://cellphones.com.vn/tai-nghe-khong-day-lg-tone-free-t60.html,Tai nghe Bluetooth True Wireless LG Tone Free T60,5.000.000đ,5000000,Lg,in-ear,0,1,1,Bluetooth,29.0,35.9,0,0,0,0,1,5000000,5000000,Other,Bluetooth,139275.7660167131,172413.7931034483
cellphones,https://cellphones.com.vn/tai-nghe-khong-day-soundpeats-engine-4.html,Tai nghe Bluetooth SoundPEATS Engine 4,5.000.000đ,5000000,Soundpeats,in-ear,0,1,0,Bluetooth,4.0,6.1,0,0,0,1,1,5000000,5000000,Soundpeats,Bluetooth,819672.131147541,1250000.0
cellphones,https://cellphones.com.vn/tai-nghe-bluetooth-jbl-live-flex-3.html,Tai nghe Bluetooth True Wireless JBL Live Flex 3,5.000.000đ,5000000,Jbl,in-ear,0,1,1,Bluetooth,40.0,19.009999999999998,0,0,0,1,1,5000000,5000000,Jbl,Bluetooth,263019.4634402946,125000.0
cellphones,https://cellphones.com.vn/tai-nghe-edifier-to-u2-mini.html,Tai nghe Bluetooth True Wireless Edifier TO-U2 mini,5.000.000đ,5000000,Edifier,in-ear,0,1,1,Bluetooth,200.0,41.0,0,0,0,0,1,5000000,5000000,Edifier,Bluetooth,121951.21951219512,25000.0
cellphones,https://cellphones.com.vn/tai-nghe-bluetooth-edifier-evobuds.html,Tai nghe Bluetooth True Wireless Edifier Evobuds,1.370.000đ,1370000,Edifier,over-ear,0,1,0,Bluetooth,7.0,220.0,1,0,0,1,1,1370000,1370000,Edifier,Bluetooth,6227.272727272727,195714.2857142857
cellphones,https://cellphones.com.vn/tai-nghe-gaming-co-day-sony-ier-g900.html,Tai nghe Gaming có dây Sony IER-G900,3.590.000đ,3590000,Sony,over-ear,1,0,1,3.5mm,,170.0,1,1,1,0,0,3590000,3590000,Sony,3.5mm,21117.647058823528,
cellphones,https://cellphones.com.vn/tai-nghe-khong-day-hyperx-cloud-jet.html,Tai nghe Gaming không dây Hyperx Cloud Jet,1.945.000đ,1945000,Hyperx,over-ear,1,1,0,Bluetooth,25.0,290.0,0,0,0,1,1,1945000,1945000,Other,Bluetooth,6706.896551724138,77800.0
cellphones,https://cellphones.com.vn/tai-nghe-gaming-asus-tuf-h3.html,Tai nghe Gaming Asus Tuf H3,1.190.000đ,1190000,Asus,over-ear,1,0,0,3.5mm,,294.0,0,0,1,0,0,1190000,1190000,Asus,3.5mm,4047.6190476190477,
cellphones,https://cellphones.com.vn/tai-nghe-co-day-baseus-goplay-1-max.html,Tai Nghe Gaming Có Dây Baseus Goplay 1 Max,790.000đ,790000,Baseus,over-ear,1,0,0,3.5mm,,258.0,0,0,1,0,0,790000,790000,Baseus,3.5mm,3062.015503875969,
cellphones,https://cellphones.com.vn/tai-nghe-co-day-baseus-goplay-1-plus-max.html,Tai Nghe Gaming Có Dây Baseus Goplay 1 Plus Max,790.000đ,790000,Baseus,over-ear,1,0,0,3.5mm,,258.0,0,0,1,0,0,790000,790000,Baseus,3.5mm,3062.015503875969,
cellphones,https://cellphones.com.vn/tai-nghe-khong-day-sony-inzone-buds.html,Tai nghe không dây Gaming Sony INZONE Buds,4.790.000đ,4790000,Sony,in-ear,1,1,1,Bluetooth,24.0,6.5,0,0,0,0,1,4790000,4790000,Sony,Bluetooth,736923.0769230769,199583.33333333334
cellphones,https://cellphones.com.vn/tai-nghe-chup-tai-havit-h2043u.html,Tai nghe có dây Gaming Havit H2043U,649.000đ,649000,Havit,over-ear,1,0,1,3.5mm,,238.7,0,1,1,0,0,649000,649000,Havit,3.5mm,2718.89400921659,
cellphones,https://cellphones.com.vn/tai-nghe-khong-day-havit-havit-tw908.html,Tai nghe Gaming không dây Havit TW908,400.000đ,400000,Havit,in-ear,1,1,0,Bluetooth,24.0,204.0,0,0,0,1,1,400000,400000,Havit,Bluetooth,1960.7843137254902,16666.666666666668
cellphones,https://cellphones.com.vn/tai-nghe-khong-day-havit-tw920.html,Tai nghe Gaming Havit TW920,350.000đ,350000,Havit,in-ear,1,0,0,3.5mm,,204.0,1,1,1,1,0,350000,350000,Havit,3.5mm,1715.686274509804,
cellphones,https://cellphones.com.vn/tai-nghe-gaming-msi-headset-h991.html,Tai nghe Gaming MSI Headset H991,290.000đ,290000,Hãng Khác,in-ear,1,0,0,3.5mm,,27.75,1,1,1,1,0,290000,290000,Other,3.5mm,10450.450450450451,
cellphones,https://cellphones.com.vn/tai-nghe-gaming-jbl-quantum-50.html,Tai nghe gaming có dây JBL Quantum 50,890.000đ,890000,Jbl,in-ear,1,0,1,3.5mm,,21.5,0,0,1,0,0,890000,890000,Jbl,3.5mm,41395.348837209305,
cellphones,https://cellphones.com.vn/tai-nghe-co-day-havit-h2042d.html,Tai nghe gaming có dây Gaming Havit H2042D,320.000đ,320000,Havit,over-ear,1,0,1,3.5mm,,204.0,0,0,1,1,0,320000,320000,Havit,3.5mm,1568.6274509803923,
cellphones,https://cellphones.com.vn/tai-nghe-gaming-asus-rog-deltra-s.html,Tai nghe Gaming Asus Rog Delta S,4.990.000đ,4990000,Asus,over-ear,1,0,0,Type C,,300.0,0,0,1,0,0,4990000,4990000,Asus,Type C,16633.333333333332,
cellphones,https://cellphones.com.vn/tai-nghe-gaming-asus-rog-deltra-core.html,Tai nghe Gaming chụp tai ASUS Delta Core,1.499.000đ,1499000,Asus,over-ear,1,0,1,3.5mm,,387.0,0,1,1,0,0,1499000,1499000,Asus,3.5mm,3873.385012919897,
cellphones,https://cellphones.com.vn/tai-nghe-gaming-asus-rog-deltra.html,Tai nghe Gaming Asus Rog Delta,4.690.000đ,4690000,Asus,over-ear,1,0,0,3.5mm,,297.0,1,1,1,1,0,4690000,4690000,Asus,3.5mm,15791.245791245792,
cellphones,https://cellphones.com.vn/tai-nghe-gaming-asus-rog-strix-go-2-4.html,Tai nghe Gaming Asus Rog Strix Go 2.4,4.690.000đ,4690000,Asus,over-ear,1,0,0,3.5mm,,297.0,0,0,1,1,0,4690000,4690000,Asus,3.5mm,15791.245791245792,
cellphones,https://cellphones.com.vn/tai-nghe-gaming-jbl-quantum-100.html,Tai nghe Gaming chụp tai JBL Quantum 100,990.000đ,990000,Jbl,over-ear,1,0,0,3.5mm,,219.5,0,0,1,0,0,990000,990000,Jbl,3.5mm,4510.250569476082,
cellphones,https://cellphones.com.vn/tai-nghe-gaming-asus-rog-strix-fusion-300.html,Tai nghe Gaming Asus Rog Strix Fusion 300,2.690.000đ,2690000,Asus,over-ear,1,0,0,3.5mm,,297.0,0,0,1,1,0,2690000,2690000,Asus,3.5mm,9057.239057239058,
cellphones,https://cellphones.com.vn/tai-nghe-gaming-asus-rog-theta-7-1.html,Tai nghe Gaming Asus Rog Theta 7.1,6.650.000đ,6650000,Asus,over-ear,1,0,0,Type C,,590.0,0,0,1,0,0,6650000,6650000,Asus,Type C,11271.186440677966,
cellphones,https://cellphones.com.vn/tai-nghe-gaming-asus-rog-strix-fusion.html,Tai nghe Gaming Asus Rog Strix Fusion,2.990.000đ,2990000,Asus,over-ear,1,0,0,3.5mm,,395.0,0,1,1,0,0,2990000,2990000,Asus,3.5mm,7569.620253164557,
cellphones,https://cellphones.com.vn/tai-nghe-co-day-havit-h2015f.html,Tai nghe Gaming có dây Havit H2015F,530.000đ,530000,Havit,over-ear,1,0,1,3.5mm,,262.0,0,0,1,0,0,530000,530000,Havit,3.5mm,2022.9007633587787,
cellphones,https://cellphones.com.vn/tai-nghe-gaming-asus-rog-deltra-gundam-ltd.html,Tai nghe Gaming Asus Rog Delta Gundam LTD,5.490.000đ,5490000,Asus,over-ear,1,0,0,3.5mm,,297.0,1,1,1,1,0,5490000,5490000,Asus,3.5mm,18484.848484848484,
cellphones,https://cellphones.com.vn/tai-nghe-gaming-asus-rog-strix-fusion-500.html,Tai nghe Gaming Asus Rog Strix Fusion 500,5.000.000đ,5000000,Asus,over-ear,1,0,1,3.5mm,,384.0,0,1,1,0,0,5000000,5000000,Asus,3.5mm,13020.833333333334,
cellphones,https://cellphones.com.vn/tai-nghe-jbl-quantum-one-2.html,Tai nghe Gaming JBL Quantum 2,5.000.000đ,5000000,Jbl,in-ear,1,0,0,3.5mm,,19.009999999999998,1,1,1,1,0,5000000,5000000,Jbl,3.5mm,263019.4634402946,
cellphones,https://cellphones.com.vn/tai-nghe-gaming-asus-rog-strix-go-core.html,Tai nghe Gaming Asus Rog Strix Go Core,1.890.000đ,1890000,Asus,over-ear,1,0,0,3.5mm,,297.0,0,0,1,1,0,1890000,1890000,Asus,3.5mm,6363.636363636364,
cellphones,https://cellphones.com.vn/tai-nghe-co-day-havit-h2002e.html,Tai nghe có dây Gaming Havit H2002E,590.000đ,590000,Havit,over-ear,1,0,1,3.5mm,,298.0,0,0,1,0,0,590000,590000,Havit,3.5mm,1979.8657718120805,
cellphones,https://cellphones.com.vn/tai-nghe-co-day-havit-fuxi-h5d.html,Tai nghe có dây Gaming Havit FUXI-H5D,500.000đ,500000,Havit,over-ear,1,0,0,3.5mm,,204.0,0,0,1,1,0,500000,500000,Havit,3.5mm,2450.9803921568628,
cellphones,https://cellphones.com.vn/tai-nghe-khong-day-anker-soundcore-vr-p10-a3850.html,Tai nghe không dây Gaming Anker SoundCore Liberty Air VR P10,5.000.000đ,5000000,Anker,in-ear,1,1,0,Type C+Bluetooth,6.0,14.0,0,0,0,0,1,5000000,5000000,Other,Type C+Bluetooth,357142.85714285716,833333.3333333334
cellphones,https://cellphones.com.vn/tai-nghe-co-day-havit-h2002d.html,Tai nghe có dây Gaming Havit H2002D,1.100.000đ,1100000,Havit,over-ear,1,0,0,3.5mm,,204.0,0,0,1,1,0,1100000,1100000,Havit,3.5mm,5392.156862745098,
cellphones,https://cellphones.com.vn/tai-nghe-gaming-jbl-quantum-one-den.html,Tai nghe Gaming JBL Quantum One-Đen,5.000.000đ,5000000,Jbl,in-ear,1,0,0,3.5mm,,19.009999999999998,1,1,1,1,0,5000000,5000000,Jbl,3.5mm,263019.4634402946,
cellphones,https://cellphones.com.vn/tai-nghe-gaming-jbl-quantum-one-xanh-duong.html,Tai nghe Gaming JBL Quantum One-Xanh dương,5.000.000đ,5000000,Jbl,in-ear,1,0,0,3.5mm,,19.009999999999998,1,1,1,1,0,5000000,5000000,Jbl,3.5mm,263019.4634402946,
cellphones,https://cellphones.com.vn/tai-nghe-gaming-jbl-quantum-one-tr-ng.html,Tai nghe Gaming JBL Quantum One-Trắng,5.000.000đ,5000000,Jbl,over-ear,1,0,0,3.5mm,,369.0,0,1,1,0,0,5000000,5000000,Jbl,3.5mm,13550.135501355013,
cellphones,https://cellphones.com.vn/tai-nghe-gaming-jbl-quantum-one-cam.html,Tai nghe Gaming JBL Quantum One-Cam,5.000.000đ,5000000,Jbl,in-ear,1,0,0,3.5mm,,19.009999999999998,1,1,1,1,0,5000000,5000000,Jbl,3.5mm,263019.4634402946,
cellphones,https://cellphones.com.vn/tai-nghe-co-day-hyperx-cloud-stinger-ii.html,Tai nghe Gaming có dây Hyperx Cloud Stinger II,5.000.000đ,5000000,Hyperx,over-ear,1,0,0,3.5mm,,272.1,0,0,1,0,0,5000000,5000000,Other,3.5mm,18375.597206909224,
cellphones,https://cellphones.com.vn/tai-nghe-gaming-asus-rog-strix-fusion-700.html,Tai nghe Gaming Asus Rog Strix Fusion 700,4.690.000đ,4690000,Asus,over-ear,1,0,0,3.5mm,,297.0,1,1,1,1,0,4690000,4690000,Asus,3.5mm,15791.245791245792,
cellphones,https://cellphones.com.vn/tai-nghe-gaming-asus-rog-strix-go-2-4-ep.html,Tai nghe Gaming Asus Rog Strix Go 2.4 EP,4.790.000đ,4790000,Asus,over-ear,1,0,0,3.5mm,,297.0,1,1,1,1,0,4790000,4790000,Asus,3.5mm,16127.946127946128,
cellphones,https://cellphones.com.vn/tai-nghe-jbl-quantum-one.html,Tai nghe Gaming JBL Quantum One,2.590.000đ,2590000,Jbl,in-ear,1,0,0,3.5mm,,19.009999999999998,1,0,1,1,0,2590000,2590000,Jbl,3.5mm,136244.08206207262,
cellphones,https://cellphones.com.vn/tai-nghe-gaming-jbl-quantum-tws.html,Tai nghe Gaming JBL Quantum TWS,5.000.000đ,5000000,Jbl,in-ear,1,1,0,Type C+Bluetooth,32.5,19.009999999999998,1,0,1,1,1,5000000,5000000,Jbl,Type C+Bluetooth,263019.4634402946,153846.15384615384
cellphones,https://cellphones.com.vn/tai-nghe-gaming-asus-rog-strix-go-usb-c.html,Tai nghe Gaming chụp tai Asus Rog Strix Go USB-C,2.290.000đ,2290000,Asus,over-ear,1,0,0,Type C,,309.0,0,0,1,0,0,2290000,2290000,Asus,Type C,7411.003236245955,
cellphones,https://cellphones.com.vn/tai-nghe-gaming-lenovo-legion-h300-stereo-headset.html,Tai nghe Gaming Lenovo H300 Stereo Headset,1.590.000đ,1590000,Lenovo,in-ear,1,0,0,3.5mm,,3.2,1,1,1,1,0,1590000,1590000,Other,3.5mm,496875.0,
cellphones,https://cellphones.com.vn/tai-nghe-co-day-havit-h2030e.html,Tai nghe có dây Gaming Havit H2030E,750.000đ,750000,Havit,over-ear,1,0,1,3.5mm,,313.7,0,0,1,0,0,750000,750000,Havit,3.5mm,2390.8192540643927,
cellphones,https://cellphones.com.vn/tai-nghe-co-day-havit-h2015e.html,Tai nghe có dây Gaming Havit H2015E,590.000đ,590000,Havit,over-ear,1,0,1,3.5mm,,313.7,0,0,1,0,0,590000,590000,Havit,3.5mm,1880.7778131973223,
cellphones,https://cellphones.com.vn/tai-nghe-co-day-havit-h2037d.html,Tai nghe có dây Gaming Havit H2037D,390.000đ,390000,Havit,in-ear,1,0,0,3.5mm,,204.0,1,1,1,1,0,390000,390000,Havit,3.5mm,1911.764705882353,
cellphones,https://cellphones.com.vn/tai-nghe-co-day-havit-h2033d.html,Tai nghe có dây Gaming Havit H2033D,590.000đ,590000,Havit,over-ear,1,0,1,3.5mm,,365.0,0,1,1,0,0,590000,590000,Havit,3.5mm,1616.4383561643835,
cellphones,https://cellphones.com.vn/tai-nghe-khong-day-havit-fuxi-h7.html,Tai nghe có dây Gaming Havit FUXI-H7,1.290.000đ,1290000,Havit,over-ear,1,0,0,3.5mm,,240.0,0,1,1,0,0,1290000,1290000,Havit,3.5mm,5375.0,
cellphones,https://cellphones.com.vn/tai-nghe-co-day-havit-h2007u.html,Tai nghe có dây Gaming Havit H2007U,620.000đ,620000,Havit,over-ear,1,0,1,3.5mm,,440.0,0,1,1,0,0,620000,620000,Havit,3.5mm,1409.090909090909,
cellphones,https://cellphones.com.vn/tai-nghe-khong-day-havit-gaming-tw938.html,Tai nghe Bluetooth True Wireless Havit Gaming TW938,450.000đ,450000,Havit,in-ear,1,1,1,Bluetooth,25.0,204.0,0,0,0,1,1,450000,450000,Havit,Bluetooth,2205.8823529411766,18000.0
cellphones,https://cellphones.com.vn/tai-nghe-co-day-havit-h2002e-pro.html,Tai nghe có dây Gaming Havit H2002E Pro,690.000đ,690000,Havit,over-ear,1,0,1,3.5mm,,298.0,0,0,1,0,0,690000,690000,Havit,3.5mm,2315.4362416107383,
cellphones,https://cellphones.com.vn/tai-nghe-chup-tai-baseus-aequr-gh02.html,Tai nghe Bluetooth chụp tai Gaming Baseus AeQur GH02,1.490.000đ,1490000,Baseus,over-ear,1,1,1,Bluetooth,40.0,256.0,0,0,0,0,1,1490000,1490000,Baseus,Bluetooth,5820.3125,37250.0
cellphones,https://cellphones.com.vn/tai-nghe-chup-tai-gaming-zidli-zh-a1.html,Tai nghe chụp tai Gaming Zidli A1,390.000đ,390000,Hãng Khác,over-ear,1,0,0,3.5mm,,27.75,0,0,1,1,0,390000,390000,Other,3.5mm,14054.054054054053,
cellphones,https://cellphones.com.vn/tai-nghe-co-day-havit-h2230u.html,Tai nghe có dây Gaming Havit H2230U,290.000đ,290000,Havit,over-ear,1,0,0,3.5mm,,204.0,0,0,1,1,0,290000,290000,Havit,3.5mm,1421.5686274509803,
cellphones,https://cellphones.com.vn/tai-nghe-co-day-havit-h2034u.html,Tai nghe có dây Gaming Havit H2034U,5.000.000đ,5000000,Havit,in-ear,1,0,0,3.5mm,,204.0,1,1,1,1,0,5000000,5000000,Havit,3.5mm,24509.803921568626,
cellphones,https://cellphones.com.vn/tai-nghe-dareu-eh722s.html,Tai nghe chụp tai Gaming DareU EH722s,5.000.000đ,5000000,Dareu,over-ear,1,0,0,USB-A,,10.0,0,1,1,0,0,5000000,5000000,Other,USB-A,500000.0,
cellphones,https://cellphones.com.vn/tai-nghe-gaming-asus-rog-deltra-s-core.html,Tai nghe chụp tai Gaming ASUS ROG Delta S Core,1.690.000đ,1690000,Hãng Khác,over-ear,1,0,0,3.5mm,,27.75,0,1,1,1,0,1690000,1690000,Other,3.5mm,60900.9009009009,
cellphones,https://cellphones.com.vn/tai-nghe-chup-tai-gaming-havit-fuxi-h3.html,Tai nghe Bluetooth chụp tai Gaming Havit FUXI-H3,5.000.000đ,5000000,Havit,over-ear,1,1,0,3.5mm+Bluetooth,4.0,207.0,0,0,0,0,1,5000000,5000000,Havit,3.5mm+Bluetooth,24154.589371980677,1250000.0
cellphones,https://cellphones.com.vn/tai-nghe-khong-day-anker-soundcore-liberty-4-pro.html,Tai nghe không dây Anker Soundcore Liberty 4 Pro (A3954),2.935.000đ,2935000,Anker,in-ear,0,1,0,Bluetooth,10.0,2.94,0,0,0,0,1,2935000,2935000,Other,Bluetooth,998299.3197278911,293500.0
cellphones,https://cellphones.com.vn/tai-nghe-nhet-tai-jbl-c200-siu.html,Tai nghe nhét tai JBL C200 SIU,290.000đ,290000,Jbl,in-ear,0,0,0,3.5mm,,19.009999999999998,0,0,1,1,0,290000,290000,Jbl,3.5mm,15255.128879537087,
cellphones,https://cellphones.com.vn/tai-nghe-khong-day-huawei-freebuds-pro-4.html,Tai nghe không dây Huawei Freebuds Pro 4,4.990.000đ,4990000,Huawei,in-ear,0,1,1,Bluetooth,4.0,5.8,0,0,0,0,1,4990000,4990000,Other,Bluetooth,860344.827586207,1247500.0
cellphones,https://cellphones.com.vn/tai-nghe-khong-day-sony-linkbuds-fit.html,Tai nghe không dây Sony Linkbuds Fit (WF-LS910N),5.390.000đ,5390000,Sony,in-ear,0,1,0,Bluetooth,8.0,4.9,0,0,0,0,1,5390000,5390000,Sony,Bluetooth,1100000.0,673750.0
cellphones,https://cellphones.com.vn/tai-nghe-sennheiser-momentum-true-wireless-4.html,Tai nghe chống ồn Sennheiser Momentum True Wireless 4,8.690.000đ,7900000,Sennheiser,over-ear,0,1,0,Bluetooth,4.0,229.5,1,0,0,1,1,7900000,8690000,Sennheiser,Bluetooth,34422.65795206972,1975000.0
cellphones,https://cellphones.com.vn/tai-nghe-co-day-havit-e336c-type-c.html,Tai nghe có dây Havit E336C (Cổng Type-C),160.000đ,160000,Havit,in-ear,0,0,0,Type C,,204.0,1,0,1,1,0,160000,160000,Havit,Type C,784.3137254901961,
cellphones,https://cellphones.com.vn/tai-nghe-co-day-kz-edx-lite.html,Tai nghe có dây KZ EDX Lite (có mic),225.000đ,225000,Kz,in-ear,0,0,1,3.5mm,,50.0,1,0,1,1,0,225000,225000,Other,3.5mm,4500.0,
cellphones,https://cellphones.com.vn/tai-nghe-nhet-tai-sennheiser-ie-200.html,Tai nghe nhét tai Sennheiser IE 200,4.122.000đ,4122000,Sennheiser,in-ear,0,0,0,3.5mm,,100.0,0,0,1,0,0,4122000,4122000,Sennheiser,3.5mm,41220.0,
cellphones,https://cellphones.com.vn/tai-nghe-co-day-baseus-encok-h19.html,Tai nghe có dây Baseus Encok H19,190.000đ,190000,Baseus,in-ear,0,0,1,3.5mm,,14.0,0,0,1,0,0,190000,190000,Baseus,3.5mm,13571.42857142857,
cellphones,https://cellphones.com.vn/tai-nghe-khong-day-xiaomi-buds-5-pro-wifi.html,Tai nghe không dây Xiaomi Buds 5 Pro Wifi,5.880.000đ,5880000,Xiaomi,in-ear,0,1,0,Bluetooth,12.0,5.6,0,0,1,0,1,5880000,5880000,Xiaomi,Bluetooth,1050000.0,490000.0
cellphones,https://cellphones.com.vn/tai-nghe-co-day-baseus-encok-c18.html,Tai nghe có dây Baseus Encok C18,250.000đ,250000,Baseus,in-ear,0,0,0,3.5mm,,12.1,0,0,1,0,0,250000,250000,Baseus,3.5mm,20661.15702479339,
cellphones,https://cellphones.com.vn/tai-nghe-truyen-dan-xuong-shokz-openmove.html,Tai nghe truyền dẫn xương Shokz Openmove,2.240.000đ,2240000,Shokz,in-ear,0,0,0,3.5mm,,29.0,0,1,1,0,0,2240000,2240000,Other,3.5mm,77241.37931034483,
cellphones,https://cellphones.com.vn/tai-nghe-co-day-baseus-encok-cz20-type-c.html,Tai nghe có dây Baseus Encok CZ20 (Cổng Type-C),290.000đ,290000,Baseus,in-ear,0,0,0,Type C,,42.0,0,0,1,1,0,290000,290000,Baseus,Type C,6904.761904761905,
cellphones,https://cellphones.com.vn/tai-nghe-khong-day-baseus-bowie-m2s-ultra.html,Tai nghe không dây chống ồn Baseus Bowie M2S Ultra,2.390.000đ,2390000,Baseus,in-ear,0,1,0,Bluetooth,7.0,42.0,0,0,0,1,1,2390000,2390000,Baseus,Bluetooth,56904.76190476191,341428.5714285714
cellphones,https://cellphones.com.vn/tai-nghe-khong-day-xiaomi-buds-5-pro.html,Tai nghe không dây Xiaomi Buds 5 Pro,5.190.000đ,5190000,Xiaomi,in-ear,0,1,0,Bluetooth,12.0,5.6,0,0,1,0,1,5190000,5190000,Xiaomi,Bluetooth,926785.7142857143,432500.0
cellphones,https://cellphones.com.vn/tai-nghe-truyen-dan-xuong-shokz-openswim-pro.html,Tai nghe truyền dẫn xương Shokz OpenSwim Pro,4.895.000đ,4895000,Shokz,in-ear,0,0,1,3.5mm,,27.3,0,1,0,0,0,4895000,4895000,Other,3.5mm,179304.0293040293,
cellphones,https://cellphones.com.vn/tai-nghe-bluetooth-baseus-bowie-mc1.html,Tai nghe thể thao Baseus Bowie MC1,1.590.000đ,1590000,Baseus,in-ear,0,1,0,Bluetooth,9.0,5.2,0,0,0,0,1,1590000,1590000,Baseus,Bluetooth,305769.23076923075,176666.66666666666
cellphones,https://cellphones.com.vn/tai-nghe-nhet-tai-sennheiser-cx-80s.html,Tai nghe nhét tai Sennheiser Cx80s,629.000đ,629000,Sennheiser,in-ear,0,0,0,3.5mm,,10.0,0,0,1,0,0,629000,629000,Sennheiser,3.5mm,62900.0,
cellphones,https://cellphones.com.vn/tai-nghe-co-day-havit-e48p-jack-3-5.html,Tai nghe có dây Havit E48P (Cổng jack 3.5),160.000đ,160000,Havit,over-ear,0,0,1,3.5mm,,204.0,0,0,1,1,0,160000,160000,Havit,3.5mm,784.3137254901961,
cellphones,https://cellphones.com.vn/tai-nghe-nhet-tai-sennheiser-ie-600.html,Tai nghe nhét tai Sennheiser IE 600,19.635.000đ,7900000,Sennheiser,in-ear,0,0,1,3.5mm,,6.0,0,0,1,0,0,7900000,19635000,Sennheiser,3.5mm,1316666.6666666667,
cellphones,https://cellphones.com.vn/tai-nghe-khong-day-xiaomi-buds-3t-pro.html,Tai nghe Bluetooth True Wireless Xiaomi Buds 3T Pro,2.120.000đ,2120000,Xiaomi,in-ear,0,1,0,Bluetooth,6.0,4.9,0,0,0,0,1,2120000,2120000,Xiaomi,Bluetooth,432653.06122448976,353333.3333333333
cellphones,https://cellphones.com.vn/tai-nghe-co-day-pioneer-se-c3t.html,Tai nghe có dây Pioneer SE-C3T,300.000đ,300000,Pioneer,over-ear,0,0,0,3.5mm,,250.0,0,0,1,0,0,300000,300000,Other,3.5mm,1200.0,
cellphones,https://cellphones.com.vn/tai-nghe-nothing-ear-open.html,Tai nghe thể thao Nothing Ear Open,6.500.000đ,6500000,Nothing,in-ear,0,0,0,3.5mm,,8.1,0,1,0,0,0,6500000,6500000,Other,3.5mm,802469.1358024692,
cellphones,https://cellphones.com.vn/tai-nghe-khong-day-baseus-encok-wm01-plus.html,Tai nghe Bluetooth True Wireless Baseus Encok WM01 Plus,490.000đ,490000,Baseus,in-ear,0,1,1,Bluetooth,30.0,4.0,0,0,1,0,1,490000,490000,Baseus,Bluetooth,122500.0,16333.333333333334
cellphones,https://cellphones.com.vn/tai-nghe-khong-day-myalo-z-one.html,Tai nghe Bluetooth True Wireless myALO Z-One,290.000đ,290000,Hãng Khác,in-ear,0,1,1,3.5mm+Bluetooth,25.0,27.75,1,0,0,1,1,290000,290000,Other,3.5mm+Bluetooth,10450.450450450451,11600.0
cellphones,https://cellphones.com.vn/tai-nghe-xiaomi-mi-true-wireless-earbuds-basic-2.html,Tai nghe Xiaomi True Wireless Earbuds Basic 2,790.000đ,790000,Xiaomi,in-ear,0,1,1,Bluetooth,12.0,5.2,0,0,0,1,1,790000,790000,Xiaomi,Bluetooth,151923.0769230769,65833.33333333333
cellphones,https://cellphones.com.vn/tai-nghe-sennheiser-momentum-true-wireless-3.html,Tai nghe Bluetooth True Wireless Sennheiser Momentum True Wireless 3,5.190.000đ,5190000,Sennheiser,in-ear,0,1,1,Bluetooth,28.0,5.8,0,0,0,0,1,5190000,5190000,Sennheiser,Bluetooth,894827.5862068966,185357.14285714287
cellphones,https://cellphones.com.vn/tai-nghe-bluetooth-robot-airbuds-t60.html,Tai nghe Bluetooth True Wireless ROBOT Airbuds T60,250.000đ,250000,Robot,in-ear,0,1,1,Bluetooth,30.0,3.0,1,0,0,1,1,250000,250000,Other,Bluetooth,83333.33333333333,8333.333333333334
cellphones,https://cellphones.com.vn/tai-nghe-true-wireless-padmate-tempo-t5-plus.html,Tai nghe True Wireless Padmate Tempo T5 Plus,1.990.000đ,1990000,Padmate,in-ear,0,1,0,Bluetooth,60.0,4.8,0,0,1,0,1,1990000,1990000,Other,Bluetooth,414583.3333333334,33166.666666666664
cellphones,https://cellphones.com.vn/tai-nghe-sennheiser-sport-true-wireless.html,Tai nghe Bluetooth True Wireless Sennheiser Sport True Wireless,5.000.000đ,5000000,Sennheiser,in-ear,0,1,0,Bluetooth,27.0,6.8,0,0,0,0,1,5000000,5000000,Sennheiser,Bluetooth,735294.1176470588,185185.1851851852
cellphones,https://cellphones.com.vn/tai-nghe-khong-day-lg-tone-free-fp3.html,Tai nghe Bluetooth True Wireless LG TONE Free FP3,5.000.000đ,5000000,Lg,in-ear,0,1,1,Bluetooth,15.0,5.3,0,0,0,0,1,5000000,5000000,Other,Bluetooth,943396.2264150943,333333.3333333333
cellphones,https://cellphones.com.vn/tai-nghe-bluetooth-soundpeats-air-5-pro-plus-117482.html,Tai nghe Bluetooth True Wireless SoundPEATS Air 5 Pro +,5.000.000đ,5000000,Soundpeats,in-ear,0,1,0,Bluetooth,24.0,6.1,0,0,1,1,1,5000000,5000000,Soundpeats,Bluetooth,819672.131147541,208333.33333333334
cellphones,https://cellphones.com.vn/tai-nghe-khong-day-jbl-tune-buds-2-ghost.html,Tai nghe Bluetooth True Wireless JBL Tune Buds 2 Ghost,5.000.000đ,5000000,Jbl,in-ear,0,1,0,Bluetooth,32.5,19.009999999999998,0,0,1,1,1,5000000,5000000,Jbl,Bluetooth,263019.4634402946,153846.15384615384
cellphones,https://cellphones.com.vn/tai-nghe-bluetooth-alpha-works-curve-200.html,Tai nghe Bluetooth True Wireless Alpha Works Curve 200,5.000.000đ,5000000,Alpha Works,in-ear,0,1,0,Bluetooth,200.0,5.4,0,0,0,0,1,5000000,5000000,Other,Bluetooth,925925.9259259258,25000.0
cellphones,https://cellphones.com.vn/tai-nghe-khong-day-anker-soundcore-a25i.html,Tai nghe Bluetooth True Wireless Anker Soundcore A25i,5.000.000đ,5000000,Anker,in-ear,0,1,1,Bluetooth,28.0,12.23,0,0,0,1,1,5000000,5000000,Other,Bluetooth,408830.7440719542,178571.42857142858
cellphones,https://cellphones.com.vn/tai-nghe-khong-day-soundpeats-life-lite.html,Tai nghe Bluetooth True Wireless SoundPEATS Life Lite,5.000.000đ,5000000,Soundpeats,in-ear,0,1,1,Bluetooth,23.0,4.03,0,0,0,0,1,5000000,5000000,Soundpeats,Bluetooth,1240694.7890818857,217391.30434782608
cellphones,https://cellphones.com.vn/tai-nghe-bluetooth-marshall-minor-3.html,Tai nghe Bluetooth True Wireless Marshall Minor 3 (III),2.250.000đ,2250000,Marshall,in-ear,0,1,1,Bluetooth,25.0,4.0,0,0,0,0,1,2250000,2250000,Other,Bluetooth,562500.0,90000.0
cellphones,https://cellphones.com.vn/tai-nghe-khong-day-huawei-freebuds-se.html,Tai nghe Bluetooth True Wireless Huawei Freebuds SE,420.000đ,420000,Huawei,in-ear,0,1,1,Bluetooth,8.0,5.1,0,0,1,0,1,420000,420000,Other,Bluetooth,82352.94117647059,52500.0
cellphones,https://cellphones.com.vn/tai-nghe-bluetooth-havit-tw984.html,Tai nghe Bluetooth True Wireless Havit TW984,5.000.000đ,5000000,Havit,in-ear,0,1,1,Bluetooth,24.0,4.1,0,0,1,0,1,5000000,5000000,Havit,Bluetooth,1219512.1951219514,208333.33333333334
cellphones,https://cellphones.com.vn/tai-nghe-bluetooth-jbl-live-buds-3.html,Tai nghe Bluetooth True Wireless JBL Live Buds 3,5.000.000đ,5000000,Jbl,in-ear,0,1,1,Bluetooth,3.0,4.6,0,0,0,0,1,5000000,5000000,Jbl,Bluetooth,1086956.5217391306,1666666.6666666667
cellphones,https://cellphones.com.vn/tai-nghe-bluetooth-jbl-quantum-tws.html,Tai nghe Bluetooth True Wireless JBL Quantum TWS,5.000.000đ,5000000,Jbl,in-ear,0,1,0,Bluetooth,16.0,11.0,0,0,0,0,1,5000000,5000000,Jbl,Bluetooth,454545.45454545453,312500.0
cellphones,https://cellphones.com.vn/tai-nghe-bluetooth-edifier-neobuds-plus.html,Tai nghe Bluetooth True Wireless Edifier Neobuds Plus,5.000.000đ,5000000,Edifier,over-ear,0,1,0,Bluetooth,11.0,220.0,1,0,0,1,1,5000000,5000000,Edifier,Bluetooth,22727.272727272728,454545.45454545453
cellphones,https://cellphones.com.vn/tai-nghe-khong-day-realme-buds-q2s.html,Tai nghe Bluetooth True Wireless realme Buds Q2s,250.000đ,250000,Realme,in-ear,0,1,1,Bluetooth,30.0,4.2,0,0,0,0,1,250000,250000,Other,Bluetooth,59523.80952380952,8333.333333333334
cellphones,https://cellphones.com.vn/tai-nghe-bluetooth-tws-philips-tat2220.html,Tai nghe Bluetooth True Wireless Philips TAT2220,5.000.000đ,5000000,Philips,in-ear,0,1,1,Bluetooth,20.0,3.9,0,0,1,0,1,5000000,5000000,Other,Bluetooth,1282051.282051282,250000.0
cellphones,https://cellphones.com.vn/tai-nghe-khong-day-jbl-tune-230tws.html,Tai nghe Bluetooth True Wireless JBL Tune 230 TWS,1.290.000đ,1290000,Jbl,in-ear,0,1,1,Bluetooth,40.0,10.2,0,0,0,0,1,1290000,1290000,Jbl,Bluetooth,126470.58823529413,32250.0
cellphones,https://cellphones.com.vn/tai-nghe-sony-wf-c700.html,Tai nghe Bluetooth True Wireless Sony WF-C700N,2.090.000đ,2090000,Sony,in-ear,0,1,0,Type C+Bluetooth,10.0,4.6,0,0,0,0,1,2090000,2090000,Sony,Type C+Bluetooth,454347.82608695654,209000.0
cellphones,https://cellphones.com.vn/tai-nghe-bluetooth-ugreen-hitune-h5.html,Tai nghe Bluetooth True Wireless Ugreen Hitune H5 - WS201,5.000.000đ,5000000,Ugreen,in-ear,0,1,1,Bluetooth,24.0,3.6,1,0,0,1,1,5000000,5000000,Other,Bluetooth,1388888.8888888888,208333.33333333334
cellphones,https://cellphones.com.vn/tai-nghe-bluetooth-robot-airbuds-t50s.html,Tai nghe Bluetooth True Wireless Robot Airbuds T50s,250.000đ,250000,Robot,in-ear,0,1,1,Bluetooth,28.0,3.0,1,0,0,1,1,250000,250000,Other,Bluetooth,83333.33333333333,8928.57142857143
cellphones,https://cellphones.com.vn/tai-nghe-bluetooth-oppo-enco-buds-2.html,Tai nghe Bluetooth True Wireless OPPO Enco Buds 2,590.000đ,590000,Oppo,in-ear,0,1,0,Bluetooth,28.0,4.0,0,0,0,0,1,590000,590000,Other,Bluetooth,147500.0,21071.428571428572
cellphones,https://cellphones.com.vn/tai-nghe-khong-day-lg-tone-free-fp8.html,Tai nghe Bluetooth True Wireless LG Tone Free FP8,1.290.000đ,1290000,Lg,in-ear,0,1,1,Bluetooth,24.0,5.2,0,0,0,0,1,1290000,1290000,Other,Bluetooth,248076.92307692306,53750.0
cellphones,https://cellphones.com.vn/tai-nghe-khong-day-soundpeats-air-6.html,Tai nghe Bluetooth True Wireless SoundPEATS Air 6,5.000.000đ,5000000,Soundpeats,in-ear,0,1,0,Bluetooth,6.0,6.1,0,0,0,1,1,5000000,5000000,Soundpeats,Bluetooth,819672.131147541,833333.3333333334
cellphones,https://cellphones.com.vn/tai-nghe-khong-day-soundpeats-air-6-pro.html,Tai nghe Bluetooth True Wireless SoundPEATS Air 6 Pro,5.000.000đ,5000000,Soundpeats,in-ear,0,1,0,Bluetooth,24.0,6.1,0,0,1,1,1,5000000,5000000,Soundpeats,Bluetooth,819672.131147541,208333.33333333334
cellphones,https://cellphones.com.vn/tai-nghe-bluetooth-defunc-true-anc.html,Tai nghe Bluetooth True Wireless Defunc True ANC,5.000.000đ,5000000,Defunc,in-ear,0,1,1,Bluetooth,25.0,45.0,0,0,0,1,1,5000000,5000000,Other,Bluetooth,111111.11111111111,200000.0
cellphones,https://cellphones.com.vn/tai-nghe-khong-day-earfun-air-mini-2.html,Tai nghe Bluetooth True Wireless EarFun Air Mini 2,390.000₫,390000,Earfun,in-ear,0,1,0,Bluetooth,2.0,7.0,0,0,0,0,1,390000,390000,Other,Bluetooth,55714.28571428572,195000.0
cellphones,https://cellphones.com.vn/tai-nghe-khong-day-havit-tw980.html,Tai Nghe Bluetooth True Wireless Havit TW980,5.000.000đ,5000000,Havit,in-ear,0,1,0,Bluetooth,23.0,5.5,0,0,0,0,1,5000000,5000000,Havit,Bluetooth,909090.9090909091,217391.30434782608
cellphones,https://cellphones.com.vn/tai-nghe-khong-day-xiaomi-redmi-buds-4.html,Tai nghe Bluetooth True Wireless Xiaomi Redmi Buds 4,650.000đ,650000,Xiaomi,in-ear,0,1,0,Type C+Bluetooth,6.0,4.5,0,0,0,0,1,650000,650000,Xiaomi,Type C+Bluetooth,144444.44444444444,108333.33333333333
cellphones,https://cellphones.com.vn/tai-nghe-khong-day-jbl-tune-115tws.html,Tai nghe Bluetooth True Wireless JBL Tune 115 TWS,1.190.000đ,1190000,Jbl,in-ear,0,1,1,Bluetooth,21.0,10.3,0,0,0,0,1,1190000,1190000,Jbl,Bluetooth,115533.98058252427,56666.666666666664
cellphones,https://cellphones.com.vn/tai-nghe-khong-day-jbl-wave-flex-2.html,Tai nghe Bluetooth True Wireless JBL Wave Flex 2,5.000.000đ,5000000,Jbl,in-ear,0,1,0,Bluetooth,2.0,19.009999999999998,0,0,0,1,1,5000000,5000000,Jbl,Bluetooth,263019.4634402946,2500000.0
cellphones,https://cellphones.com.vn/tai-nghe-bluetooth-trusmi-w15.html,Tai nghe Bluetooth True Wireless Trusmi W15,5.000.000đ,5000000,Trusmi,in-ear,0,1,1,Bluetooth,15.0,3.0,1,0,0,1,1,5000000,5000000,Other,Bluetooth,1666666.6666666667,333333.3333333333
cellphones,https://cellphones.com.vn/tai-nghe-khong-day-marshall-motif-anc.html,Tai nghe Bluetooth True Wireless Marshall Motif ANC,4.110.000đ,4110000,Marshall,in-ear,0,1,1,Bluetooth,26.0,4.25,0,0,0,0,1,4110000,4110000,Other,Bluetooth,967058.8235294118,158076.92307692306
cellphones,https://cellphones.com.vn/tai-nghe-bluetooth-baseus-bowie-e11.html,Tai nghe Bluetooth True Wireless Baseus Bowie E11,260.000đ,260000,Baseus,in-ear,0,1,1,Bluetooth,30.0,3.5,0,0,0,0,1,260000,260000,Baseus,Bluetooth,74285.71428571429,8666.666666666666
cellphones,https://cellphones.com.vn/tai-nghe-khong-day-havit-tw959.html,Tai nghe Bluetooth True Wireless Havit TW959,250.000đ,250000,Havit,in-ear,0,1,1,Bluetooth,20.0,204.0,0,0,0,1,1,250000,250000,Havit,Bluetooth,1225.4901960784314,12500.0
cellphones,https://cellphones.com.vn/tai-nghe-khong-day-havit-tw932.html,Tai nghe Bluetooth True Wireless Havit TW932,150.000đ,150000,Havit,in-ear,0,1,1,Bluetooth,16.0,204.0,0,0,0,1,1,150000,150000,Havit,Bluetooth,735.2941176470588,9375.0
cellphones,https://cellphones.com.vn/tai-nghe-khong-day-soundpeats-air-6-lite.html,Tai nghe Bluetooth True Wireless SoundPEATS Air 6 Lite,5.000.000đ,5000000,Soundpeats,in-ear,0,1,0,Bluetooth,24.0,44.09,0,0,1,0,1,5000000,5000000,Soundpeats,Bluetooth,113404.40009072352,208333.33333333334
cellphones,https://cellphones.com.vn/tai-nghe-khong-day-soundpeats-capsule-5-pro.html,Tai nghe Bluetooth True Wireless SoundPEATS Capsule 5 Pro,5.000.000đ,5000000,Soundpeats,in-ear,0,1,0,Bluetooth,24.0,6.1,0,0,1,1,1,5000000,5000000,Soundpeats,Bluetooth,819672.131147541,208333.33333333334
cellphones,https://cellphones.com.vn/tai-nghe-bluetooth-tws-philips-tat2120.html,Tai nghe Bluetooth True Wireless Philips TAT2120,5.000.000đ,5000000,Philips,in-ear,0,1,0,Bluetooth,7.0,25.45,0,0,0,1,1,5000000,5000000,Other,Bluetooth,196463.65422396857,714285.7142857143
cellphones,https://cellphones.com.vn/tai-nghe-bluetooth-defunc-true-sport.html,Tai nghe Bluetooth True Wireless Defunc True Sport,5.000.000đ,5000000,Defunc,in-ear,0,1,0,Bluetooth,25.0,45.0,0,0,1,1,1,5000000,5000000,Other,Bluetooth,111111.11111111111,200000.0
cellphones,https://cellphones.com.vn/tai-nghe-khong-day-xiaomi-buds-5.html,Tai nghe Bluetooth True Wireless Xiaomi Buds 5,2.090.000đ,2090000,Xiaomi,in-ear,0,1,1,Bluetooth,5.0,4.2,0,0,0,0,1,2090000,2090000,Xiaomi,Bluetooth,497619.0476190476,418000.0
cellphones,https://cellphones.com.vn/tai-nghe-khong-day-inpods-12.html,Tai nghe Bluetooth True Wireless Inpods i12,50.000đ,50000,Hãng Khác,in-ear,0,1,1,Bluetooth,4.0,27.75,0,0,0,1,1,50000,50000,Other,Bluetooth,1801.8018018018017,12500.0
cellphones,https://cellphones.com.vn/tai-nghe-khong-day-havit-tw945.html,Tai nghe Bluetooth True Wireless Havit TW945,190.000đ,190000,Havit,in-ear,0,1,0,Bluetooth,24.0,204.0,0,0,1,1,1,190000,190000,Havit,Bluetooth,931.3725490196078,7916.666666666667
cellphones,https://cellphones.com.vn/tai-nghe-khong-day-xiaomi-redmi-buds-5-pro.html,Tai nghe Bluetooth True Wireless Xiaomi Redmi Buds 5 Pro,1.490.000đ,1490000,Xiaomi,in-ear,0,1,0,Bluetooth,10.0,5.1,0,0,0,0,1,1490000,1490000,Xiaomi,Bluetooth,292156.8627450981,149000.0
cellphones,https://cellphones.com.vn/tai-nghe-khong-day-soundpeats-mac.html,Tai nghe Bluetooth True Wireless SoundPEATS Mac,390.000đ,390000,Soundpeats,in-ear,0,1,0,Bluetooth,9.0,6.1,0,0,0,1,1,390000,390000,Soundpeats,Bluetooth,63934.4262295082,43333.333333333336
cellphones,https://cellphones.com.vn/tai-nghe-khong-day-sony-wf-1000xm4.html,Tai nghe Bluetooth True Wireless Sony WF-1000XM4,4.900.000đ,4900000,Sony,in-ear,0,1,1,Bluetooth,16.0,7.3,0,0,0,0,1,4900000,4900000,Sony,Bluetooth,671232.8767123288,306250.0
cellphones,https://cellphones.com.vn/tai-nghe-khong-day-lg-tone-free-fp5.html,Tai nghe Bluetooth True Wireless LG Tone Free FP5,950.000đ,950000,Lg,in-ear,0,1,1,Bluetooth,22.0,5.2,0,0,0,0,1,950000,950000,Other,Bluetooth,182692.3076923077,43181.818181818184
cellphones,https://cellphones.com.vn/tai-nghe-khong-day-edifier-hecate-gx05.html,Tai nghe Bluetooth True Wireless Edifier Hecate GX05,1.790.000đ,1790000,Edifier,in-ear,0,1,0,Bluetooth,5.0,4.6,0,0,0,0,1,1790000,1790000,Edifier,Bluetooth,389130.4347826087,358000.0
cellphones,https://cellphones.com.vn/tai-nghe-khong-day-sony-linkbuds-s.html,Tai nghe Bluetooth True Wireless Sony Linkbuds S,2.490.000đ,2490000,Sony,over-ear,0,1,0,Bluetooth,25.0,139.5,1,0,1,1,1,2490000,2490000,Sony,Bluetooth,17849.462365591397,99600.0
cellphones,https://cellphones.com.vn/tai-nghe-khong-day-xiaomi-redmi-buds-4-active.html,Tai nghe Bluetooth True Wireless Xiaomi Redmi Buds 4 Active,320.000đ,320000,Xiaomi,in-ear,0,1,1,Bluetooth,28.0,3.65,0,0,0,0,1,320000,320000,Xiaomi,Bluetooth,87671.23287671233,11428.57142857143
cellphones,https://cellphones.com.vn/tai-nghe-bluetooth-jabra-elite-4-active.html,Tai nghe Bluetooth True Wireless Jabra Elite 4 Active,1.990.000đ,1990000,Jabra,in-ear,0,1,1,Bluetooth,28.0,5.0,0,0,0,0,1,1990000,1990000,Other,Bluetooth,398000.0,71071.42857142857
cellphones,https://cellphones.com.vn/tai-nghe-khong-day-soundpeats-trueair-2.html,Tai nghe Bluetooth True Wireless SoundPEATS True Air 2,790.000đ,790000,Soundpeats,in-ear,0,1,0,Bluetooth,2.0,2.0,0,0,0,0,1,790000,790000,Soundpeats,Bluetooth,395000.0,395000.0
cellphones,https://cellphones.com.vn/tai-nghe-khong-day-jabra-elite-75t.html,Tai nghe Bluetooth True Wireless Jabra Elite 75T,1.490.000đ,1490000,Jabra,in-ear,0,1,1,Bluetooth,28.0,5.5,0,0,0,0,1,1490000,1490000,Other,Bluetooth,270909.0909090909,53214.28571428572
cellphones,https://cellphones.com.vn/tai-nghe-khong-day-huawei-freebuds-se-3.html,Tai nghe Bluetooth True Wireless Huawei FreeBuds SE 3,5.000.000đ,5000000,Huawei,in-ear,0,1,0,Bluetooth,9.0,3.8,0,0,0,0,1,5000000,5000000,Other,Bluetooth,1315789.4736842106,555555.5555555555
cellphones,https://cellphones.com.vn/tai-nghe-khong-day-jabra-elite-85t.html,Tai nghe Bluetooth True Wireless Jabra Elite 85t,5.990.000đ,5990000,Jabra,in-ear,0,1,0,Bluetooth,25.0,5.25,0,0,0,1,1,5990000,5990000,Other,Bluetooth,1140952.380952381,239600.0
cellphones,https://cellphones.com.vn/tai-nghe-khong-day-oneplus-nord-buds-2r.html,Tai nghe Bluetooth True Wireless OnePlus Nord Buds 2r,5.000.000đ,5000000,Hãng Khác,in-ear,0,1,0,Bluetooth,38.0,27.75,0,0,0,1,1,5000000,5000000,Other,Bluetooth,180180.18018018018,131578.94736842104
cellphones,https://cellphones.com.vn/tai-nghe-khong-day-realme-buds-air-6.html,Tai nghe Bluetooth True Wireless Realme Buds Air 6,5.000.000đ,5000000,Realme,in-ear,0,1,0,Bluetooth,6.0,4.15,1,0,0,1,1,5000000,5000000,Other,Bluetooth,1204819.2771084337,833333.3333333334
cellphones,https://cellphones.com.vn/tai-nghe-bluetooth-trusmi-w16.html,Tai nghe Bluetooth True Wireless Trusmi W16,5.000.000đ,5000000,Trusmi,in-ear,0,1,1,Bluetooth,16.0,3.0,0,0,0,0,1,5000000,5000000,Other,Bluetooth,1666666.6666666667,312500.0
cellphones,https://cellphones.com.vn/tai-nghe-bluetooth-defunc-true-talk.html,Tai nghe Bluetooth True Wireless Defunc True Talk,5.000.000đ,5000000,Defunc,in-ear,0,1,1,Bluetooth,25.0,45.0,0,0,0,1,1,5000000,5000000,Other,Bluetooth,111111.11111111111,200000.0
cellphones,https://cellphones.com.vn/tai-nghe-bluetooth-edifier-neobuds-planar.html,Tai nghe Bluetooth True Wireless Edifier Neobuds Planar,5.000.000đ,5000000,Edifier,over-ear,0,1,1,Bluetooth,24.0,220.0,1,0,0,1,1,5000000,5000000,Edifier,Bluetooth,22727.272727272728,208333.33333333334
cellphones,https://cellphones.com.vn/tai-nghe-khong-day-soundpeats-opera-03.html,Tai nghe Bluetooth True Wireless SoundPEATS Opera 03,1.340.000đ,1340000,Soundpeats,in-ear,0,1,0,Bluetooth,3.0,6.1,0,0,0,1,1,1340000,1340000,Soundpeats,Bluetooth,219672.131147541,446666.6666666667
cellphones,https://cellphones.com.vn/tai-nghe-khong-day-jbl-live-pro-plus.html,Tai nghe Bluetooth True Wireless JBL Live Pro+,1.990.000đ,1990000,Jbl,in-ear,0,1,0,Bluetooth,32.5,19.009999999999998,0,0,1,1,1,1990000,1990000,Jbl,Bluetooth,104681.74644923725,61230.769230769234
cellphones,https://cellphones.com.vn/tai-nghe-bluetooth-baseus-wm01.html,Tai nghe Bluetooth True Wireless Baseus WM01,290.000đ,290000,Baseus,in-ear,0,1,0,Bluetooth,5.0,4.0,0,0,0,0,1,290000,290000,Baseus,Bluetooth,72500.0,58000.0
cellphones,https://cellphones.com.vn/tai-nghe-khong-day-havit-tw971.html,Tai nghe Bluetooth True Wireless Havit TW971,220.000đ,220000,Havit,in-ear,0,1,0,Bluetooth,24.0,204.0,0,0,1,1,1,220000,220000,Havit,Bluetooth,1078.4313725490197,9166.666666666666
cellphones,https://cellphones.com.vn/tai-nghe-khong-day-soundpeats-trueair-3.html,Tai nghe Bluetooth True Wireless SoundPEATS Air 3,990.000đ,990000,Soundpeats,in-ear,0,1,1,Bluetooth,3.0,4.0,0,0,0,0,1,990000,990000,Soundpeats,Bluetooth,247500.0,330000.0
cellphones,https://cellphones.com.vn/tai-nghe-khong-day-huawei-freebuds-pro-2.html,Tai nghe Bluetooth True Wireless Huawei Freebuds Pro 2,2.590.000đ,2590000,Huawei,in-ear,0,1,0,Bluetooth,2.0,5.4,0,0,0,1,1,2590000,2590000,Other,Bluetooth,479629.6296296296,1295000.0
cellphones,https://cellphones.com.vn/tai-nghe-khong-day-xiaomi-redmi-buds-3.html,Tai nghe Bluetooth True Wireless Xiaomi Redmi Buds 3,890.000đ,890000,Xiaomi,in-ear,0,1,1,Bluetooth,20.0,4.5,0,0,0,0,1,890000,890000,Xiaomi,Bluetooth,197777.77777777778,44500.0
cellphones,https://cellphones.com.vn/tai-nghe-nhet-tai-riversong-airfly-l3.html,Tai nghe Bluetooth True Wireless Riversong Airfly L3,290.000đ,290000,Riversong,in-ear,0,1,0,Type C+Bluetooth,6.0,40.0,1,0,0,1,1,290000,290000,Other,Type C+Bluetooth,7250.0,48333.333333333336
cellphones,https://cellphones.com.vn/tai-nghe-bluetooth-edifier-x5-pro.html,Tai nghe Bluetooth True Wireless Edifier X5 Pro,690.000đ,690000,Edifier,over-ear,0,1,1,Bluetooth,24.0,220.0,1,0,0,1,1,690000,690000,Edifier,Bluetooth,3136.3636363636365,28750.0
cellphones,https://cellphones.com.vn/tai-nghe-khong-day-huawei-freebuds-pro-3.html,Tai nghe Bluetooth True Wireless Huawei Freebuds Pro 3,2.490.000đ,2490000,Huawei,in-ear,0,1,0,Bluetooth,6.0,58.0,0,0,0,0,1,2490000,2490000,Other,Bluetooth,42931.03448275862,415000.0
cellphones,https://cellphones.com.vn/tai-nghe-khong-day-xiaomi-redmi-buds-4-pro.html,Tai nghe Bluetooth True Wireless Xiaomi Redmi Buds 4 Pro,1.190.000đ,1190000,Xiaomi,in-ear,0,1,0,Bluetooth,12.0,5.2,0,0,1,1,1,1190000,1190000,Xiaomi,Bluetooth,228846.15384615384,99166.66666666667
cellphones,https://cellphones.com.vn/tai-nghe-khong-day-oppo-enco-air-3.html,Tai nghe Bluetooth True Wireless OPPO Enco Air 3,990.000đ,990000,Oppo,in-ear,0,1,1,Bluetooth,25.0,3.7,0,0,0,0,1,990000,990000,Other,Bluetooth,267567.5675675676,39600.0
cellphones,https://cellphones.com.vn/tai-nghe-khong-day-soundpeats-capsule-3-pro-transparent.html,Tai nghe Bluetooth True Wireless SoundPEATS Capsule 3 Pro Transparent,950.000đ,950000,Soundpeats,in-ear,0,1,1,Bluetooth,24.0,5.0,0,0,1,0,1,950000,950000,Soundpeats,Bluetooth,190000.0,39583.333333333336
cellphones,https://cellphones.com.vn/tai-nghe-khong-day-havit-tw969.html,Tai nghe Bluetooth True Wireless Havit TW969,199.000đ,199000,Havit,in-ear,0,1,0,Bluetooth,24.0,204.0,0,0,1,1,1,199000,199000,Havit,Bluetooth,975.4901960784314,8291.666666666666
cellphones,https://cellphones.com.vn/tai-nghe-khong-day-marshall-mode-ii.html,Tai nghe Bluetooth True Wireless Marshall Mode II,4.690.000đ,4690000,Marshall,in-ear,0,1,0,Bluetooth,30.0,7.39,0,0,1,1,1,4690000,4690000,Other,Bluetooth,634641.4073071718,156333.33333333334
cellphones,https://cellphones.com.vn/tai-nghe-khong-day-xiaomi-redmi-buds-3-lite.html,Tai nghe Bluetooth True Wireless Xiaomi Redmi Buds 3 Lite,590.000đ,590000,Xiaomi,in-ear,0,1,1,Bluetooth,18.0,4.2,0,0,0,0,1,590000,590000,Xiaomi,Bluetooth,140476.19047619047,32777.77777777778
cellphones,https://cellphones.com.vn/tai-nghe-soundpeats-air-3-deluxe-hs.html,Tai nghe Bluetooth True Wireless SoundPEATS Air3 Deluxe HS,890.000đ,890000,Soundpeats,in-ear,0,1,1,Bluetooth,20.0,6.1,0,0,0,1,1,890000,890000,Soundpeats,Bluetooth,145901.6393442623,44500.0
cellphones,https://cellphones.com.vn/tai-nghe-khong-day-xiaomi-buds-3.html,Tai nghe Bluetooth True Wireless Xiaomi Buds 3,990.000đ,990000,Xiaomi,in-ear,0,1,1,Bluetooth,32.0,4.6,0,0,0,0,1,990000,990000,Xiaomi,Bluetooth,215217.39130434784,30937.5
cellphones,https://cellphones.com.vn/tai-nghe-khong-day-havit-tw960.html,Tai nghe Bluetooth True Wireless Havit TW960,350.000đ,350000,Havit,in-ear,0,1,0,Bluetooth,24.0,4.0,0,0,1,0,1,350000,350000,Havit,Bluetooth,87500.0,14583.333333333334
cellphones,https://cellphones.com.vn/tai-nghe-khong-day-havit-tw970.html,Tai nghe Bluetooth True Wireless Havit TW970,490.000đ,490000,Havit,in-ear,0,1,0,Bluetooth,24.0,204.0,0,0,1,1,1,490000,490000,Havit,Bluetooth,2401.9607843137255,20416.666666666668
cellphones,https://cellphones.com.vn/tai-nghe-khong-day-oppo-enco-air-2.html,Tai nghe Bluetooth True Wireless OPPO Enco Air 2,690.000đ,690000,Oppo,in-ear,0,1,1,Bluetooth,24.0,3.5,0,0,0,0,1,690000,690000,Other,Bluetooth,197142.85714285713,28750.0
cellphones,https://cellphones.com.vn/tai-nghe-bluetooth-soundpeats-breezy.html,Tai nghe Bluetooth True Wireless SoundPeats Breezy,690.000đ,690000,Soundpeats,in-ear,0,1,0,Bluetooth,24.0,6.1,0,0,1,1,1,690000,690000,Soundpeats,Bluetooth,113114.75409836066,28750.0
cellphones,https://cellphones.com.vn/tai-nghe-bluetooth-jabra-elite-10.html,Tai nghe Bluetooth True Wireless Jabra Elite 10,4.490.000đ,4490000,Jabra,in-ear,0,1,1,Bluetooth,36.0,5.25,0,0,0,1,1,4490000,4490000,Other,Bluetooth,855238.0952380953,124722.22222222222
cellphones,https://cellphones.com.vn/tai-nghe-khong-day-defunc-true-basic.html,Tai nghe Bluetooth True Wireless Defunc True Basic,790.000đ,790000,Defunc,in-ear,0,1,1,Bluetooth,12.0,45.0,0,0,0,0,1,790000,790000,Other,Bluetooth,17555.555555555555,65833.33333333333
cellphones,https://cellphones.com.vn/tai-nghe-apple-powerbeats-fit.html,Tai nghe Bluetooth True Wireless Apple Powerbeats Fit 2025,5.000.000đ,5000000,Apple,in-ear,0,1,1,Bluetooth,30.0,5.78,0,0,0,0,1,5000000,5000000,Other,Bluetooth,865051.9031141868,166666.66666666666
cellphones,https://cellphones.com.vn/tai-nghe-bluetooth-oppo-enco-x3i.html,Tai nghe Bluetooth True Wireless OPPO Enco X3i,2.635.000đ,2635000,Oppo,in-ear,0,1,1,Bluetooth,28.0,4.8,0,0,1,0,1,2635000,2635000,Other,Bluetooth,548958.3333333334,94107.14285714286
cellphones,https://cellphones.com.vn/tai-nghe-khong-day-soundpeats-air3-deluxe.html,Tai nghe Bluetooth True Wireless SoundPEATS Air3 Deluxe,1.690.000đ,1690000,Soundpeats,in-ear,0,1,1,Bluetooth,22.0,6.1,0,0,0,1,1,1690000,1690000,Soundpeats,Bluetooth,277049.18032786885,76818.18181818182
cellphones,https://cellphones.com.vn/tai-nghe-khong-day-jbl-club-pro-plus.html,Tai nghe Bluetooth True Wireless JBL Club Pro+,2.790.000đ,2790000,Jbl,in-ear,0,1,1,Bluetooth,24.0,13.7,0,0,0,0,1,2790000,2790000,Jbl,Bluetooth,203649.63503649636,116250.0
cellphones,https://cellphones.com.vn/tai-nghe-bluetooth-baseus-bowie-35.html,Tai nghe Bluetooth True Wireless Baseus Bowie 35,890.000đ,890000,Baseus,in-ear,0,1,0,Bluetooth,35.0,42.0,0,0,0,1,1,890000,890000,Baseus,Bluetooth,21190.47619047619,25428.571428571428
cellphones,https://cellphones.com.vn/tai-nghe-khong-day-anker-soundcore-r100-a3981.html,Tai nghe Bluetooth True Wireless Anker Soundcore R100 A3981,490.000đ,490000,Anker,in-ear,0,1,1,Bluetooth,25.0,12.23,0,0,0,1,1,490000,490000,Other,Bluetooth,40065.41291905151,19600.0
cellphones,https://cellphones.com.vn/tai-nghe-khong-day-robot-flybuds-t10.html,Tai nghe Bluetooth True Wireless Robot Flybuds T10,240.000đ,240000,Robot,in-ear,0,1,1,Bluetooth,20.0,3.0,1,0,0,1,1,240000,240000,Other,Bluetooth,80000.0,12000.0
cellphones,https://cellphones.com.vn/tai-nghe-khong-day-baseus-bowie-e3.html,Tai nghe Bluetooth True Wireless Baseus Bowie E3,490.000đ,490000,Baseus,in-ear,0,1,0,Bluetooth,5.0,42.0,0,0,0,1,1,490000,490000,Baseus,Bluetooth,11666.666666666666,98000.0
cellphones,https://cellphones.com.vn/tai-nghe-khong-day-anker-soundcore-life-p2-mini-a3944.html,Tai nghe Bluetooth True Wireless Anker Soundcore Life P2 Mini A3944,520.000đ,520000,Anker,in-ear,0,1,1,Bluetooth,32.0,4.6,0,0,0,0,1,520000,520000,Other,Bluetooth,113043.47826086957,16250.0
cellphones,https://cellphones.com.vn/tai-nghe-bluetooth-edifier-w320tn.html,Tai nghe Bluetooth True Wireless Edifier W320TN,1.490.000đ,1490000,Edifier,in-ear,0,1,1,Bluetooth,200.0,51.0,0,0,0,0,1,1490000,1490000,Edifier,Bluetooth,29215.686274509804,7450.0
cellphones,https://cellphones.com.vn/tai-nghe-khong-day-soundpeats-mini-pro.html,Tai nghe Bluetooth True Wireless SoundPEATS Mini Pro,750.000đ,750000,Soundpeats,in-ear,0,1,1,Bluetooth,21.0,4.97,0,0,0,0,1,750000,750000,Soundpeats,Bluetooth,150905.43259557345,35714.28571428572
cellphones,https://cellphones.com.vn/tai-nghe-khong-day-edifier-w220t.html,Tai nghe Bluetooth True Wireless Edifier W220T,790.000đ,790000,Edifier,in-ear,0,1,0,Bluetooth,200.0,42.0,0,0,0,0,1,790000,790000,Edifier,Bluetooth,18809.52380952381,3950.0
cellphones,https://cellphones.com.vn/tai-nghe-khong-day-pamu-slide-plus.html,Tai nghe Bluetooth True Wireless Padmate Pamu Slide Plus,1.700.000đ,1700000,Padmate,in-ear,0,1,1,Bluetooth,60.0,4.8,1,0,0,1,1,1700000,1700000,Other,Bluetooth,354166.6666666667,28333.333333333332
cellphones,https://cellphones.com.vn/tai-nghe-bluetooth-pisen-buds-p1.html,Tai nghe Bluetooth True Wireless Pisen Buds P1,290.000đ,290000,Pisen,in-ear,0,1,1,Bluetooth,1.0,3.0,0,0,0,0,1,290000,290000,Other,Bluetooth,96666.66666666667,290000.0
cellphones,https://cellphones.com.vn/tai-nghe-bluetooth-edifier-neobuds-pro.html,Tai nghe Bluetooth True Wireless Edifier Neobuds Pro,3.160.000đ,3160000,Edifier,in-ear,0,1,1,Bluetooth,24.0,5.4,0,0,0,0,1,3160000,3160000,Edifier,Bluetooth,585185.1851851852,131666.66666666666
cellphones,https://cellphones.com.vn/tai-nghe-bluetooth-devia-star-series-anc-e1.html,Tai nghe Bluetooth True Wireless Devia Star Series ANC-E1,299.000đ,299000,Devia,in-ear,0,1,0,Bluetooth,1.0,30.0,0,0,0,0,1,299000,299000,Other,Bluetooth,9966.666666666666,299000.0
cellphones,https://cellphones.com.vn/tai-nghe-khong-day-truefree-t3.html,Tai nghe Bluetooth True Wireless TRUEFREE T3,290.000đ,290000,Soundpeats,in-ear,0,1,1,Bluetooth,28.0,3.5,0,0,0,0,1,290000,290000,Soundpeats,Bluetooth,82857.14285714286,10357.142857142857
cellphones,https://cellphones.com.vn/tai-nghe-khong-day-havit-tw948.html,Tai nghe Bluetooth True Wireless Havit TW948,150.000đ,150000,Havit,in-ear,0,1,1,Bluetooth,18.0,204.0,0,0,0,1,1,150000,150000,Havit,Bluetooth,735.2941176470588,8333.333333333334
cellphones,https://cellphones.com.vn/tai-nghe-khong-day-anker-soundcore-life-note-e-a3943.html,Tai nghe Bluetooth True Wireless Anker Soundcore Life Note E A3943,790.000đ,790000,Anker,in-ear,0,1,1,Bluetooth,32.0,12.23,0,0,0,1,1,790000,790000,Other,Bluetooth,64595.25756336877,24687.5
cellphones,https://cellphones.com.vn/tai-nghe-bluetooth-riversong-airfly-t2.html,Tai nghe Bluetooth True Wireless Riversong Airfly T2,540.000đ,540000,Hãng Khác,in-ear,0,1,1,Bluetooth,2.0,27.75,0,0,0,1,1,540000,540000,Other,Bluetooth,19459.45945945946,270000.0
cellphones,https://cellphones.com.vn/tai-nghe-bluetooth-robot-airbuds-t30.html,Tai nghe Bluetooth True Wireless Robot Airbuds T30,220.000đ,220000,Robot,in-ear,0,1,1,Bluetooth,18.0,3.0,0,0,0,0,1,220000,220000,Other,Bluetooth,73333.33333333333,12222.222222222223
cellphones,https://cellphones.com.vn/tai-nghe-bluetooth-qcy-t1c.html,Tai nghe Bluetooth True Wireless QCY T1C,175.000đ,175000,Qcy,in-ear,0,1,0,Bluetooth,40.0,6.55,0,0,1,1,1,175000,175000,Other,Bluetooth,26717.557251908398,4375.0
cellphones,https://cellphones.com.vn/tai-nghe-true-wireless-jabra-elite-active-65t.html,Tai nghe True Wireless Jabra Elite Active 65T,4.800.000đ,4800000,Jabra,in-ear,0,1,0,Bluetooth,15.0,6.5,0,0,0,0,1,4800000,4800000,Other,Bluetooth,738461.5384615385,320000.0
cellphones,https://cellphones.com.vn/tai-nghe-khong-day-vivan-liberty-x1.html,Tai nghe Bluetooth True Wireless VIVAN Liberty X1,690.000đ,690000,Vivan,in-ear,0,1,0,Bluetooth,33.0,40.0,1,0,0,1,1,690000,690000,Other,Bluetooth,17250.0,20909.090909090908
cellphones,https://cellphones.com.vn/tai-nghe-bluetooth-soundpeats-air-3-pro.html,Tai nghe Bluetooth True Wireless SoundPEATS Air3 Pro,990.000đ,990000,Soundpeats,in-ear,0,1,0,Bluetooth,24.0,6.1,0,0,1,1,1,990000,990000,Soundpeats,Bluetooth,162295.08196721313,41250.0
cellphones,https://cellphones.com.vn/tai-nghe-khong-day-soundpeats-mini-pro-hs.html,Tai nghe Bluetooth True Wireless SoundPEATS Mini Pro Hs,990.000đ,990000,Soundpeats,in-ear,0,1,1,Bluetooth,20.0,5.0,0,0,0,0,1,990000,990000,Soundpeats,Bluetooth,198000.0,49500.0
cellphones,https://cellphones.com.vn/tai-nghe-bluetooth-tws-philips-tat3569.html,Tai nghe Bluetooth True Wireless Philips TAT3569,5.000.000đ,5000000,Philips,in-ear,0,1,1,Bluetooth,20.0,25.45,0,0,1,1,1,5000000,5000000,Other,Bluetooth,196463.65422396857,250000.0
cellphones,https://cellphones.com.vn/tai-nghe-bluetooth-edifier-tws200-plus.html,Tai nghe Bluetooth True Wireless Edifier TWS200 Plus,1.420.000đ,1420000,Edifier,over-ear,0,1,1,Bluetooth,18.0,220.0,1,0,0,1,1,1420000,1420000,Edifier,Bluetooth,6454.545454545455,78888.88888888889
cellphones,https://cellphones.com.vn/tai-nghe-khong-day-baseus-bowie-e13.html,Tai nghe Bluetooth True Wireless Baseus Bowie E13,270.000đ,270000,Baseus,in-ear,0,1,1,Bluetooth,13.0,6.0,0,0,0,0,1,270000,270000,Baseus,Bluetooth,45000.0,20769.23076923077
cellphones,https://cellphones.com.vn/tai-nghe-khong-day-soundpeats-truengine-3-se.html,Tai nghe Bluetooth True Wireless SoundPEATS Truengine 3 SE,799.000đ,799000,Soundpeats,in-ear,0,1,1,Bluetooth,30.0,6.1,0,0,0,1,1,799000,799000,Soundpeats,Bluetooth,130983.60655737706,26633.333333333332
cellphones,https://cellphones.com.vn/tai-nghe-khong-day-soundpeats-true-free-2.html,Tai nghe Bluetooth True Wireless SoundPEATS Truefree 2,450.000đ,450000,Soundpeats,in-ear,0,1,1,Bluetooth,20.0,47.49,0,0,0,0,1,450000,450000,Soundpeats,Bluetooth,9475.679090334806,22500.0
cellphones,https://cellphones.com.vn/tai-nghe-khong-day-sennheiser-cx-plus-se.html,Tai nghe Bluetooth True Wireless Sennheiser CX Plus SE,2.990.000đ,2990000,Sennheiser,over-ear,0,1,1,Bluetooth,16.0,229.5,1,0,0,1,1,2990000,2990000,Sennheiser,Bluetooth,13028.322440087146,186875.0
cellphones,https://cellphones.com.vn/tai-nghe-khong-day-earfun-air-pro.html,Tai nghe Bluetooth True Wireless EarFun Air Pro,890.000đ,890000,Earfun,in-ear,0,1,1,Bluetooth,23.0,49.2,0,0,0,1,1,890000,890000,Other,Bluetooth,18089.43089430894,38695.65217391304
cellphones,https://cellphones.com.vn/tai-nghe-bluetooth-pisen-buds-p1-plus.html,Tai nghe Bluetooth True Wireless Pisen Buds P1 Plus,490.000đ,490000,Pisen,in-ear,0,1,1,Bluetooth,25.0,3.5,0,0,0,0,1,490000,490000,Other,Bluetooth,140000.0,19600.0
cellphones,https://cellphones.com.vn/tai-nghe-bluetooth-true-wireless-bowers-wilkins-pi7-s2.html,Tai nghe Bluetooth True Wireless Bowers & Wilkins Pi7 S2,5.000.000đ,5000000,Bowers & Wilkins,in-ear,0,1,0,3.5mm+Bluetooth,5.0,7.0,0,0,0,0,1,5000000,5000000,Other,3.5mm+Bluetooth,714285.7142857143,1000000.0
cellphones,https://cellphones.com.vn/tai-nghe-bluetooth-true-wireless-baseus-bass-bd1.html,Tai nghe Bluetooth True Wireless Baseus Bass BD1,5.000.000đ,5000000,Baseus,in-ear,0,1,1,Bluetooth,40.0,3.8,0,0,0,0,1,5000000,5000000,Baseus,Bluetooth,1315789.4736842106,125000.0
cellphones,https://cellphones.com.vn/tai-nghe-khong-day-anker-soundcore-life-p2i-a3991.html,Tai nghe Bluetooth True Wireless Anker Soundcore Life P2I A3991,490.000đ,490000,Anker,in-ear,0,1,1,Bluetooth,28.0,4.4,0,0,0,0,1,490000,490000,Other,Bluetooth,111363.63636363635,17500.0
cellphones,https://cellphones.com.vn/tai-nghe-bluetooth-baseus-bowie-m2-plus.html,Tai nghe Bluetooth True Wireless Baseus Bowie M2+,599.000đ,599000,Baseus,in-ear,0,1,1,Bluetooth,30.0,42.3,0,0,0,0,1,599000,599000,Baseus,Bluetooth,14160.756501182033,19966.666666666668
cellphones,https://cellphones.com.vn/tai-nghe-khong-day-noon-east-y13.html,Tai nghe Bluetooth True Wireless Noon East Y13,160.000đ,160000,Hãng Khác,in-ear,0,1,1,Bluetooth,5.0,4.0,0,0,0,0,1,160000,160000,Other,Bluetooth,40000.0,32000.0
cellphones,https://cellphones.com.vn/tai-nghe-khong-day-soundpeats-gamer-no-1.html,Tai nghe Bluetooth True Wireless SoundPEATS Gamer No 1,650.000đ,650000,Soundpeats,in-ear,1,1,1,Bluetooth,25.0,5.0,0,0,0,0,1,650000,650000,Soundpeats,Bluetooth,130000.0,26000.0
cellphones,https://cellphones.com.vn/tai-nghe-khong-day-soul-s-live-50.html,Tai nghe Bluetooth True Wireless Soul S-LIVE 50,5.000.000đ,5000000,Soul,in-ear,0,1,1,Bluetooth,50.0,11.0,1,0,0,1,1,5000000,5000000,Other,Bluetooth,454545.45454545453,100000.0
cellphones,https://cellphones.com.vn/tai-nghe-bluetooth-baseus-bass-bp1-pro.html,Tai nghe Bluetooth True Wireless Baseus Bass BP1 Pro (ANC),5.000.000đ,5000000,Baseus,in-ear,0,1,1,Bluetooth,55.0,3.9,0,0,0,0,1,5000000,5000000,Baseus,Bluetooth,1282051.282051282,90909.09090909091
cellphones,https://cellphones.com.vn/tai-nghe-khong-day-havit-tw935.html,Tai nghe Bluetooth True Wireless Havit TW935,170.000đ,170000,Havit,in-ear,0,1,1,Bluetooth,8.0,3.7,0,0,0,0,1,170000,170000,Havit,Bluetooth,45945.94594594595,21250.0
cellphones,https://cellphones.com.vn/tai-nghe-khong-day-motorola-motobuds-100.html,Tai nghe Bluetooth True Wireless Motorola TWS Motobuds 100,540.000đ,540000,Hãng Khác,in-ear,0,1,1,Bluetooth,9.0,27.75,0,0,0,1,1,540000,540000,Other,Bluetooth,19459.45945945946,60000.0
cellphones,https://cellphones.com.vn/tai-nghe-khong-day-shokz-openfit-2-plus.html,Tai nghe không dây Shokz OpenFit 2 Plus,5.590.000đ,5590000,Shokz,in-ear,0,1,0,Bluetooth,9.0,9.4,0,0,1,0,1,5590000,5590000,Other,Bluetooth,594680.8510638297,621111.1111111111
cellphones,https://cellphones.com.vn/tai-nghe-khong-day-anker-soundcore-a30i.html,Tai nghe không dây ANKER SOUNDCORE A30I,699.000đ,699000,Hãng Khác,in-ear,0,1,1,Bluetooth,24.0,27.75,0,0,0,1,1,699000,699000,Other,Bluetooth,25189.18918918919,29125.0
cellphones,https://cellphones.com.vn/tai-nghe-co-day-baseus-encok-h17.html,Tai nghe có dây Baseus Encok H17,190.000đ,190000,Baseus,in-ear,0,0,1,3.5mm,,12.0,0,0,1,0,0,190000,190000,Baseus,3.5mm,15833.333333333334,
cellphones,https://cellphones.com.vn/tai-nghe-co-day-jbl-c50hi.html,Tai nghe có dây JBL C50HI,5.000.000đ,5000000,Jbl,in-ear,0,0,1,3.5mm,,19.009999999999998,1,0,1,1,0,5000000,5000000,Jbl,3.5mm,263019.4634402946,
cellphones,https://cellphones.com.vn/tai-nghe-co-day-baseus-enock-cz18.html,Tai nghe có dây Baseus Encok CZ18,170.000đ,170000,Baseus,in-ear,0,0,1,Type C,,12.1,0,0,1,0,0,170000,170000,Baseus,Type C,14049.586776859505,
cellphones,https://cellphones.com.vn/tai-nghe-co-day-edifier-p180-type-c.html,Tai nghe có dây Edifier P180 Type C,210.000đ,210000,Edifier,over-ear,0,0,1,Type C,,220.0,1,0,1,1,0,210000,210000,Edifier,Type C,954.5454545454545,
cellphones,https://cellphones.com.vn/tai-nghe-co-day-baseus-encok-h06.html,Tai nghe có dây Baseus Encok H06,190.000đ,190000,Baseus,in-ear,0,0,1,3.5mm,,1.4,0,0,1,0,0,190000,190000,Baseus,3.5mm,135714.2857142857,
cellphones,https://cellphones.com.vn/tai-nghe-co-day-ugreen-ep103-type-c.html,Tai nghe có dây Ugreen Type-C - EP103,5.000.000đ,5000000,Ugreen,in-ear,0,0,0,Type C,,3.6,1,0,1,1,0,5000000,5000000,Other,Type C,1388888.8888888888,
cellphones,https://cellphones.com.vn/tai-nghe-co-day-ugreen-ep01-3-5mm.html,Tai nghe có dây Ugreen 3.5mm - EP101,5.000.000đ,5000000,Ugreen,in-ear,0,0,1,3.5mm,,3.6,1,0,1,1,0,5000000,5000000,Other,3.5mm,1388888.8888888888,
cellphones,https://cellphones.com.vn/tai-nghe-co-day-baseus-encok-c17.html,Tai nghe có dây Baseus Encok C17,190.000đ,190000,Baseus,in-ear,0,0,1,Type C,,42.0,0,0,1,1,0,190000,190000,Baseus,Type C,4523.809523809524,
cellphones,https://cellphones.com.vn/tai-nghe-co-day-ugreen-ep103-lightning.html,Tai nghe có dây Ugreen Lightning - EP103,5.000.000đ,5000000,Ugreen,in-ear,0,0,1,Lightning,,13.17,0,0,1,0,0,5000000,5000000,Other,Other,379650.72133637057,
cellphones,https://cellphones.com.vn/tai-nghe-co-day-ugreen-ep101-type-c.html,Tai nghe có dây Ugreen Type-C - EP101,5.000.000đ,5000000,Ugreen,in-ear,0,0,1,Type C,,3.6,1,0,1,1,0,5000000,5000000,Other,Type C,1388888.8888888888,
cellphones,https://cellphones.com.vn/tai-nghe-nhet-tai-samsung-ia500.html,Tai nghe nhét tai Samsung IA500,240.000đ,240000,Samsung,in-ear,0,0,1,3.5mm,,14.76,0,0,1,0,0,240000,240000,Other,3.5mm,16260.162601626016,
cellphones,https://cellphones.com.vn/tai-nghe-co-day-edifier-p180-plus.html,Tai nghe có dây Edifier P180 Plus,145.000đ,145000,Edifier,over-ear,0,0,1,3.5mm,,220.0,1,0,1,1,0,145000,145000,Edifier,3.5mm,659.0909090909091,
cellphones,https://cellphones.com.vn/tai-nghe-nhet-tai-asus-rog-cetra-rgb.html,Tai nghe nhét tai Rog Cetra RGB,2.090.000đ,2090000,Asus,in-ear,0,0,0,Type C,,26.0,0,0,1,0,0,2090000,2090000,Asus,Type C,80384.61538461539,
cellphones,https://cellphones.com.vn/tai-nghe-co-day-baseus-enock-cz17.html,Tai nghe có dây Baseus Encok CZ17,5.000.000đ,5000000,Baseus,in-ear,0,0,1,Type C,,42.0,0,0,1,1,0,5000000,5000000,Baseus,Type C,119047.61904761905,
cellphones,https://cellphones.com.vn/tai-nghe-bluetooth-jbl-endurance-run-3c.html,Tai nghe có dây JBL Endurance Run 3C,850.000đ,850000,Jbl,in-ear,0,1,1,Type C+Bluetooth,32.5,15.39,0,0,1,0,1,850000,850000,Jbl,Type C+Bluetooth,55230.66926575698,26153.846153846152
cellphones,https://cellphones.com.vn/tai-nghe-co-day-edifier-p230-usb-c.html,Tai nghe có dây Edifier P230 (USB-C),5.000.000đ,5000000,Edifier,over-ear,0,0,1,Type C,,220.0,1,0,1,1,0,5000000,5000000,Edifier,Type C,22727.272727272728,
cellphones,https://cellphones.com.vn/tai-nghe-nhet-tai-vivan-q11s.html,Tai nghe nhét tai Vivan Q11s,140.000đ,140000,Vivan,in-ear,0,0,1,3.5mm,,40.0,0,0,1,1,0,140000,140000,Other,3.5mm,3500.0,
cellphones,https://cellphones.com.vn/tai-nghe-nhet-tai-robot-re20.html,Tai nghe có dây Robot RE20,5.000.000đ,5000000,Robot,in-ear,0,0,1,3.5mm,,3.0,1,0,1,1,0,5000000,5000000,Other,3.5mm,1666666.6666666667,
cellphones,https://cellphones.com.vn/tai-nghe-marshall-mode-eq.html,Tai nghe có dây Marshall Mode EQ,1.790.000đ,1790000,Marshall,in-ear,0,0,0,3.5mm,,20.0,0,0,1,0,0,1790000,1790000,Other,3.5mm,89500.0,
cellphones,https://cellphones.com.vn/tai-nghe-nhet-tai-samsung-eg920b.html,Tai nghe nhét tai Samsung EG920B,280.000đ,280000,Samsung,in-ear,0,0,0,3.5mm,,5.4,0,1,1,1,0,280000,280000,Other,3.5mm,51851.85185185185,
cellphones,https://cellphones.com.vn/tai-nghe-nhet-tai-jbl-live-100.html,Tai nghe nhét tai JBL Live 100,950.000đ,950000,Jbl,in-ear,0,0,0,3.5mm,,90.0,0,0,1,0,0,950000,950000,Jbl,3.5mm,10555.555555555555,
cellphones,https://cellphones.com.vn/tai-nghe-co-day-ugreen-ep103-3-5mm.html,Tai nghe có dây Ugreen 3.5mm - EP103,5.000.000đ,5000000,Ugreen,in-ear,0,0,1,3.5mm,,3.6,1,0,1,1,0,5000000,5000000,Other,3.5mm,1388888.8888888888,
cellphones,https://cellphones.com.vn/tai-nghe-nhet-tai-sennheiser-ie-300.html,Tai nghe nhét tai Sennheiser IE 300,6.890.000đ,6890000,Sennheiser,in-ear,0,0,0,3.5mm,,4.0,0,0,1,0,0,6890000,6890000,Sennheiser,3.5mm,1722500.0,
cellphones,https://cellphones.com.vn/tai-nghe-nhet-tai-devia-3-5-mm.html,Tai nghe nhét tai Devia 3.5mm,160.000đ,160000,Devia,in-ear,0,0,1,3.5mm,,13.5,0,0,1,0,0,160000,160000,Other,3.5mm,11851.851851851852,
cellphones,https://cellphones.com.vn/tai-nghe-marshall-mode.html,Tai nghe có dây Marshall Mode,1.290.000đ,1290000,Marshall,in-ear,0,0,0,3.5mm,,17.0,0,0,1,0,0,1290000,1290000,Other,3.5mm,75882.35294117648,
cellphones,https://cellphones.com.vn/tai-nghe-th-thao-bose-ultra-open-earbuds-cu-kim-cuong.html,Tai nghe thể thao Bose Ultra Open Earbuds - Cũ-Kim cương,7.749.000đ,7749000,Bose,in-ear,0,0,0,3.5mm,,6.35,0,1,0,0,0,7749000,7749000,Other,3.5mm,1220314.9606299214,
cellphones,https://cellphones.com.vn/tai-nghe-khong-day-nokia-power-earbuds.html,Tai nghe Không Dây Nokia Power Earbuds Lite,990.000đ,990000,Nokia,in-ear,0,1,0,Bluetooth,40.0,17.5,0,0,0,1,1,990000,990000,Other,Bluetooth,56571.42857142857,24750.0
cellphones,https://cellphones.com.vn/tai-nghe-bluetooth-soundpeats-q.html,Tai nghe bluetooth Earbuds Soundpeats Q,1.190.000đ,1190000,Soundpeats,in-ear,0,1,0,Bluetooth,21.0,45.5,0,0,0,0,1,1190000,1190000,Soundpeats,Bluetooth,26153.846153846152,56666.666666666664
cellphones,https://cellphones.com.vn/tai-nghe-bluetooth-soundpeats-truengine-2.html,Tai nghe không dây Earbuds Soundpeats Truepeats Truengine 2,1.700.000đ,1700000,Soundpeats,in-ear,0,1,0,Bluetooth,30.0,45.5,0,0,0,0,1,1700000,1700000,Soundpeats,Bluetooth,37362.63736263736,56666.666666666664
cellphones,https://cellphones.com.vn/tai-nghe-khong-day-cowin-bt1118.html,Tai nghe không dây Earbuds Cowin BT1118,1.990.000đ,1990000,Cowin,in-ear,0,1,0,Bluetooth,118.0,177.0,0,0,0,0,1,1990000,1990000,Other,Bluetooth,11242.937853107345,16864.406779661018
cellphones,https://cellphones.com.vn/tai-nghe-khong-day-soundpeats-truecapsule-2.html,Tai nghe không dây Earbuds Soundpeats True Capsule 2,1.500.000đ,1500000,Soundpeats,in-ear,0,1,0,Bluetooth,40.0,45.5,0,0,0,0,1,1500000,1500000,Soundpeats,Bluetooth,32967.03296703297,37500.0
cellphones,https://cellphones.com.vn/tai-nghe-bose-quietcomfort-earbuds-ii.html,Tai nghe không dây Bose Quietcomfort Earbuds II,5.000.000đ,5000000,Bose,in-ear,0,1,1,Type C+Bluetooth,12.0,6.35,0,0,0,1,1,5000000,5000000,Other,Type C+Bluetooth,787401.5748031497,416666.6666666667
cellphones,https://cellphones.com.vn/tai-nghe-khong-day-earbuds-pisen-a-buds-2000.html,Tai nghe không dây Earbuds Pisen A Buds 2000,1.800.000đ,1800000,Pisen,in-ear,0,1,0,Bluetooth,13.0,3.25,0,0,1,1,1,1800000,1800000,Other,Bluetooth,553846.1538461539,138461.53846153847
cellphones,https://cellphones.com.vn/tai-nghe-khong-day-cowin-apex-elite-active-bt918.html,Tai nghe không dây Earbuds Cowin Apex Elite Active BT918,2.200.000đ,2200000,Cowin,in-ear,0,1,0,Bluetooth,28.0,281.0,0,0,0,1,1,2200000,2200000,Other,Bluetooth,7829.1814946619215,78571.42857142857
cellphones,https://cellphones.com.vn/tai-nghe-bluetooth-earbuds-soundpeats-q-tr-ng.html,Tai nghe bluetooth Earbuds Soundpeats Q -Trắng,1.190.000đ,1190000,Soundpeats,in-ear,0,1,0,Bluetooth,110.0,45.5,0,0,0,0,1,1190000,1190000,Soundpeats,Bluetooth,26153.846153846152,10818.181818181818
cellphones,https://cellphones.com.vn/tai-nghe-bluetooth-skullcandy-indy-truly-wireless-earbuds.html,Tai nghe Bluetooth Skullcandy Indy Truly Wireless Earbuds,1.190.000đ,1190000,Hãng Khác,in-ear,0,1,0,Bluetooth,16.0,10.5,0,0,0,0,1,1190000,1190000,Other,Bluetooth,113333.33333333333,74375.0
cellphones,https://cellphones.com.vn/tai-nghe-khong-day-nokia-power-earbuds-den.html,Tai nghe Không Dây Nokia Power Earbuds-Đen,5.000.000đ,5000000,Hãng Khác,in-ear,0,1,0,Bluetooth,8.0,27.75,0,0,0,1,1,5000000,5000000,Other,Bluetooth,180180.18018018018,625000.0
cellphones,https://cellphones.com.vn/tai-nghe-the-thao-xiaomi-open-earbuds-pro.html,Tai nghe thể thao Xiaomi Open Earbuds Pro,5.000.000đ,5000000,Xiaomi,in-ear,0,0,0,Type C,,5.2,0,1,1,1,0,5000000,5000000,Xiaomi,Type C,961538.4615384615,
cellphones,https://cellphones.com.vn/tai-nghe-khong-day-xiaomi-true-wireless-earbuds.html,Tai nghe không dây Xiaomi True Wireless Earbuds,5.000.000đ,5000000,Xiaomi,in-ear,0,1,0,Bluetooth,12.0,5.2,0,0,0,1,1,5000000,5000000,Xiaomi,Bluetooth,961538.4615384615,416666.6666666667
cellphones,https://cellphones.com.vn/tai-nghe-khong-day-ifrogz-earbuds-true-wireless-airtime.html,Tai nghe không dây IFROGZ Earbuds True Wireless Airtime,1.990.000đ,1990000,Ifrogz,in-ear,0,1,0,Bluetooth,10.0,40.0,0,0,0,1,1,1990000,1990000,Other,Bluetooth,49750.0,199000.0
cellphones,https://cellphones.com.vn/tai-nghe-khong-day-xiaomi-redmi-earbuds.html,Tai nghe không dây Xiaomi Redmi Earbuds,500.000đ,500000,Xiaomi,in-ear,0,1,0,Bluetooth,12.0,5.2,0,0,0,1,1,500000,500000,Xiaomi,Bluetooth,96153.84615384616,41666.666666666664
cellphones,https://cellphones.com.vn/tai-nghe-khong-day-xiaomi-airdots.html,Tai nghe không dây Xiaomi True Wireless Earbuds Basic,550.000đ,550000,Xiaomi,in-ear,0,1,0,Bluetooth,12.0,5.2,0,0,1,1,1,550000,550000,Xiaomi,Bluetooth,105769.23076923077,45833.333333333336
cellphones,https://cellphones.com.vn/tai-nghe-true-wireless-defunc-true-earbuds-d026.html,Tai nghe Bluetooth Defunc EarBuds D026,1.990.000đ,1990000,Defunc,in-ear,0,1,0,Bluetooth,60.0,45.0,0,0,0,1,1,1990000,1990000,Other,Bluetooth,44222.22222222222,33166.666666666664
cellphones,https://cellphones.com.vn/tai-nghe-bluetooth-skullcandy-jib-plus-active-earbuds.html,Tai nghe Bluetooth Skullcandy Jib Plus Active Earbuds,950.000đ,950000,Hãng Khác,in-ear,0,1,0,Bluetooth,8.0,27.75,0,0,0,1,1,950000,950000,Other,Bluetooth,34234.23423423423,118750.0
cellphones,https://cellphones.com.vn/tai-nghe-bluetooth-ifrogz-coda-earbuds.html,Tai nghe Bluetooth iFrogz Coda Earbuds,690.000đ,690000,Hãng Khác,in-ear,0,1,0,Bluetooth,5.0,27.75,0,0,0,1,1,690000,690000,Other,Bluetooth,24864.864864864863,138000.0
cellphones,https://cellphones.com.vn/tai-nghe-khong-day-xiaomi-earbuds-basic-trang.html,Tai nghe không dây Xiaomi True Wireless Earbuds,1.000.000đ,1000000,Xiaomi,in-ear,0,1,0,Bluetooth,12.0,5.2,0,0,1,1,1,1000000,1000000,Xiaomi,Bluetooth,192307.6923076923,83333.33333333333
cellphones,https://cellphones.com.vn/tai-nghe-khong-day-earbuds-soundpeats-h1-b-c.html,TAI NGHE KHÔNG DÂY EARBUDS SOUNDPEATS H1-Bạc,5.000.000đ,5000000,Apple,in-ear,0,1,0,Bluetooth,27.0,26.299999999999997,0,0,1,1,1,5000000,5000000,Other,Bluetooth,190114.06844106465,185185.1851851852
cellphones,https://cellphones.com.vn/tai-nghe-khong-day-xiaomi-airdots-trung-bay-cu.html,Tai nghe không dây Xiaomi True Wireless Earbuds Basic trưng bày cũ,5.000.000đ,5000000,Xiaomi,in-ear,0,1,0,Bluetooth,12.0,5.2,0,0,1,1,1,5000000,5000000,Xiaomi,Bluetooth,961538.4615384615,416666.6666666667
gearvn,https://gearvn.com/products/tai-nghe-razer-barracuda-x-2022,Tai nghe Razer Barracuda X 2022,2.750.000₫,2750000,Razer,over-ear,1,0,1,3.5mm+Type C,,250.0,0,0,0,0,0,2750000,2750000,Razer,Other,11000.0,
gearvn,https://gearvn.com/products/tai-nghe-hp-hyperx-cloud-earbuds-ii-red,Tai nghe HP HYPERX Cloud Earbuds II Red,849.000₫,849000,Hyperx,in-ear,1,0,1,3.5mm,,290.0,0,0,1,1,0,849000,849000,Other,3.5mm,2927.5862068965516,
gearvn,https://gearvn.com/products/tai-nghe-onikuma-in-ear-t20-tws-bluetooth-trang,Tai nghe Onikuma In-ear T20 TWS Bluetooth Trắng,640.000₫,640000,Onikuma,in-ear,1,1,1,Type C+Bluetooth,6.0,45.0,0,0,0,1,1,640000,640000,Other,Type C+Bluetooth,14222.222222222223,106666.66666666667
gearvn,https://gearvn.com/products/tai-nghe-razer-barracuda-x-2022-quart,Tai nghe Razer Barracuda X 2022 Quart,2.590.000₫,2590000,Razer,over-ear,1,0,1,Type C,,250.0,0,0,0,0,0,2590000,2590000,Razer,Type C,10360.0,
gearvn,https://gearvn.com/products/tai-nghe-gaming-rapoo-vh160,Tai nghe Gaming Rapoo VH160,690.000₫,690000,Rapoo,over-ear,1,0,0,USB-A,,340.0,0,1,1,0,0,690000,690000,Other,USB-A,2029.4117647058824,
gearvn,https://gearvn.com/products/tai-nghe-hyperx-cloud-stinger-core-ii,Tai nghe HyperX Cloud Stinger Core II,790.000₫,790000,Hyperx,over-ear,1,0,1,3.5mm,,244.0,0,0,1,0,0,790000,790000,Other,3.5mm,3237.7049180327867,
gearvn,https://gearvn.com/products/tai-nghe-logitech-g733-lightspeed-wireless-white,Tai nghe Logitech G733 LIGHTSPEED Wireless White,2.370.000₫,2370000,Logitech,over-ear,1,1,1,USB-A+Bluetooth,29.0,278.0,0,0,0,0,1,2370000,2370000,Other,USB-A+Bluetooth,8525.179856115108,81724.13793103448
gearvn,https://gearvn.com/products/tai-nghe-logitech-g-pro-x-2-lightspeed-white,Tai nghe Logitech G PRO X 2 LIGHTSPEED White,4.870.000₫,4870000,Logitech,over-ear,1,1,1,USB-A+Bluetooth,50.0,345.0,0,0,0,0,1,4870000,4870000,Other,USB-A+Bluetooth,14115.942028985508,97400.0
gearvn,https://gearvn.com/products/tai-nghe-logitech-g733-lightspeed-wireless-black,Tai nghe Logitech G733 LIGHTSPEED Wireless Black,2.370.000₫,2370000,Logitech,over-ear,1,1,1,USB-A+Bluetooth,29.0,278.0,0,0,0,0,1,2370000,2370000,Other,USB-A+Bluetooth,8525.179856115108,81724.13793103448
gearvn,https://gearvn.com/products/tai-nghe-e-dra-eh494w-black,Tai nghe E-Dra EH494W Black,950.000₫,950000,Dra,over-ear,1,1,1,3.5mm+Bluetooth,25.0,40.0,0,0,1,1,1,950000,950000,Other,3.5mm+Bluetooth,23750.0,38000.0
gearvn,https://gearvn.com/products/tai-nghe-onikuma-in-ear-t18-enc-bluetooth-den,Tai nghe Onikuma In-ear T18 ENC Bluetooth Đen,590.000₫,590000,Trung Quốc,in-ear,1,1,1,Bluetooth,180.0,3.9,0,0,1,0,1,590000,590000,Other,Bluetooth,151282.05128205128,3277.777777777778
gearvn,https://gearvn.com/products/tai-nghe-razer-hammerhead-v3-wired-earbuds,Tai nghe Razer Hammerhead V3 Wired Earbuds,1.190.000₫,1190000,Razer,in-ear,1,0,1,3.5mm,,25.0,0,0,1,0,0,1190000,1190000,Razer,3.5mm,47600.0,
gearvn,https://gearvn.com/products/tai-nghe-logitech-g-pro-x-2-lightspeed-black,Tai nghe Logitech G PRO X 2 LIGHTSPEED Black,4.870.000₫,4870000,Logitech,over-ear,1,1,1,Type C+Bluetooth,50.0,345.0,0,0,0,0,1,4870000,4870000,Other,Type C+Bluetooth,14115.942028985508,97400.0
gearvn,https://gearvn.com/products/tai-nghe-logitech-g-pro-x-2-lightspeed-pink,Tai nghe Logitech G PRO X 2 LIGHTSPEED Pink,4.870.000₫,4870000,Logitech,over-ear,1,1,1,Type C+Bluetooth,50.0,345.0,0,0,0,0,1,4870000,4870000,Other,Type C+Bluetooth,14115.942028985508,97400.0
gearvn,https://gearvn.com/products/tai-nghe-corsair-hs35-v2-carbon,Tai nghe Corsair HS35 V2 Carbon,890.000₫,890000,Mỹ,over-ear,1,0,1,3.5mm,,250.0,0,0,1,0,0,890000,890000,Other,3.5mm,3560.0,
gearvn,https://gearvn.com/products/tai-nghe-hp-hyperx-cloud-iii-black,Tai nghe HP HyperX Cloud III Black,2.190.000₫,2190000,Hp Hyperx,over-ear,1,0,1,3.5mm+USB-A,,320.0,0,0,0,0,0,2190000,2190000,Other,3.5mm+USB-A,6843.75,
gearvn,https://gearvn.com/products/tai-nghe-logitech-g522-lightspeed-wireless-white,Tai nghe Logitech G522 Lightspeed Wireless White,3.390.000₫,3390000,Logitech,over-ear,1,1,1,Type C+Bluetooth,90.0,290.0,0,0,0,0,1,3390000,3390000,Other,Type C+Bluetooth,11689.655172413793,37666.666666666664
gearvn,https://gearvn.com/products/tai-nghe-razer-kraken-kitty-v2-bt-white,Tai nghe Razer Kraken Kitty V2 BT White,2.690.000₫,2690000,Razer,over-ear,1,1,1,Bluetooth,20.0,280.0,0,0,0,0,1,2690000,2690000,Razer,Bluetooth,9607.142857142857,134500.0
gearvn,https://gearvn.com/products/tai-nghe-razer-kraken-kitty-v2-bt-quartz,Tai nghe Razer Kraken Kitty V2 BT Quartz,2.690.000₫,2690000,Razer,over-ear,1,0,0,USB-A,,325.0,0,0,0,0,0,2690000,2690000,Razer,USB-A,8276.923076923076,
gearvn,https://gearvn.com/products/tai-nghe-logitech-g435-lightspeed-wireless-black,Tai nghe Logitech G435 Lightspeed Wireless - Black,1.390.000₫,1390000,Logitech,over-ear,1,1,1,USB-A+Bluetooth,18.0,165.0,0,0,0,0,1,1390000,1390000,Other,USB-A+Bluetooth,8424.242424242424,77222.22222222222
gearvn,https://gearvn.com/products/tai-nghe-hp-hyperx-cloud-earbuds-ii-black,Tai nghe HP HYPERX Cloud Earbuds II Black,849.000₫,849000,Hp,in-ear,1,0,1,3.5mm,,40.0,0,0,1,1,0,849000,849000,Other,3.5mm,21225.0,
gearvn,https://gearvn.com/products/tai-nghe-razer-kraken-kitty-v3-x-white,Tai nghe Razer Kraken Kitty V3 X White,1.790.000₫,1790000,Razer,over-ear,1,0,1,3.5mm,,270.0,0,0,0,0,0,1790000,1790000,Razer,3.5mm,6629.62962962963,
gearvn,https://gearvn.com/products/tai-nghe-razer-kraken-kitty-v3-x-quartz,Tai nghe Razer Kraken Kitty V3 X Quartz,1.790.000₫,1790000,Razer,over-ear,1,0,1,3.5mm,,270.0,0,0,0,0,0,1790000,1790000,Razer,3.5mm,6629.62962962963,
gearvn,https://gearvn.com/products/tai-nghe-logitech-g733-lightspeed-wireless-lilac,Tai nghe Logitech G733 LIGHTSPEED Wireless Lilac,2.390.000₫,2390000,Logitech,over-ear,1,1,1,USB-A+Bluetooth,29.0,278.0,0,0,0,0,1,2390000,2390000,Other,USB-A+Bluetooth,8597.122302158274,82413.79310344828
gearvn,https://gearvn.com/products/tai-nghe-razer-hammerhead-v3-wired-earbuds-white,Tai nghe Razer Hammerhead V3 Wired Earbuds White,1.190.000₫,1190000,Razer,in-ear,1,0,1,Type C,,270.0,0,0,1,1,0,1190000,1190000,Razer,Type C,4407.407407407408,
gearvn,https://gearvn.com/products/tai-nghe-logitech-g522-lightspeed-wireless-black,Tai nghe Logitech G522 Lightspeed Wireless Black,3.390.000₫,3390000,Logitech,over-ear,1,1,1,Type C+Bluetooth,90.0,290.0,0,0,0,0,1,3390000,3390000,Other,Type C+Bluetooth,11689.655172413793,37666.666666666664
gearvn,https://gearvn.com/products/tai-nghe-razer-kraken-bt-kitty-edition-quartz,Tai nghe Razer Kraken BT Kitty Edition - Quartz,1.990.000₫,1990000,Razer,over-ear,1,1,1,Bluetooth,20.0,295.0,0,0,0,0,1,1990000,1990000,Razer,Bluetooth,6745.762711864407,99500.0
gearvn,https://gearvn.com/products/tai-nghe-hp-hyperx-cloud-iii-red,Tai nghe HP HyperX Cloud III Red,2.190.000₫,2190000,Hp Hyperx,over-ear,1,0,1,USB-A,,304.0,0,0,1,0,0,2190000,2190000,Other,USB-A,7203.9473684210525,
gearvn,https://gearvn.com/products/tai-nghe-true-wireless-rapoo-i100,Tai nghe True Wireless Rapoo i100,690.000₫,690000,Rapoo,over-ear,0,1,1,Bluetooth,100.0,340.0,1,0,0,1,1,690000,690000,Other,Bluetooth,2029.4117647058824,6900.0
gearvn,https://gearvn.com/products/tai-nghe-dareu-eh416-rgb,Tai nghe DareU EH416 RGB,370.000₫,370000,Dareu,over-ear,1,0,1,USB-A,,300.0,0,0,1,0,0,370000,370000,Other,USB-A,1233.3333333333333,
gearvn,https://gearvn.com/products/tai-nghe-onikuma-in-ear-t20-tws-bluetooth-den,Tai nghe Onikuma In-ear T20 TWS Bluetooth Đen,640.000₫,640000,Onikuma,in-ear,1,1,1,Bluetooth,5.0,45.0,0,0,0,0,1,640000,640000,Other,Bluetooth,14222.222222222223,128000.0
gearvn,https://gearvn.com/products/tai-nghe-onikuma-in-ear-t18-enc-bluetooth-trang,Tai nghe Onikuma In-ear T18 ENC Bluetooth Trắng,590.000₫,590000,Onikuma,in-ear,1,1,1,Bluetooth,5.5,45.0,0,0,1,1,1,590000,590000,Other,Bluetooth,13111.111111111111,107272.72727272728
gearvn,https://gearvn.com/products/tai-nghe-asus-rog-cetra-true-wireless,Tai nghe Asus ROG Cetra True Wireless,1.750.000₫,1750000,Asus,in-ear,1,1,1,Type C+Bluetooth,21.0,47.0,0,0,0,0,1,1750000,1750000,Asus,Type C+Bluetooth,37234.04255319149,83333.33333333333
gearvn,https://gearvn.com/products/razer-hammerhead-pro-v2,Tai nghe Razer Hammerhead Pro V2 (RZ04-01730100-R3A1),750.000₫,750000,Razer,in-ear,1,0,1,3.5mm,,270.0,0,0,1,1,0,750000,750000,Razer,3.5mm,2777.777777777778,
gearvn,https://gearvn.com/products/tai-nghe-corsair-hs55-carbon,Tai nghe Corsair HS55 Carbon (CA-9011260-AP),990.000₫,990000,Corsair,over-ear,1,0,1,3.5mm,,273.0,0,0,0,0,0,990000,990000,Other,3.5mm,3626.3736263736264,
gearvn,https://gearvn.com/products/tai-nghe-bluetooth-soundpeats-air-3-pro,Tai nghe Bluetooth SoundPeats Air 3 Pro,1.590.000₫,1590000,Bluetooth,in-ear,1,1,1,Bluetooth,7.0,40.0,1,0,0,1,1,1590000,1590000,Other,Bluetooth,39750.0,227142.85714285713
gearvn,https://gearvn.com/products/tai-nghe-asus-rog-cetra-true-wireless-white,Tai nghe Asus ROG Cetra True Wireless White,1.650.000₫,1650000,Asus,in-ear,1,1,1,Bluetooth,27.0,297.0,0,0,0,1,1,1650000,1650000,Asus,Bluetooth,5555.555555555556,61111.11111111111
gearvn,https://gearvn.com/products/tai-nghe-steelseries-arctis-nova-7-dragon-edition,Tai nghe Steelseries Arctis Nova 7 Dragon Edition,3.990.000₫,3990000,Steelseries,over-ear,1,0,1,Type C,,359.0,0,0,0,0,0,3990000,3990000,Other,Type C,11114.206128133705,
gearvn,https://gearvn.com/products/tai-nghe-dareu-eh469-7-1-rgb,Tai nghe DAREU EH469 7.1 RGB Black,400.000₫,400000,Dareu,over-ear,1,0,1,USB-A,,280.0,0,0,1,0,0,400000,400000,Other,USB-A,1428.5714285714287,
gearvn,https://gearvn.com/products/tai-nghe-corsair-hs35-surround-v2-carbon,Tai nghe Corsair HS35 Surround v2 Carbon,1.290.000₫,1290000,Corsair,over-ear,1,0,1,3.5mm,,250.0,0,0,1,0,0,1290000,1290000,Other,3.5mm,5160.0,
gearvn,https://gearvn.com/products/tai-nghe-logitech-g435-lightspeed-wireless-white,Tai nghe Logitech G435 Lightspeed Wireless - White,1.390.000₫,1390000,Logitech,over-ear,1,1,1,Type C+Bluetooth,18.0,165.0,0,0,0,0,1,1390000,1390000,Other,Type C+Bluetooth,8424.242424242424,77222.22222222222
gearvn,https://gearvn.com/products/tai-nghe-razer-kraken-v3-x-usb,Tai nghe Razer Kraken V3 X USB,1.250.000₫,1250000,Razer,over-ear,1,0,1,USB-A,,285.0,0,0,0,0,0,1250000,1250000,Razer,USB-A,4385.964912280701,
gearvn,https://gearvn.com/products/tai-nghe-asus-rog-cetra-ii-core,Tai nghe Asus ROG Cetra II Core,990.000₫,990000,Asus,in-ear,1,0,1,3.5mm,,28.0,0,0,1,0,0,990000,990000,Asus,3.5mm,35357.142857142855,
gearvn,https://gearvn.com/products/tai-nghe-khong-day-razer-blackshark-v3-pro-counter-strike-2-edition,Tai nghe không dây Razer Blackshark V3 Pro Counter-Strike 2 Edition,8.290.000₫,7900000,Razer,over-ear,1,1,1,USB-A+Bluetooth,40.0,387.0,0,0,0,0,1,7900000,8290000,Razer,USB-A+Bluetooth,20413.43669250646,197500.0
gearvn,https://gearvn.com/products/tai-nghe-khong-day-logitech-g325-lightspeed-white,Tai nghe không dây Logitech G325 LIGHTSPEED White,2.400.000₫,2400000,Logitech,over-ear,1,1,1,Type C+Bluetooth,50.0,212.0,0,0,0,0,1,2400000,2400000,Other,Type C+Bluetooth,11320.754716981131,48000.0
gearvn,https://gearvn.com/products/tai-nghe-logitech-g435-lightspeed-wireless-blue-raspberry,Tai nghe Logitech G435 Lightspeed Wireless - Blue Raspberry,1.450.000₫,1450000,Logitech,over-ear,1,1,1,USB-A+Bluetooth,18.0,165.0,0,0,0,0,1,1450000,1450000,Other,USB-A+Bluetooth,8787.878787878788,80555.55555555556
gearvn,https://gearvn.com/products/tai-nghe-msi-h991,Tai nghe MSI H991,1.400.000₫,1400000,Msi,over-ear,1,0,1,USB-A,,40.0,0,0,1,1,0,1400000,1400000,Other,USB-A,35000.0,
gearvn,https://gearvn.com/products/tai-nghe-razer-blackshark-v2-x,Tai nghe Razer BlackShark V2 X,1.090.000₫,1090000,Razer,over-ear,1,0,1,3.5mm,,240.0,0,0,0,0,0,1090000,1090000,Razer,3.5mm,4541.666666666667,
gearvn,https://gearvn.com/products/tai-nghe-e-dra-eh607b-kaki,Tai nghe E-Dra EH607B Kaki,350.000₫,350000,E Dra,over-ear,1,0,1,USB-A,,300.0,0,0,1,0,0,350000,350000,Other,USB-A,1166.6666666666667,
gearvn,https://gearvn.com/products/tai-nghe-logitech-g-pro-x,Tai nghe Logitech G Pro X Gaming Black,2.420.000₫,2420000,Logitech,over-ear,1,0,1,3.5mm,,320.0,0,0,1,0,0,2420000,2420000,Other,3.5mm,7562.5,
gearvn,https://gearvn.com/products/tai-nghe-khong-day-logitech-g325-lightspeed-black,Tai nghe không dây Logitech G325 LIGHTSPEED Black,2.400.000₫,2400000,Logitech,over-ear,1,1,1,Type C+Bluetooth,50.0,212.0,0,0,0,0,1,2400000,2400000,Other,Type C+Bluetooth,11320.754716981131,48000.0
gearvn,https://gearvn.com/products/tai-nghe-logitech-g333,Tai nghe Logitech G333 Black,930.000₫,930000,Logitech,in-ear,1,0,1,3.5mm,,278.0,0,0,1,1,0,930000,930000,Other,3.5mm,3345.3237410071943,
gearvn,https://gearvn.com/products/tai-nghe-razer-blackshark-v3-pro-white,Tai nghe Razer BlackShark V3 Pro White,7.890.000₫,7890000,Razer,over-ear,1,0,1,3.5mm+Type C,,300.0,0,0,0,0,0,7890000,7890000,Razer,Other,26300.0,
gearvn,https://gearvn.com/products/tai-nghe-razer-blackshark-v3,Tai nghe Razer BlackShark V3,4.790.000₫,4790000,Razer,over-ear,1,0,1,Type C,,262.0,0,0,0,0,0,4790000,4790000,Razer,Type C,18282.442748091602,
gearvn,https://gearvn.com/products/tai-edra-eh414w-blk,Tai nghe E-Dra EH414W Black,990.000₫,990000,E Dra,over-ear,1,0,1,USB-A,,270.0,0,0,1,0,0,990000,990000,Other,USB-A,3666.6666666666665,
gearvn,https://gearvn.com/products/tai-edra-eh414w-whi,Tai nghe E-Dra EH414W White,990.000₫,990000,E Dra,over-ear,1,0,1,USB-A,,270.0,0,0,0,0,0,990000,990000,Other,USB-A,3666.6666666666665,
gearvn,https://gearvn.com/products/tai-nghe-onikuma-in-ear-t302-tws-rgb-bluetooth-hong,Tai nghe Onikuma In-ear T302 TWS RGB Bluetooth Hồng,640.000₫,640000,Onikuma,in-ear,1,1,1,Bluetooth,7.0,45.0,0,0,0,1,1,640000,640000,Other,Bluetooth,14222.222222222223,91428.57142857143
gearvn,https://gearvn.com/products/tai-nghe-onikuma-in-ear-t302-tws-rgb-bluetooth-xam,Tai nghe Onikuma In-ear T302 TWS RGB Bluetooth Xám Trắng,640.000₫,640000,Onikuma,in-ear,1,1,1,Type C+Bluetooth,5.0,45.0,0,0,0,1,1,640000,640000,Other,Type C+Bluetooth,14222.222222222223,128000.0
gearvn,https://gearvn.com/products/tai-nghe-gaming-rapoo-vh160s-black,Tai nghe Gaming Rapoo VH160S Black,390.000₫,390000,Rapoo,over-ear,1,0,1,USB-A,,300.0,0,0,1,0,0,390000,390000,Other,USB-A,1300.0,
gearvn,https://gearvn.com/products/tai-nghe-onikuma-in-ear-t209-bluetooth-live-translation-den,Tai nghe Onikuma In-ear T209 Bluetooth Live Translation Đen,590.000₫,590000,Onikuma,in-ear,1,1,1,Bluetooth,5.5,45.0,0,0,1,1,1,590000,590000,Other,Bluetooth,13111.111111111111,107272.72727272728
gearvn,https://gearvn.com/products/tai-nghe-onikuma-in-ear-t301-tws-bluetooth-trang,Tai nghe Onikuma In-ear T301 TWS Bluetooth Trắng,540.000₫,540000,Trung Quốc,in-ear,1,1,1,Bluetooth,180.0,3.9,0,0,0,0,1,540000,540000,Other,Bluetooth,138461.53846153847,3000.0
gearvn,https://gearvn.com/products/tai-nghe-true-wireless-gaming-epos-gtw-270-hybrid-with-dongle,Tai nghe True Wireless Gaming EPOS GTW 270 Hybrid with Dongle Grey,4.790.000₫,4790000,Epos,in-ear,1,1,1,Type C+Bluetooth,20.0,5.2,0,0,0,0,1,4790000,4790000,Other,Type C+Bluetooth,921153.8461538461,239500.0
gearvn,https://gearvn.com/products/tai-nghe-apple-airpods-2-vn-a,Tai nghe Apple AirPods 2 VN/A,3.390.000₫,3390000,Apple,in-ear,0,0,0,Type C,,40.0,0,1,1,0,0,3390000,3390000,Other,Type C,84750.0,
phongvu,https://phongvu.vn/tai-nghe-gaming-khong-day-choang-dau-logitech-g325-981-001532-trang--s260300171,Tai nghe Gaming không dây choàng đầu Logitech G325 (981-001532) (Trắng),2.490.000 ₫,2490000,Logitech,over-ear,1,1,1,Bluetooth,29.0,212.0,0,0,0,0,1,2490000,2490000,Other,Bluetooth,11745.283018867925,85862.06896551725
phongvu,https://phongvu.vn/tai-nghe-khong-day-choang-dau-havit-h603bt-den--s260202541,Tai nghe không dây choàng đầu Havit H603BT (Đen),289.000 ₫,289000,Havit,over-ear,0,1,0,Bluetooth,50.0,182.0,0,0,0,0,1,289000,289000,Havit,Bluetooth,1587.9120879120878,5780.0
phongvu,https://phongvu.vn/tai-nghe-open-ear-khong-day-tws-havit-ows929-den--s260202542,Tai nghe Open-ear không dây TWS Havit OWS929 (Đen),310.000 ₫,310000,Havit,in-ear,0,1,0,Bluetooth,24.0,4.36,0,0,1,0,1,310000,310000,Havit,Bluetooth,71100.91743119266,12916.666666666666
phongvu,https://phongvu.vn/tai-nghe-khong-day-tws-havit-life-04t-tim--s260202534,Tai nghe không dây TWS Havit LIFE 04T (Tím),239.000 ₫,239000,Havit,in-ear,0,1,1,Bluetooth,24.0,4.3,0,0,1,0,1,239000,239000,Havit,Bluetooth,55581.39534883721,9958.333333333334
phongvu,https://phongvu.vn/tai-nghe-khong-day-tws-havit-tw992-xam--s260200516,Tai nghe không dây TWS Havit TW992 (Xám),360.000 ₫,360000,Havit,in-ear,0,1,1,Bluetooth,24.0,10.0,0,0,1,0,1,360000,360000,Havit,Bluetooth,36000.0,15000.0
phongvu,https://phongvu.vn/tai-nghe-co-day-havit-e336c-den--s260200510,Tai nghe có dây Havit E336C Type-C (Đen),99.000 ₫,99000,Havit,in-ear,0,0,0,Type C,,10.0,0,0,1,0,0,99000,99000,Havit,Type C,9900.0,
phongvu,https://phongvu.vn/tai-nghe-open-ear-khong-day-tws-havit-owsfit-02a-den-xam--s260200511,Tai nghe Open-ear không dây TWS Havit OWSFIT 02A (Đen xám),490.000 ₫,490000,Havit,in-ear,0,1,0,Bluetooth,24.0,90.0,0,0,1,0,1,490000,490000,Havit,Bluetooth,5444.444444444444,20416.666666666668
phongvu,https://phongvu.vn/tai-nghe-gaming-co-day-choang-dau-havit-h2040d-den--s260200505,Tai nghe Gaming có dây choàng đầu Havit H2040D (Đen),269.000 ₫,269000,Havit,over-ear,1,0,1,3.5mm,,314.0,0,0,1,0,0,269000,269000,Havit,3.5mm,856.687898089172,
phongvu,https://phongvu.vn/tai-nghe-khong-day-choang-dau-sony-wh-1000xm6-pme-hong--s260108840?selectPromotionId=2074736,Tai nghe không dây choàng đầu Sony WH-1000XM6/PME (Hồng),9.890.000 ₫,7900000,Sony,over-ear,0,1,1,Bluetooth,40.0,254.0,0,0,0,0,1,7900000,9890000,Sony,Bluetooth,31102.36220472441,197500.0
phongvu,https://phongvu.vn/tai-nghe-gaming-co-day-choang-dau-mchose-g9-mc-g9-1-black--s260102083,Tai nghe Gaming Có Dây choàng đầu MCHOSE G9 MC-G9-1 (Đen),599.000 ₫,599000,Mchose,over-ear,1,0,1,USB-A,,220.0,0,0,1,0,0,599000,599000,Other,USB-A,2722.7272727272725,
phongvu,https://phongvu.vn/tai-nghe-gaming-khong-day-choang-dau-mchose-v9-pro--p840913?sku=260102067,Tai nghe Gaming Không Dây choàng đầu MCHOSE V9 Pro HW-V9-4 (Black Red),1.190.000 ₫,1190000,Mchose,over-ear,1,1,1,Type C+Bluetooth,25.0,275.0,0,0,1,0,1,1190000,1190000,Other,Type C+Bluetooth,4327.272727272727,47600.0
phongvu,https://phongvu.vn/tai-nghe-bluetooth-tws-anker-soundcore-r60i-nc-d1202-hong--s260102054,Tai nghe Bluetooth TWS Anker Soundcore R60i NC - D1202 (Hồng),649.000 ₫,649000,Anker,in-ear,0,1,1,Bluetooth,28.0,60.0,0,0,1,0,1,649000,649000,Other,Bluetooth,10816.666666666666,23178.571428571428
phongvu,https://phongvu.vn/tai-nghe-gaming-khong-day-choang-dau-corsair-hs55-core-ca-9011290-ap-den--s251211494,Tai Nghe Gaming Không Dây choàng đầu Corsair HS55 Core (CA-9011290-AP) (Đen),1.489.000 ₫,1489000,Corsair,over-ear,1,1,1,Bluetooth,25.0,273.0,0,0,1,1,1,1489000,1489000,Other,Bluetooth,5454.212454212454,59560.0
phongvu,https://phongvu.vn/tai-nghe-chup-tai-bluetooth-havit-h672bt-be--s251209894?selectPromotionId=2074801,Tai nghe chụp tai Bluetooth Havit H672BT (Be),479.000 ₫,479000,Havit,over-ear,0,1,1,Bluetooth,50.0,210.0,0,0,0,0,1,479000,479000,Havit,Bluetooth,2280.9523809523807,9580.0
phongvu,https://phongvu.vn/tai-nghe-gaming-co-day-razer-hammerhead-v3-rz12-05590200-r3ac-white-edition--s251208420,Tai nghe Gaming có dây Razer Hammerhead V3 RZ12-05590200-R3AC - White Edition,1.189.000 ₫,1189000,Razer,in-ear,1,0,1,3.5mm,,25.0,0,0,1,0,0,1189000,1189000,Razer,3.5mm,47560.0,
phongvu,https://phongvu.vn/tai-nghe-gaming-co-day-choang-dau-aula-s608-den--s251202053,Tai nghe Gaming có dây choàng đầu AULA S608 (Đen),399.000 ₫,399000,Aula,over-ear,1,0,1,USB-A,,290.0,0,0,1,0,0,399000,399000,Other,USB-A,1375.8620689655172,
phongvu,https://phongvu.vn/tai-nghe-gaming-khong-day-choang-dau-sony-inzone-h9-ii--p824653?sku=251113497&selectPromotionId=2078811,Tai nghe Gaming không dây choàng đầu Sony INZONE H9 II WH-G910N/WZ E (Trắng),6.990.000 ₫,6990000,Sony,over-ear,1,1,1,Bluetooth,40.0,260.0,0,0,0,0,1,6990000,6990000,Sony,Bluetooth,26884.615384615383,174750.0
phongvu,https://phongvu.vn/tai-nghe-in-ear-co-day-sony-inzone-e9--p824641?sku=251113492&selectPromotionId=2078812,Tai nghe Gaming in - ear có dây Sony INZONE E9 IER-G900/BZ E (Đen),3.290.000 ₫,3290000,Sony,in-ear,1,0,1,3.5mm,,4.7,0,0,1,0,0,3290000,3290000,Sony,3.5mm,700000.0,
phongvu,https://phongvu.vn/tai-nghe-gaming-co-day-choang-dau-sony-inzone-h3-mdr-g300-bz-den--s251113485?selectPromotionId=2078807,Tai nghe Gaming có dây Choàng đầu Sony INZONE H3 MDR-G300/BZ E (Đen),1.190.000 ₫,1190000,Sony,over-ear,1,0,1,3.5mm,,299.0,0,1,0,0,0,1190000,1190000,Sony,3.5mm,3979.933110367893,
phongvu,https://phongvu.vn/tai-nghe-bluetooth-anker-soundcore-k20i-a3994--p818380?sku=251107213,Tai Nghe Bluetooth TWS Anker Soundcore K20i - A3994 đen,310.000 ₫,310000,Anker,in-ear,0,1,1,Bluetooth,28.0,3.3,0,0,1,0,1,310000,310000,Other,Bluetooth,93939.39393939395,11071.42857142857
phongvu,https://phongvu.vn/tai-nghe-gaming-co-day-asus-tuf-h1-gen-ii-hatsune-miku-edition--s251107206,Tai nghe Gaming có dây ASUS TUF H1 Gen II - Hatsune Miku Edition,2.080.000 ₫,2080000,Asus,over-ear,1,0,1,USB-A,,297.0,0,0,1,0,0,2080000,2080000,Asus,USB-A,7003.367003367003,
phongvu,https://phongvu.vn/tai-nghe-khong-day-choang-dau-baseus-bowie-h1s--p813996?sku=251103285,Tai nghe không dây choàng đầu Baseus Bowie H1s (Đen),680.000 ₫,680000,Baseus,over-ear,0,1,1,Bluetooth,50.0,279.0,0,0,0,0,1,680000,680000,Baseus,Bluetooth,2437.2759856630823,13600.0
phongvu,https://phongvu.vn/tai-nghe-co-day-sony-ier-ex15c--p812848?sku=251102023,Tai nghe có dây Sony IER-EX15C (Đen),515.000 ₫,515000,Sony,in-ear,0,0,1,Type C,,3.0,0,0,1,0,0,515000,515000,Sony,Type C,171666.66666666666,
phongvu,https://phongvu.vn/tai-nghe-gaming-co-day-choang-dau-razer-kraken-kitty-v3-x-quartz-edition-rz04-05350100-r3m1-dai-tan-20-hz-20-khz-model-rz04-0535--s251011310,Tai nghe Gaming có dây choàng đầu Razer Kraken Kitty V3 X - Quartz Edition RZ04-05350100-R3M1 (Hồng),1.750.000 ₫,1750000,Razer,over-ear,1,0,1,3.5mm,,270.0,0,0,0,0,0,1750000,1750000,Razer,3.5mm,6481.481481481482,
phongvu,https://phongvu.vn/tai-nghe-gaming-khong-day-choang-dau-razer-barracuda-x-chroma-phantom-white-edition-rz04-05220400-r3m1--s251011304,Tai nghe Gaming không dây choàng đầu Razer Barracuda X Chroma - Phantom White Edition (RZ04-05220400-R3M1),3.370.000 ₫,3370000,Razer,over-ear,1,1,1,Bluetooth,30.0,285.0,0,0,0,0,1,3370000,3370000,Razer,Bluetooth,11824.561403508771,112333.33333333333
phongvu,https://phongvu.vn/tai-nghe-co-day-in-ear-kz-gale-den--s250911705,Tai nghe có dây in-ear KZ Gale (Đen),280.000 ₫,280000,Kz,in-ear,0,0,1,3.5mm,,50.0,0,0,1,0,0,280000,280000,Other,3.5mm,5600.0,
phongvu,https://phongvu.vn/tai-nghe-co-day-in-ear-kz-edc-pro-xam--s250911706,Tai nghe có dây in-ear KZ EDC Pro (Xám),200.000 ₫,200000,Kz,in-ear,0,0,1,3.5mm,,50.0,0,0,1,0,0,200000,200000,Other,3.5mm,4000.0,
phongvu,https://phongvu.vn/tai-nghe-apple-airpods-pro-3-mfhp4zp-a--s250902982?selectPromotionId=1863666,Tai nghe Apple Airpods Pro 3 (MFHP4ZP/A),6.490.000 ₫,6490000,Apple,in-ear,0,1,1,Bluetooth,27.0,5.55,0,0,1,0,1,6490000,6490000,Other,Bluetooth,1169369.3693693695,240370.37037037036
phongvu,https://phongvu.vn/tai-nghe-khong-day-tws-sony-wf1000xm5--p771726?sku=250808559&selectPromotionId=2047523,Tai nghe không dây TWS Sony WF-1000XM5/BCE (Đen),5.350.000 ₫,5350000,Sony,in-ear,0,1,1,Bluetooth,25.0,50.8,0,0,1,0,1,5350000,5350000,Sony,Bluetooth,105314.96062992126,214000.0
phongvu,https://phongvu.vn/tai-nghe-khong-day-tws-sony-wf-ls910n-gze-xanh-la--s250808557?selectPromotionId=2047520,Tai nghe không dây TWS Sony Linkbuds Fit WF-LS910N/GZE (Xanh lá),3.450.000 ₫,3450000,Sony,in-ear,0,1,1,Bluetooth,25.0,50.8,0,0,1,0,1,3450000,3450000,Sony,Bluetooth,67913.38582677166,138000.0
phongvu,https://phongvu.vn/tai-nghe-khong-day-choang-dau-sony-wh-ch520--p771691?sku=250808538&selectPromotionId=2047542,Tai nghe không dây choàng đầu Sony WH-CH520/CZ (Be),980.000 ₫,980000,Sony,over-ear,0,1,1,Bluetooth,25.0,147.0,1,0,1,0,1,980000,980000,Sony,Bluetooth,6666.666666666667,39200.0
phongvu,https://phongvu.vn/tai-nghe-khong-day-in-ear-sony-wi-c100--p771678?sku=250808519&selectPromotionId=2047532,Tai nghe không dây in-ear Sony WI-C100/LZ E (Xanh dương),490.000 ₫,490000,Sony,in-ear,0,1,1,Bluetooth,25.0,20.0,0,0,1,0,1,490000,490000,Sony,Bluetooth,24500.0,19600.0
phongvu,https://phongvu.vn/tai-nghe-khong-day-choang-dau-sonywh-ch720n--p771664?sku=250808513&selectPromotionId=2047526,Tai nghe không dây choàng đầu Sony WH-CH720N/BCE (Đen),2.200.000 ₫,2200000,Sony,over-ear,0,1,1,Bluetooth,40.0,192.0,0,0,0,0,1,2200000,2200000,Sony,Bluetooth,11458.333333333334,55000.0
phongvu,https://phongvu.vn/tai-nghe-khong-day-tws-sony-wf-c510--p771684?sku=250808503&selectPromotionId=2047564,Tai nghe không dây TWS Sony WF-C510/BZ E (Đen),1.069.000 ₫,1069000,Sony,in-ear,0,1,1,Bluetooth,25.0,40.2,0,0,1,0,1,1069000,1069000,Sony,Bluetooth,26592.039800995022,42760.0
phongvu,https://phongvu.vn/tai-nghe-khong-day-choang-dau-sony-wh1000xm6--p771658?sku=250808484&selectPromotionId=2074734,Tai nghe không dây choàng đầu Sony WH-1000XM6/SME (Bạc bạch kim),9.890.000 ₫,7900000,Sony,over-ear,0,1,1,Bluetooth,40.0,254.0,0,0,0,0,1,7900000,9890000,Sony,Bluetooth,31102.36220472441,197500.0
phongvu,https://phongvu.vn/tai-nghe-khong-day-choang-dau-sony-wh1000xm5--p771634?sku=250808470&selectPromotionId=2047537,Tai nghe không dây choàng đầu Sony WH-1000XM5/BME (Đen),6.450.000 ₫,6450000,Sony,over-ear,0,1,0,Bluetooth,40.0,250.0,0,0,0,0,1,6450000,6450000,Sony,Bluetooth,25800.0,161250.0
phongvu,https://phongvu.vn/tai-nghe-khong-day-choang-dau-whult900n-bce-den--s250808469?selectPromotionId=2047534,Tai nghe không dây choàng đầu WHULT900N/BCE (Đen),3.650.000 ₫,3650000,Sony,over-ear,0,1,1,Bluetooth,40.0,255.0,0,0,0,0,1,3650000,3650000,Sony,Bluetooth,14313.725490196079,91250.0
phongvu,https://phongvu.vn/tai-nghe-khong-day-tws-sony-wf-c710n-lz-xanh-pha-le--s250808442?selectPromotionId=2047548,Tai nghe không dây TWS Sony WF-C710N/LZ (Xanh pha lê),1.990.000 ₫,1990000,Sony,in-ear,0,1,1,Bluetooth,25.0,48.4,0,0,1,0,1,1990000,1990000,Sony,Bluetooth,41115.70247933884,79600.0
phongvu,https://phongvu.vn/tai-nghe-gaming-khong-day-razer-blackshark-v3-x-hyperspeed-den--s250807896,Tai nghe gaming không dây Razer BlackShark V3 X HyperSpeed (Đen),2.469.000 ₫,2469000,Razer,over-ear,1,1,1,USB-A+Bluetooth,30.0,270.0,0,0,0,0,1,2469000,2469000,Razer,USB-A+Bluetooth,9144.444444444445,82300.0
phongvu,https://phongvu.vn/tai-nghe-gaming-khong-day-razer-blackshark-v3-pro--p770807?sku=250807897,Tai nghe gaming không dây Razer BlackShark V3 Pro (Trắng),6.699.000 ₫,6699000,Razer,over-ear,1,1,1,USB-A+Bluetooth,30.0,367.0,0,0,1,0,1,6699000,6699000,Razer,USB-A+Bluetooth,18253.40599455041,223300.0
phongvu,https://phongvu.vn/tai-nghe-gaming-khong-day-razer-blackshark-v3-den--s250807891,Tai nghe gaming không dây Razer BlackShark V3 (Đen),3.950.000 ₫,3950000,Razer,over-ear,1,1,1,USB-A+Bluetooth,30.0,270.0,0,0,0,0,1,3950000,3950000,Razer,USB-A+Bluetooth,14629.62962962963,131666.66666666666
phongvu,https://phongvu.vn/tai-nghe-gaming-khong-day-razer-barracuda-x-chroma-phantom-green-edition--s250807893,Tai nghe gaming không dây Razer Barracuda X Chroma Phantom Green Edition,3.240.000 ₫,3240000,Razer,over-ear,1,1,1,Bluetooth,30.0,285.0,0,0,0,0,1,3240000,3240000,Razer,Bluetooth,11368.421052631578,108000.0
phongvu,https://phongvu.vn/tai-nghe-gaming-khong-day-hyperx-cloud-iii-s-wireless-do-den--s250807873,Tai nghe Gaming không dây HyperX Cloud III S Wireless (Đỏ đen),4.090.000 ₫,4090000,Hyperx,over-ear,1,1,1,Bluetooth,72.5,290.0,0,0,1,0,1,4090000,4090000,Other,Bluetooth,14103.448275862069,56413.793103448275
phongvu,https://phongvu.vn/tai-nghe-bluetooth-earfun-air-life-tim--s250719820,"Tai nghe Bluetooth TWS Earfun Air Life, Tím",370.000 ₫,370000,Earfun,in-ear,0,1,1,Bluetooth,36.0,49.2,0,0,1,1,1,370000,370000,Other,Bluetooth,7520.325203252032,10277.777777777777
phongvu,https://phongvu.vn/tai-nghe-bluetooth-earfun-air-pro-4--p759292?sku=250719813,"Tai nghe Bluetooth TWS Earfun Air Pro 4, Trắng",1.890.000 ₫,1890000,Earfun,in-ear,0,1,1,Bluetooth,36.0,49.2,0,0,1,1,1,1890000,1890000,Other,Bluetooth,38414.634146341465,52500.0
phongvu,https://phongvu.vn/tai-nghe-co-day-razer-hammerhead-v3-earbuds-rz12-05590100-r3ac--s250646157,Tai nghe có dây RAZER Hammerhead V3 Earbuds (RZ12-05590100-R3AC),1.390.000 ₫,1390000,Razer,over-ear,0,0,1,3.5mm,,270.0,0,0,1,1,0,1390000,1390000,Razer,3.5mm,5148.148148148148,
phongvu,https://phongvu.vn/tai-nghe-choang-dau-gaming-khong-day-arctis-nova-3--p719804?sku=250640760,Tai nghe choàng đầu gaming không dây Arctis Nova 3 màu xanh SteelSeries,2.599.000 ₫,2599000,Steelseries,over-ear,1,1,1,Bluetooth,25.0,260.0,0,0,1,0,1,2599000,2599000,Other,Bluetooth,9996.153846153846,103960.0
phongvu,https://phongvu.vn/tai-nghe-gaming-logitech-g522--p719826?sku=250640729,"Tai nghe gaming Logitech G522, màu trắng (981-001551)",3.279.000 ₫,3279000,Logitech,over-ear,1,1,1,Type C+Bluetooth,29.0,290.0,0,0,0,0,1,3279000,3279000,Other,Type C+Bluetooth,11306.896551724138,113068.96551724138
phongvu,https://phongvu.vn/tai-nghe-baseus-encok-c18-type-c-trang--s250512262,Tai nghe Baseus Encok C18 Type-C,170.000 ₫,170000,Baseus,in-ear,0,0,1,Type C,,12.1,0,0,1,0,0,170000,170000,Baseus,Type C,14049.586776859505,
phongvu,https://phongvu.vn/tai-nghe-gaming-asus-tuf-gaming-h3-den-xam-90yh028g-b1ua00--s250512253,Tai nghe gaming Asus TUF Gaming H3 ĐEN XÁM (90YH028G-B1UA00),799.000 ₫,799000,Asus,over-ear,1,0,1,3.5mm,,294.0,0,0,1,0,0,799000,799000,Asus,3.5mm,2717.687074829932,
phongvu,https://phongvu.vn/tai-nghe-bluetooth-tws-soundpeats-capsule-3-pro-mau-den--s250512231,Tai nghe Bluetooth TWS SoundPeats Capsule 3 Pro+ Màu đen,1.479.000 ₫,1479000,Soundpeats,in-ear,0,1,1,Bluetooth,30.0,111.0,0,0,0,0,1,1479000,1479000,Soundpeats,Bluetooth,13324.324324324325,49300.0
phongvu,https://phongvu.vn/tai-nghe-khong-day-the-thao-tws-soundpeats-pop-clip-den--s250512205,Tai nghe không dây TWS thể thao TWS SoundPeats POP Clip (Đen),679.000 ₫,679000,Soundpeats,in-ear,0,1,1,Bluetooth,30.0,4.75,0,0,0,0,1,679000,679000,Soundpeats,Bluetooth,142947.36842105264,22633.333333333332
phongvu,https://phongvu.vn/tai-nghe-hyperx-cloud-jet-wl-bl-gam-hs--s250412688,Tai nghe HyperX Cloud Jet WL BL GAM HS (AM7A0AA),1.690.000 ₫,1690000,Hyperx,over-ear,0,1,1,USB-A+Bluetooth,72.5,290.0,0,0,1,0,1,1690000,1690000,Other,USB-A+Bluetooth,5827.586206896552,23310.344827586207
phongvu,https://phongvu.vn/tai-nghe-xiaomi-redmi-buds-6-active-hong-bhr8395gl--s250305541,Tai nghe Xiaomi Redmi Buds 6 Active,590.000 ₫,590000,Xiaomi,in-ear,0,1,1,Bluetooth,12.0,36.0,0,0,1,0,1,590000,590000,Xiaomi,Bluetooth,16388.88888888889,49166.666666666664
phongvu,https://phongvu.vn/tai-nghe-xiaomi-redmi-buds-6-play--p625640?sku=250305537,Tai nghe Bluetooth TWS Xiaomi Redmi Buds 6 Play Xanh (BHR9283GL ),340.000 ₫,340000,Xiaomi,in-ear,0,1,1,Bluetooth,12.0,40.0,0,0,1,0,1,340000,340000,Xiaomi,Bluetooth,8500.0,28333.333333333332
phongvu,https://phongvu.vn/tai-nghe-gaming-khong-day-asus-rog-delta-ii-90yh03w0-bhua00--s250206089,Tai nghe Gaming không dây ASUS ROG Delta II (90YH03W0-BHUA00),4.890.000 ₫,4890000,Asus,over-ear,1,1,1,3.5mm+Bluetooth,21.0,318.0,0,0,1,0,1,4890000,4890000,Asus,3.5mm+Bluetooth,15377.358490566037,232857.14285714287
phongvu,https://phongvu.vn/tai-nghe-bluetooth-true-wireless-baseus-bowie-e16--p595625?sku=241203143,Tai nghe Bluetooth TWS Baseus Bowie E16 (White),299.000 ₫,299000,Baseus,in-ear,0,1,1,Bluetooth,30.0,42.0,0,0,1,0,1,299000,299000,Baseus,Bluetooth,7119.047619047619,9966.666666666666
phongvu,https://phongvu.vn/tai-nghe-dareu-eh722x-pro-black--s241203135?selectPromotionId=1994947,Tai nghe DAREU EH722X PRO (Black),575.000 ₫,575000,Dareu,over-ear,0,0,1,USB-A,,10.0,0,0,1,0,0,575000,575000,Other,USB-A,57500.0,
phongvu,https://phongvu.vn/tai-nghe-bluetooth-true-wireless-steelseries-arctis-gamebuds-black-61680--s241203119,Tai nghe Bluetooth True Wireless Steelseries Arctis GameBuds,3.949.000 ₫,3949000,Steelseries,in-ear,0,1,1,Bluetooth,25.0,62.0,0,0,1,0,1,3949000,3949000,Other,Bluetooth,63693.54838709677,157960.0
phongvu,https://phongvu.vn/tai-nghe-bluetooth-true-wireless-baseus-bowie-e18-den--s241203120,Tai nghe Bluetooth True Wireless Baseus Bowie E18,289.000 ₫,289000,Baseus,in-ear,0,1,1,Bluetooth,18.0,42.0,0,0,0,0,1,289000,289000,Baseus,Bluetooth,6880.952380952381,16055.555555555555
phongvu,https://phongvu.vn/tai-nghe-dareu-eh925l-black-red--s241106199,Tai nghe DAREU EH925L (Black Red),625.000 ₫,625000,Dareu,over-ear,0,0,1,USB-A,,10.0,0,0,1,0,0,625000,625000,Other,USB-A,62500.0,
phongvu,https://phongvu.vn/tai-nghe-dareu-eh733-black--s241106192,Tai nghe DAREU EH733 (Black),549.000 ₫,549000,Dareu,over-ear,0,0,1,USB-A,,10.0,0,0,1,0,0,549000,549000,Other,USB-A,54900.0,
phongvu,https://phongvu.vn/tai-nghe-khong-day-bluetooth-edifier-w830nb--p592088?sku=241105111,Tai nghe không dây Bluetooth Edifier W830NB - Sand White,1.449.000 ₫,1449000,Edifier,over-ear,0,1,1,Type C+Bluetooth,49.0,240.5,0,0,0,0,1,1449000,1449000,Edifier,Type C+Bluetooth,6024.948024948025,29571.428571428572
phongvu,https://phongvu.vn/tai-nghe-xiaomi-type-c-earphones--s241001975,Tai nghe Xiaomi Type-C Earphones,160.000 ₫,160000,Xiaomi,in-ear,0,0,1,Type C,,5.2,0,0,1,1,0,160000,160000,Xiaomi,Type C,30769.23076923077,
phongvu,https://phongvu.vn/tai-nghe-apple-earpods-ubs-c-myqy3za-a--s241001915?selectPromotionId=1624570,Tai nghe Apple EarPods UBS-C (MYQY3ZA/A),499.000 ₫,499000,Apple,in-ear,0,0,1,Type C,,26.299999999999997,0,0,1,1,0,499000,499000,Other,Type C,18973.384030418252,
phongvu,https://phongvu.vn/tai-nghe-logitech-pro-x-se-wired-gaming-black-981-001472--s240908915,Tai Nghe Logitech Pro X SE Wired Gaming (Black)(981-001472),2.090.000 ₫,2090000,Logitech,over-ear,1,0,1,3.5mm+USB-A,,320.0,0,0,1,0,0,2090000,2090000,Other,3.5mm+USB-A,6531.25,
phongvu,https://phongvu.vn/tai-nghe-airpods-4-mxp63zp-a--s240902178?selectPromotionId=1936785,Tai nghe Apple Airpods 4,3.190.000 ₫,3190000,Apple,in-ear,0,1,1,Bluetooth,4.0,32.3,0,0,0,0,1,3190000,3190000,Other,Bluetooth,98761.60990712076,797500.0
phongvu,https://phongvu.vn/tai-nghe-airpods-4-with-active-noise-cancellation-mxp93zp-a--s240902180?selectPromotionId=1863668,Tai nghe Apple Airpods 4 (Chống ồn chủ động),4.490.000 ₫,4490000,Apple,in-ear,0,1,1,Bluetooth,27.0,34.7,0,0,1,0,1,4490000,4490000,Other,Bluetooth,129394.81268011527,166296.2962962963
phongvu,https://phongvu.vn/tai-nghe-khong-day-baseus-bowie-wm02-mau-den--s240602321,Tai nghe không dây Baseus Bowie WM02,339.000 ₫,339000,Baseus,in-ear,0,1,1,Bluetooth,2.0,88.0,0,0,0,0,1,339000,339000,Baseus,Bluetooth,3852.2727272727275,169500.0
phongvu,https://phongvu.vn/tai-nghe-bluetooth-disney-qs16--s240400895,Tai nghe Bluetooth Disney QS16,399.000 ₫,399000,Disney,in-ear,0,1,1,Type C+Bluetooth,16.0,70.0,0,0,0,1,1,399000,399000,Other,Type C+Bluetooth,5700.0,24937.5
phongvu,https://phongvu.vn/tai-nghe-bluetooth-disney-qs30--s240400889,Tai nghe Bluetooth Disney QS30,319.000 ₫,319000,Disney,in-ear,0,1,1,Bluetooth,30.0,70.0,0,0,0,0,1,319000,319000,Other,Bluetooth,4557.142857142857,10633.333333333334
phongvu,https://phongvu.vn/tai-nghe-bluetooth-monster-xkt16--s240400880,Tai nghe Bluetooth Monster XKT16,279.000 ₫,279000,Monster,in-ear,0,1,0,Bluetooth,16.0,113.0,0,0,0,0,1,279000,279000,Other,Bluetooth,2469.026548672566,17437.5
phongvu,https://phongvu.vn/tai-nghe-choang-dau-gaming-co-day-arctis-nova-1-mau-den-steelseries--s240302604,Tai nghe choàng đầu gaming có dây Arctis Nova 1 SteelSeries,1.389.000 ₫,1389000,Steelseries,over-ear,1,0,1,3.5mm,,236.0,0,0,1,0,0,1389000,1389000,Other,3.5mm,5885.593220338983,
phongvu,https://phongvu.vn/tai-nghe-gaming-co-khung-chup-qua-dau-rapoo-vh160-mau-den--s240300769,Tai nghe Gaming có khung chụp qua đầu Rapoo VH160 màu đen,389.000 ₫,389000,Rapoo,over-ear,1,0,1,USB-A,,340.0,0,0,1,0,0,389000,389000,Other,USB-A,1144.1176470588234,
phongvu,https://phongvu.vn/tai-nghe-bluetooth-soundpeats-air4-pro--s240300701,Tai nghe Bluetooth SoundPEATS Air4 Pro,949.000 ₫,949000,Soundpeats,in-ear,0,1,1,Bluetooth,30.0,170.0,0,0,0,0,1,949000,949000,Soundpeats,Bluetooth,5582.35294117647,31633.333333333332
phongvu,https://phongvu.vn/tai-nghe-co-day-gaming-asus-rog-cetra-ii-core--s210503059?selectPromotionId=1994935,Tai nghe có dây gaming ASUS ROG Cetra II Core Đen,779.000 ₫,779000,Asus,in-ear,1,0,1,3.5mm,,18.0,0,0,1,0,0,779000,779000,Asus,3.5mm,43277.77777777778,
phongvu,https://phongvu.vn/tai-nghe-khong-day-asus-rog-den-90yh0410-bhua00--s250406856,Tai nghe Gaming Asus ROG Pelta Đen (90YH0410-BHUA00),2.949.000 ₫,2949000,Asus,over-ear,1,1,1,Type C+Bluetooth,21.0,309.0,0,0,1,0,1,2949000,2949000,Asus,Type C+Bluetooth,9543.68932038835,140428.57142857142
phongvu,https://phongvu.vn/tai-nghe-khong-day-asus-rog-cetra-true-wl--s220403056,Tai nghe Gaming TWS Asus ROG Cetra True WL,1.579.000 ₫,1579000,Asus,in-ear,1,1,1,Bluetooth,21.0,5.0,0,0,1,0,1,1579000,1579000,Asus,Bluetooth,315800.0,75190.47619047618
phongvu,https://phongvu.vn/tai-nghe-gaming-logitech-g733--s201100911,Tai nghe không dây gaming Logitech G733 Lightspeed RGB (Đen) (981-000867),2.289.000 ₫,2289000,Logitech,over-ear,1,1,1,Bluetooth,29.0,278.0,0,0,0,0,1,2289000,2289000,Other,Bluetooth,8233.812949640287,78931.03448275862
phongvu,https://phongvu.vn/tai-nghe-edifier-new-bluetooth-wh950nb--s240200137,Tai nghe EDIFIER New Bluetooth WH950NB,2.189.000 ₫,2189000,Edifier,over-ear,0,1,1,Bluetooth,49.0,296.0,0,0,0,0,1,2189000,2189000,Edifier,Bluetooth,7395.27027027027,44673.4693877551
phongvu,https://phongvu.vn/tai-nghe-edifier-new-bluetooth-wh700nb-den--s240200135,Tai nghe EDIFIER New Bluetooth WH700NB,750.000 ₫,750000,Edifier,over-ear,0,1,1,Bluetooth,68.0,271.0,0,0,0,0,1,750000,750000,Edifier,Bluetooth,2767.5276752767527,11029.411764705883
phongvu,https://phongvu.vn/tai-nghe-edifier-w820nb-plus-den--s240200128,Tai Nghe EDIFIER W820NB Plus,1.149.000 ₫,1149000,Edifier,over-ear,0,1,1,Bluetooth,49.0,220.0,0,0,0,0,1,1149000,1149000,Edifier,Bluetooth,5222.727272727273,23448.979591836734
phongvu,https://phongvu.vn/tai-nghe-khong-day-co-khung-trum-qua-dau-jbl-live670nc--s240100221,Tai nghe không dây có khung trùm qua đầu JBL LIVE670NC,2.699.000 ₫,2699000,Jbl,over-ear,0,1,1,Bluetooth,57.0,300.0,0,0,0,0,1,2699000,2699000,Jbl,Bluetooth,8996.666666666666,47350.87719298246
phongvu,https://phongvu.vn/tai-nghe-gaming-over-ear-khong-day-hyperx-cloud-iii-wireless--s231200900,Tai nghe Gaming Over-ear không dây HyperX Cloud III Wireless,3.290.000 ₫,3290000,Hyperx,over-ear,1,1,1,Bluetooth,72.5,333.0,0,0,1,0,1,3290000,3290000,Other,Bluetooth,9879.87987987988,45379.31034482759
phongvu,https://phongvu.vn/tai-nghe-dareu-eh406-multi-led-black--s231100655,Tai nghe DAREU EH406 MULTI-LED Black,239.000 ₫,239000,Dareu,over-ear,0,0,1,USB-A,,280.0,0,0,1,0,0,239000,239000,Other,USB-A,853.5714285714286,
phongvu,https://phongvu.vn/tai-nghe-gaming-over-ear-co-day-hyperx-cloud-iii--s230500928,Tai nghe Gaming Over-ear có dây HYPERX CLOUD III,2.190.000 ₫,2190000,Hyperx,over-ear,1,0,1,3.5mm,,308.0,0,0,1,0,0,2190000,2190000,Other,3.5mm,7110.38961038961,
phongvu,https://phongvu.vn/tai-nghe-co-day-gaming-razer-kraken-v3-x--s230302895,Tai nghe có dây gaming Razer Kraken V3 X USB,1.180.000 ₫,1180000,Razer,over-ear,1,0,1,USB-A,,285.0,0,0,0,0,0,1180000,1180000,Razer,USB-A,4140.350877192983,
phongvu,https://phongvu.vn/tai-nghe-co-day-over-ear-corsair-hs55-stereo-white-ca-9011261-ap--s230302148,Tai nghe có dây Over-ear Corsair HS55 Stereo White (CA-9011261-AP),945.000 ₫,945000,Corsair,over-ear,0,0,1,3.5mm,,273.0,0,0,1,0,0,945000,945000,Other,3.5mm,3461.5384615384614,
phongvu,https://phongvu.vn/tai-nghe-chup-tai-havit-h2590bt-pro--p505125?sku=230300487,Tai nghe chụp tai không dây Bluetooth Havit H2590BT PRO Xanh,249.000 ₫,249000,Havit,over-ear,0,1,1,3.5mm+Bluetooth,4.0,150.0,0,0,0,0,1,249000,249000,Havit,3.5mm+Bluetooth,1660.0,62250.0
phongvu,https://phongvu.vn/tai-nghe-hyperx-cloud-stinger-core-ii-683l9aa-den--s221003034,Tai nghe HyperX Cloud Stinger Core II (683L9AA),790.000 ₫,790000,Hyperx,over-ear,0,0,1,3.5mm,,266.0,0,0,1,0,0,790000,790000,Other,3.5mm,2969.9248120300754,
phongvu,https://phongvu.vn/tai-nghe-gaming-sony-inzone-h3--s220700819?selectPromotionId=2078808,Tai nghe Gaming có dây Choàng đầu Sony INZONE H3 MDR-G300/WZ E (Trắng),1.190.000 ₫,1190000,Sony,over-ear,1,0,1,3.5mm,,299.0,0,0,0,0,0,1190000,1190000,Sony,3.5mm,3979.933110367893,
phongvu,https://phongvu.vn/tai-nghe-gaming-zidli-zh29-sound-7-1-argb-led-usb--s210700062,"Tai nghe Gaming ZIDLI ZH29 (Sound 7.1 , ARGB LED, USB)",579.000 ₫,579000,Zidli,over-ear,1,0,1,USB-A,,40.0,0,0,1,1,0,579000,579000,Other,USB-A,14475.0,
phongvu,https://phongvu.vn/tai-nghe-zidli-zh-7rgb-den--s200801075,Tai nghe Zidli ZH-7RB (Đen),389.000 ₫,389000,Zidli,over-ear,0,0,1,USB-A,,40.0,0,0,1,1,0,389000,389000,Other,USB-A,9725.0,
phongvu,https://phongvu.vn/tai-nghe-dareu-eh416-rgb--s200700184?selectPromotionId=1994948,Tai nghe DareU EH416 RGB (Đen),355.000 ₫,355000,Dareu,over-ear,0,0,1,USB-A,,10.0,0,0,1,0,0,355000,355000,Other,USB-A,35500.0,
phongvu,https://phongvu.vn/tai-nghe-gaming-khong-day-choang-dau-mchose-g9-pro-mc-g9-3-black--s260102075,Tai nghe Gaming Không Dây choàng đầu MCHOSE G9 Pro MC-G9-3 (Đen),1.090.000 ₫,1090000,Mchose,over-ear,1,1,1,Type C+Bluetooth,25.0,265.0,0,0,1,0,1,1090000,1090000,Other,Type C+Bluetooth,4113.207547169812,43600.0
phongvu,https://phongvu.vn/tai-nghe-gaming-co-day-choang-dau-corsair-hs35-surround-v2-carbon-ca-9011386-ap-den--s251211487,Tai Nghe Gaming Có Dây choàng đầu Corsair HS35 Surround V2 Carbon (CA-9011386-AP) (Đen),1.690.000 ₫,1690000,Corsair,over-ear,1,0,1,3.5mm,,273.0,0,0,1,1,0,1690000,1690000,Other,3.5mm,6190.476190476191,
phongvu,https://phongvu.vn/tai-nghe-gaming-co-day-choang-dau-razer-blackshark-v2-x-rz04-03240600-r3m1-green--s251011305,Tai nghe Gaming có dây choàng đầu Razer BlackShark V2 X RZ04-03240600-R3M1 (Green),1.249.000 ₫,1249000,Razer,over-ear,1,0,1,3.5mm,,240.0,0,0,0,0,0,1249000,1249000,Razer,3.5mm,5204.166666666667,
phongvu,https://phongvu.vn/tai-nghe-khong-day-headset-atk-m1-mercury-esports--p759368?sku=250719888,"Tai nghe không dây Headset ATK M1 Mercury eSports, Trắng",1.129.000 ₫,1129000,Atk,over-ear,0,1,1,Bluetooth,25.0,40.0,0,0,1,1,1,1129000,1129000,Other,Bluetooth,28225.0,45160.0
phongvu,https://phongvu.vn/tai-nghe-e-dra-eh406-den--s250646159,"Tai nghe E-DRA EH406, đen",225.000 ₫,225000,E Dra,over-ear,0,0,1,USB-A,,270.0,0,0,1,0,0,225000,225000,Other,USB-A,833.3333333333334,
phongvu,https://phongvu.vn/tai-nghe-co-day-co-khung-choang-dau-razer-kraken-v4-x-minecraft-edition-rz04-05180200-r3m1--s250410574,Tai nghe Gaming Razer Kraken V4 X - Minecraft Edition (RZ04-05180200-R3M1),2.380.000 ₫,2380000,Razer,over-ear,1,0,1,USB-A,,310.0,0,0,0,0,0,2380000,2380000,Razer,USB-A,7677.419354838709,
phongvu,https://phongvu.vn/tai-nghe-gaming-co-day-baseus-goplay-1-max-trang-den--s250300105,Tai nghe Gaming Có Dây Baseus Goplay 1 Max (Trắng đen),599.000 ₫,599000,Baseus,over-ear,1,0,1,3.5mm,,402.0,0,0,1,0,0,599000,599000,Baseus,3.5mm,1490.0497512437812,
phongvu,https://phongvu.vn/tai-nghe-gaming-co-day-baseus-goplay-1-max-trang-den--s250300103,Tai nghe Gaming Có Dây Baseus Goplay 1+ Max (Trắng đen),749.000 ₫,749000,Baseus,over-ear,1,0,1,USB-A,,258.0,0,0,1,0,0,749000,749000,Baseus,USB-A,2903.1007751937987,
phongvu,https://phongvu.vn/tai-nghe-bluetooth-khong-day-logitech-zone-300--s241206709,Tai nghe Bluetooth không dây Logitech Zone 300,1.499.000 ₫,1499000,Logitech,over-ear,0,1,1,Bluetooth,29.0,122.0,0,0,0,0,1,1499000,1499000,Other,Bluetooth,12286.88524590164,51689.65517241379
phongvu,https://phongvu.vn/tai-nghe-gaming-khong-day-arctis-nova-5-steelseries-trang--s241203142,Tai nghe gaming không dây Arctis Nova 5 SteelSeries (Trắng),3.590.000 ₫,3590000,Steelseries,over-ear,1,1,1,Bluetooth,25.0,267.0,0,0,1,0,1,3590000,3590000,Other,Bluetooth,13445.692883895132,143600.0
phongvu,https://phongvu.vn/tai-nghe-jabra-evolve2-65-link-380a-ms-stereo-usb-a-black--s241104822,Tai nghe Jabra Evolve2 65 Link 380a MS Stereo USB-A Black,7.990.000 ₫,7900000,Jabra,over-ear,0,1,1,USB-A+Bluetooth,28.0,176.4,0,0,1,0,1,7900000,7990000,Other,USB-A+Bluetooth,44784.58049886621,282142.85714285716
phongvu,https://phongvu.vn/tai-nghe-yealink-uh36-mono--s241104140,Tai nghe Yealink UH36 Mono,1.299.000 ₫,1299000,Yealink,over-ear,0,0,1,3.5mm+USB-A,,1200.0,0,0,1,0,0,1299000,1299000,Other,3.5mm+USB-A,1082.5,
phongvu,https://phongvu.vn/tai-nghe-co-day-poly-blackwire-3320-usb-c-a-ms-teams-8x220aa--s240908893,Tai nghe có dây Poly Blackwire 3320 USB-C/A (MS Teams) (8X220AA),1.190.000 ₫,1190000,Poly,over-ear,0,0,1,Type C,,131.0,0,0,1,0,0,1190000,1190000,Other,Type C,9083.969465648855,
phongvu,https://phongvu.vn/tai-nghe-gaming-khong-day-arctis-nova-5-steelseries-den--s240706065,Tai nghe gaming không dây Arctis Nova 5 SteelSeries (đen),3.590.000 ₫,3590000,Steelseries,over-ear,1,1,1,Bluetooth,25.0,267.0,0,0,1,0,1,3590000,3590000,Other,Bluetooth,13445.692883895132,143600.0
phongvu,https://phongvu.vn/tai-nghe-razer-kraken-v3-hypersense-rz04-03770100-r3m1--s240704997,Tai nghe Razer Kraken V3 HyperSense (RZ04-03770100-R3M1),2.390.000 ₫,2390000,Razer,over-ear,0,0,1,USB-A,,270.0,0,0,0,0,0,2390000,2390000,Razer,USB-A,8851.851851851852,
phongvu,https://phongvu.vn/tai-nghe-choang-dau-gaming-khong-day-arctis-nova-pro-wireless-kem-infinity-power-system-steelseries--s240403757,Tai nghe choàng đầu gaming không dây Arctis Nova Pro Wireless kèm Infinity Power System SteelSeries,8.650.000 ₫,7900000,Steelseries,over-ear,1,1,1,Bluetooth,25.0,267.0,0,0,1,0,1,7900000,8650000,Other,Bluetooth,29588.01498127341,316000.0
phongvu,https://phongvu.vn/tai-nghe-choang-dau-gaming-khong-day-arctis-nova-7-wireless-steelseries--s240302606,Tai nghe choàng đầu gaming không dây Arctis Nova 7 Wireless SteelSeries,5.599.000 ₫,5599000,Steelseries,over-ear,1,1,1,Bluetooth,25.0,267.0,0,0,1,0,1,5599000,5599000,Other,Bluetooth,20970.037453183522,223960.0
phongvu,https://phongvu.vn/tai-nghe-edifier-w820nb-xanh-da-troi--s240200127,Tai nghe EDIFIER W820NB - xanh da trời,949.000 ₫,949000,Edifier,over-ear,0,1,1,Bluetooth,49.0,220.0,0,0,0,0,1,949000,949000,Edifier,Bluetooth,4313.636363636364,19367.34693877551
phongvu,https://phongvu.vn/tai-nghe-co-day-co-khung-choang-dau-dell-wh1022-0rmh97--s240200121,Tai nghe có dây có khung choàng đầu Dell WH1022 (0RMH97),890.000 ₫,890000,Dell,over-ear,0,0,1,3.5mm+USB-A,,121.0,0,0,1,0,0,890000,890000,Other,3.5mm+USB-A,7355.371900826446,
phongvu,https://phongvu.vn/tai-nghe-gaming-cao-cap-madcatz-p-i-l-o-t-5--s240200115,Tai nghe Gaming Cao cấp Madcatz P.I.L.O.T. 5,1.499.000 ₫,1499000,Mad Catz,over-ear,1,0,1,USB-A,,369.0,0,0,1,0,0,1499000,1499000,Other,USB-A,4062.330623306233,
phongvu,https://phongvu.vn/tai-nghe-gaming-cao-cap-madcatz-p-i-l-o-t-3--s240200114,Tai nghe Gaming Cao cấp Madcatz P.I.L.O.T. 3,1.049.000 ₫,1049000,Mad Catz,over-ear,1,0,1,3.5mm,,320.0,0,0,1,0,0,1049000,1049000,Other,3.5mm,3278.125,
phongvu,https://phongvu.vn/tai-nghe-gaming-khong-day-steelseries-arctis-nova-7-wireless-dragon--s240200100,Tai nghe gaming không dây SteelSeries Arctis Nova 7 Wireless Dragon,3.999.000 ₫,3999000,Steelseries,over-ear,1,1,1,Bluetooth,25.0,770.0,0,0,1,0,1,3999000,3999000,Other,Bluetooth,5193.506493506494,159960.0
hoanghamobile,https://hoanghamobile.com/tai-nghe/tai-nghe-nhet-tai-devia-cong-lightning,Tai nghe nhét tai Devia Cổng Lightning - Chính hãng,250.000 ₫,250000,Devia,in-ear,0,0,0,Lightning,,21.75,0,0,1,1,0,250000,250000,Other,Other,11494.252873563219,
hoanghamobile,https://hoanghamobile.com/tai-nghe/tai-nghe-bluetooth-ueelr-yw03,Tai nghe Bluetooth UEELR YW03,350.000 ₫,350000,Ueelr,in-ear,0,1,0,Bluetooth,3.0,40.0,1,0,0,1,1,350000,350000,Other,Bluetooth,8750.0,116666.66666666667
hoanghamobile,https://hoanghamobile.com/tai-nghe/tai-nghe-bluetooth-soundpeats-air5,Tai nghe Bluetooth SoundPEATS Air5,1.350.000 ₫,1350000,Soundpeats,in-ear,0,1,0,Bluetooth,30.0,3.8,0,0,0,0,1,1350000,1350000,Soundpeats,Bluetooth,355263.15789473685,45000.0
hoanghamobile,https://hoanghamobile.com/tai-nghe/tai-nghe-bluetooth-soundpeats-life,Tai nghe Bluetooth Soundpeats Life - Chính hãng,590.000 ₫,590000,Soundpeats,in-ear,0,1,0,Bluetooth,25.0,6.1,0,0,0,1,1,590000,590000,Soundpeats,Bluetooth,96721.31147540984,23600.0
hoanghamobile,https://hoanghamobile.com/tai-nghe/tai-nghe-sennheiser-accentum-open,Tai nghe Sennheiser ACCENTUM Open,2.290.000 ₫,2290000,Sennheiser,in-ear,0,0,0,3.5mm,,29.3,0,1,0,0,0,2290000,2290000,Sennheiser,3.5mm,78156.99658703072,
hoanghamobile,https://hoanghamobile.com/tai-nghe/tai-nghe-day-yookie-yk66,Tai nghe dây Yookie YK66,50.000 ₫,50000,Yookie,in-ear,0,0,0,3.5mm,,40.0,1,1,1,1,0,50000,50000,Other,3.5mm,1250.0,
hoanghamobile,https://hoanghamobile.com/tai-nghe/tai-nghe-tws-havit-tw931,Tai Nghe TWS HAVIT TW931,220.000 ₫,220000,Havit,in-ear,0,1,0,Bluetooth,6.0,204.0,0,0,0,1,1,220000,220000,Havit,Bluetooth,1078.4313725490197,36666.666666666664
hoanghamobile,https://hoanghamobile.com/tai-nghe/tai-nghe-tws-havit-tw917,Tai nghe TWS HAVIT TW917,390.000 ₫,390000,Havit,in-ear,0,1,0,Bluetooth,24.0,204.0,0,0,1,1,1,390000,390000,Havit,Bluetooth,1911.764705882353,16250.0
hoanghamobile,https://hoanghamobile.com/tai-nghe/tai-nghe-chup-tai-oneodio-a70-chinh-hang,Tai nghe chụp tai OneOdio A70 - Chính Hãng,790.000 ₫,790000,Oneodio,over-ear,0,1,0,Bluetooth,72.0,250.0,0,0,0,0,1,790000,790000,Other,Bluetooth,3160.0,10972.222222222223
hoanghamobile,https://hoanghamobile.com/tai-nghe/tai-nghe-khong-day-volwatt-zen,Tai nghe không dây Volwatt Zen,450.000 ₫,450000,Volwatt,in-ear,0,1,0,Bluetooth,25.0,40.0,1,0,1,1,1,450000,450000,Other,Bluetooth,11250.0,18000.0
hoanghamobile,https://hoanghamobile.com/tai-nghe/tai-nghe-bluetooth-hieu-soundpeats-air5-pro-plus,Tai nghe Bluetooth SoundPeats Air5 Pro+,2.150.000 ₫,2150000,Soundpeats,in-ear,0,1,0,Bluetooth,24.0,5.04,0,0,1,0,1,2150000,2150000,Soundpeats,Bluetooth,426587.3015873016,89583.33333333333
hoanghamobile,https://hoanghamobile.com/tai-nghe/tai-nghe-huawei-freeclip-2,Tai nghe HUAWEI FreeClip 2 - Chính hãng,3.790.000 ₫,3790000,Huawei,in-ear,0,1,0,Bluetooth,38.0,5.1,0,0,0,0,1,3790000,3790000,Other,Bluetooth,743137.2549019608,99736.84210526316
hoanghamobile,https://hoanghamobile.com/tai-nghe/tai-nghe-tws-nakamichi-hue-tulip,Tai Nghe TWS Nakamichi Hue-Tulip - Chính Hãng,350.000 ₫,350000,Nakamichi,in-ear,0,1,1,Bluetooth,20.0,44.0,0,0,0,0,1,350000,350000,Other,Bluetooth,7954.545454545455,17500.0
hoanghamobile,https://hoanghamobile.com/tai-nghe/tai-nghe-headphone-bluetooth-hue-cherry,Tai Nghe Headphone Bluetooth Hue-Cherry - Chính Hãng,449.000 ₫,449000,Nakamichi,over-ear,0,1,0,Bluetooth,60.0,186.0,0,0,0,0,1,449000,449000,Other,Bluetooth,2413.978494623656,7483.333333333333
hoanghamobile,https://hoanghamobile.com/tai-nghe/tai-nghe-nhet-tai-devia-smart-earpods-co-mic,Tai nghe nhét tai Devia Smart Earpods có Mic - Chính hãng,99.000 ₫,99000,Devia,in-ear,0,0,1,3.5mm,,21.75,0,1,1,1,0,99000,99000,Other,3.5mm,4551.724137931034,
hoanghamobile,https://hoanghamobile.com/tai-nghe/tai-nghe-chup-tai-oneodio-pro-10-chinh-hang,Tai nghe chụp tai OneOdio Pro 10 - Chính Hãng,550.000 ₫,550000,Oneodio,over-ear,0,0,0,3.5mm,,250.0,0,1,1,1,0,550000,550000,Other,3.5mm,2200.0,
hoanghamobile,https://hoanghamobile.com/tai-nghe/tai-nghe-bluetooth-headphone-havit-i62,Tai nghe Bluetooth Headphone HAVIT i62,330.000 ₫,330000,Havit,over-ear,0,1,0,3.5mm+Bluetooth,8.0,200.0,0,0,0,0,1,330000,330000,Havit,3.5mm+Bluetooth,1650.0,41250.0
hoanghamobile,https://hoanghamobile.com/tai-nghe/tai-nghe-havit-open-ear-ows907,Tai nghe HAVIT Open-Ear OWS907,249.000 ₫,249000,Havit,in-ear,0,0,0,3.5mm,,8.95,0,1,1,0,0,249000,249000,Havit,3.5mm,27821.229050279333,
hoanghamobile,https://hoanghamobile.com/tai-nghe/tai-nghe-tws-havit-tw991-pro,Tai nghe TWS HAVIT TW991 Pro - Chính hãng,570.000 ₫,570000,Havit,in-ear,0,1,0,Bluetooth,7.0,204.0,0,0,0,1,1,570000,570000,Havit,Bluetooth,2794.1176470588234,81428.57142857143
hoanghamobile,https://hoanghamobile.com/tai-nghe/tai-nghe-tws-havit-tw907-se,Tai Nghe TWS HAVIT TW907 SE,299.000 ₫,299000,Havit,in-ear,0,1,0,Bluetooth,22.0,204.0,0,0,0,1,1,299000,299000,Havit,Bluetooth,1465.686274509804,13590.90909090909
hoanghamobile,https://hoanghamobile.com/tai-nghe/tai-nghe-chup-tai-oneodio-pro-c-chinh-hang,Tai nghe chụp tai OneOdio Pro C - Chính Hãng,790.000 ₫,790000,Oneodio,over-ear,0,1,0,Bluetooth,110.0,250.0,0,0,0,1,1,790000,790000,Other,Bluetooth,3160.0,7181.818181818182
hoanghamobile,https://hoanghamobile.com/tai-nghe/tai-nghe-xiaomi-openwear-stereo-pro,Tai nghe Xiaomi OpenWear Stereo Pro,4.390.000 ₫,4390000,Xiaomi,in-ear,0,0,0,Type C,,9.7,0,1,0,0,0,4390000,4390000,Xiaomi,Type C,452577.3195876289,
hoanghamobile,https://hoanghamobile.com/tai-nghe/tai-nghe-bluetooth-soundpeats-air4-chinh-hang,Tai nghe Bluetooth SoundPEATS Air4 - Chính Hãng,790.000 ₫,790000,Soundpeats,in-ear,0,1,0,Bluetooth,26.0,4.0,0,0,0,0,1,790000,790000,Soundpeats,Bluetooth,197500.0,30384.615384615383
hoanghamobile,https://hoanghamobile.com/tai-nghe/tai-nghe-bluetooth-haylou-gt6-chinh-hang,Tai nghe Bluetooth Haylou GT6 - Chính hãng,390.000 ₫,390000,Haylou,in-ear,0,1,0,Bluetooth,20.0,3.9,0,0,0,0,1,390000,390000,Other,Bluetooth,100000.0,19500.0
hoanghamobile,https://hoanghamobile.com/tai-nghe/tai-nghe-bluetooth-qcy-t1c-chinh-hang,Tai nghe Bluetooth QCY T1C - Chính Hãng,199.000 ₫,199000,Qcy,in-ear,0,1,0,Bluetooth,20.0,9.2,0,0,0,0,1,199000,199000,Other,Bluetooth,21630.434782608696,9950.0
hoanghamobile,https://hoanghamobile.com/tai-nghe/tai-nghe-bluetooth-akg-y100bt-chinh-hang,Tai nghe Tai nghe Bluetooth AKG Y100BT - Chính hãng,1.090.000 ₫,1090000,Akg,in-ear,0,1,0,Bluetooth,8.0,24.0,0,0,0,0,1,1090000,1090000,Other,Bluetooth,45416.666666666664,136250.0
hoanghamobile,https://hoanghamobile.com/tai-nghe/tai-nghe-khong-day-bluetooth-stargo-hero,Tai nghe không dây Bluetooth Stargo Hero,390.000 ₫,390000,Stargo,over-ear,0,1,0,Bluetooth,24.0,24.0,0,0,0,1,1,390000,390000,Other,Bluetooth,16250.0,16250.0
hoanghamobile,https://hoanghamobile.com/tai-nghe/tai-nghe-bluetooth-true-wireless-soundcore-k20i,Tai nghe Bluetooth True Wireless soundcore K20i,620.000 ₫,620000,Anker,in-ear,0,1,0,Bluetooth,6.0,3.3,0,0,0,0,1,620000,620000,Other,Bluetooth,187878.7878787879,103333.33333333333
hoanghamobile,https://hoanghamobile.com/tai-nghe/tai-nghe-sennheiser-cx-80s-chinh-hang,Tai nghe SENNHEISER CX 80S - Chính Hãng,530.000 ₫,530000,Sennheiser,over-ear,0,0,0,3.5mm,,229.5,1,1,1,1,0,530000,530000,Sennheiser,3.5mm,2309.368191721133,
hoanghamobile,https://hoanghamobile.com/tai-nghe/tai-nghe-chup-tai-gaming-sony-inzone-h7-chinh-hang,Tai nghe chụp tai Gaming Sony Inzone H7 - Chính Hãng,1.990.000 ₫,1990000,Sony,over-ear,1,1,0,Bluetooth,40.0,325.0,0,0,0,0,1,1990000,1990000,Sony,Bluetooth,6123.076923076923,49750.0
hoanghamobile,https://hoanghamobile.com/tai-nghe/tai-nghe-bluetooth-chup-tai-baseus-bowie-h1i-chinh-hang,Tai nghe Bluetooth chụp tai Baseus Bowie H1i - Chính Hãng,750.000 ₫,750000,Baseus,over-ear,0,1,0,Bluetooth,100.0,226.0,0,0,0,0,1,750000,750000,Baseus,Bluetooth,3318.5840707964603,7500.0
hoanghamobile,https://hoanghamobile.com/tai-nghe/tai-nghe-tws-havit-life-nc01t-tw984,Tai Nghe TWS HAVIT LIFE NC01T TW984,360.000 ₫,360000,Havit,in-ear,0,1,0,Bluetooth,24.0,204.0,0,0,0,1,1,360000,360000,Havit,Bluetooth,1764.7058823529412,15000.0
hoanghamobile,https://hoanghamobile.com/tai-nghe/tai-nghe-bluetooth-hieu-havit-model-space-s1,Tai nghe Bluetooth HAVIT Space S1 H670BT,1.500.000 ₫,1500000,Havit,in-ear,0,1,0,Bluetooth,100.0,204.0,0,0,0,1,1,1500000,1500000,Havit,Bluetooth,7352.941176470588,15000.0
hoanghamobile,https://hoanghamobile.com/tai-nghe/tai-nghe-bluetooth-the-thao-havit-ows902,Tai nghe Bluetooth thể thao Havit OWS902,490.000 ₫,490000,Havit,in-ear,0,1,0,Bluetooth,4.0,8.95,0,0,0,0,1,490000,490000,Havit,Bluetooth,54748.60335195531,122500.0
hoanghamobile,https://hoanghamobile.com/tai-nghe/tai-nghe-bluetooth-philips-tat4556-chinh-hang,Tai nghe Bluetooth PHILIPS TAT4556 - Chính hãng,899.000 ₫,899000,Philips,in-ear,0,1,0,Bluetooth,20.0,47.0,0,0,0,0,1,899000,899000,Other,Bluetooth,19127.659574468085,44950.0
hoanghamobile,https://hoanghamobile.com/tai-nghe/tai-nghe-bluetooth-jbl-t115bt-chinh-hang,Tai nghe Bluetooth JBL T115BT - Chính hãng,199.000 ₫,199000,Jbl,in-ear,0,1,0,Bluetooth,8.0,19.02,0,0,0,0,1,199000,199000,Jbl,Bluetooth,10462.67087276551,24875.0
hoanghamobile,https://hoanghamobile.com/tai-nghe/tai-nghe-huawei-freebuds-7i-chinh-hang,Tai nghe HUAWEI FreeBuds 7i - Chính hãng,1.590.000 ₫,1590000,Huawei,in-ear,0,0,0,3.5mm,,5.4,0,1,0,0,0,1590000,1590000,Other,3.5mm,294444.44444444444,
hoanghamobile,https://hoanghamobile.com/tai-nghe/tai-nghe-bluetooth-soundpeats-q,Tai Nghe Bluetooth Earbuds SoundPeats Q - Chính hãng,390.000 ₫,390000,Soundpeats,in-ear,0,1,0,Bluetooth,21.0,4.5,0,0,0,0,1,390000,390000,Soundpeats,Bluetooth,86666.66666666667,18571.428571428572
hoanghamobile,https://hoanghamobile.com/tai-nghe/tai-nghe-kz-edx-pro-chinh-hang,Tai nghe KZ EDX Pro - Chính Hãng,269.000 ₫,269000,Kz,in-ear,0,0,0,3.5mm,,50.0,1,1,1,1,0,269000,269000,Other,3.5mm,5380.0,
hoanghamobile,https://hoanghamobile.com/tai-nghe/tai-nghe-tws-havit-tw969-chinh-hang,Tai nghe TWS Havit TW969 - Chính Hãng,220.000 ₫,220000,Havit,in-ear,0,1,0,Bluetooth,23.0,204.0,0,0,0,1,1,220000,220000,Havit,Bluetooth,1078.4313725490197,9565.217391304348
hoanghamobile,https://hoanghamobile.com/tai-nghe/tai-nghe-bluetooth-earbuds-soundpeats-air3-chinh-hang,Tai Nghe Bluetooth Earbuds SoundPeats Air3- Chính Hãng,690.000 ₫,690000,Soundpeats,in-ear,0,1,0,Bluetooth,10.0,4.0,0,0,0,0,1,690000,690000,Soundpeats,Bluetooth,172500.0,69000.0
hoanghamobile,https://hoanghamobile.com/tai-nghe/tai-nghe-gaming-edra-eh416pro-usb-led-rgb,Tai nghe gaming EDRA EH416PRO USB LED RGB,398.000 ₫,398000,Edra,in-ear,1,0,0,USB-A,,40.0,1,0,1,1,0,398000,398000,Other,USB-A,9950.0,
hoanghamobile,https://hoanghamobile.com/tai-nghe/tai-nghe-gaming-edra-eh404-usb-led-rgb-chinh-hang,Tai nghe gaming EDRA EH404 USB LED RGB,248.000 ₫,248000,Edra,in-ear,1,0,0,USB-A,,40.0,1,0,1,1,0,248000,248000,Other,USB-A,6200.0,
hoanghamobile,https://hoanghamobile.com/tai-nghe/tai-nghe-tws-havit-tw982-life-01t,Tai Nghe TWS HAVIT TW982 Life 01T,220.000 ₫,220000,Havit,in-ear,0,1,0,Bluetooth,25.0,3.9,0,0,0,0,1,220000,220000,Havit,Bluetooth,56410.256410256414,8800.0
hoanghamobile,https://hoanghamobile.com/tai-nghe/tai-nghe-bluetooth-anker-soundcore-q20i-chinh-hang,Tai nghe chụp tai (Không dây) Anker soundcore Q20i - Chính hãng,690.000 ₫,690000,Anker,over-ear,0,1,0,Bluetooth,60.0,12.23,0,0,0,1,1,690000,690000,Other,Bluetooth,56418.642681929676,11500.0
hoanghamobile,https://hoanghamobile.com/tai-nghe/tai-nghe-sennheiser-hd-450bt-chinh-hang,Tai nghe chụp tai (Không dây) SENNHEISER HD 450BT - Chính Hãng,2.790.000 ₫,2790000,Sennheiser,over-ear,0,1,0,Bluetooth,30.0,238.0,0,0,0,0,1,2790000,2790000,Sennheiser,Bluetooth,11722.689075630253,93000.0
hoanghamobile,https://hoanghamobile.com/tai-nghe/tai-nghe-chup-tai-sennheiser-hd-400s-chinh-hang,Tai nghe chụp tai (Có dây) Sennheiser HD 400S - Chính Hãng,1.250.000 ₫,1250000,Sennheiser,over-ear,0,0,0,3.5mm,,217.0,0,1,1,0,0,1250000,1250000,Sennheiser,3.5mm,5760.3686635944705,
hoanghamobile,https://hoanghamobile.com/tai-nghe/tai-nghe-gaming-msi-h991-chinh-hang,Tai nghe chụp tai (Có dây) Gaming MSI H991 - Chính hãng,990.000 ₫,990000,Msi,over-ear,1,0,0,USB-A,,40.0,0,1,1,1,0,990000,990000,Other,USB-A,24750.0,
hoanghamobile,https://hoanghamobile.com/tai-nghe/tai-nghe-gaming-co-day-rapoo-vh360-chinh-hang,Tai nghe gaming có dây Rapoo VH360 (USB/RGB LED) - Chính hãng,350.000 ₫,350000,Rapoo,over-ear,1,0,0,USB-A,,340.0,0,0,1,1,0,350000,350000,Other,USB-A,1029.4117647058824,
hoanghamobile,https://hoanghamobile.com/tai-nghe/tai-nghe-gaming-co-day-rapoo-vh710-chinh-hang,Tai nghe chụp tai (Có dây) gaming Rapoo VH710 - Chính hãng,680.000 ₫,680000,Rapoo,over-ear,1,0,0,USB-A,,409.0,0,1,1,0,0,680000,680000,Other,USB-A,1662.5916870415647,
hoanghamobile,https://hoanghamobile.com/tai-nghe/tai-nghe-gaming-co-day-rapoo-vh500c-chinh-hang,Tai nghe chụp tai (Có dây) Gaming Rapoo VH500C (USB/RGB LED) - Chính hãng,480.000 ₫,480000,Rapoo,over-ear,1,0,0,USB-A,,350.0,0,0,1,0,0,480000,480000,Other,USB-A,1371.4285714285713,
hoanghamobile,https://hoanghamobile.com/tai-nghe/tai-nghe-sennheiser-hd-350bt-chinh-hang,Tai nghe SENNHEISER HD 350BT - Chính Hãng,1.550.000 ₫,1550000,Sennheiser,over-ear,0,1,0,Bluetooth,30.0,238.0,0,0,0,0,1,1550000,1550000,Sennheiser,Bluetooth,6512.605042016807,51666.666666666664
hoanghamobile,https://hoanghamobile.com/tai-nghe/tai-nghe-havit-hv-h2218d-chinh-hang,Tai nghe chụp tai (Có dây) Havit HV - H2218d - Chính hãng,190.000 ₫,190000,Havit,over-ear,0,0,0,3.5mm,,207.0,0,1,1,0,0,190000,190000,Havit,3.5mm,917.8743961352657,
hoanghamobile,https://hoanghamobile.com/tai-nghe/tai-nghe-bluetooth-trum-dau-philips-tah4205-chinh-hang,Tai nghe chụp tai (Không dây) PHILIPS TAH4205 - Chính hãng,790.000 ₫,790000,Philips,over-ear,0,1,0,Bluetooth,29.0,25.45,0,0,0,1,1,790000,790000,Other,Bluetooth,31041.257367387036,27241.379310344826
hoanghamobile,https://hoanghamobile.com/tai-nghe/tai-nghe-khong-day-havit-tw971-chinh-hang,Tai nghe không dây Havit TW971 - Chính Hãng,250.000 ₫,250000,Havit,in-ear,0,1,0,Bluetooth,18.0,204.0,0,0,0,1,1,250000,250000,Havit,Bluetooth,1225.4901960784314,13888.888888888889
hoanghamobile,https://hoanghamobile.com/tai-nghe/tai-nghe-bluetooth-myalo-z-one-chinh-hang,Tai nghe Bluetooth myALO Z-One - Chính hãng,390.000 ₫,390000,Myalo,in-ear,0,1,0,Bluetooth,25.0,3.4,0,0,0,0,1,390000,390000,Other,Bluetooth,114705.88235294117,15600.0
hoanghamobile,https://hoanghamobile.com/tai-nghe/tai-nghe-bluetooth-myalo-X-one-chinh-hang,Tai nghe Bluetooth myALO X-One - Chính hãng,590.000 ₫,590000,Myalo,in-ear,0,1,0,Bluetooth,25.0,3.9,0,0,0,0,1,590000,590000,Other,Bluetooth,151282.05128205128,23600.0
hoanghamobile,https://hoanghamobile.com/tai-nghe/tai-nghe-asus-tuf-gaming-h1-chinh-hang,Tai nghe ASUS TUF Gaming H1 - Chính Hãng,740.000 ₫,740000,Asus,over-ear,1,0,0,3.5mm,,287.0,0,1,1,0,0,740000,740000,Asus,3.5mm,2578.397212543554,
hoanghamobile,https://hoanghamobile.com/tai-nghe/tai-nghe-khong-day-hieu-baseus-eli-fit-open-ear,Tai nghe Bluetooth Baseus Eli Fit Open-Ear,480.000 ₫,480000,Baseus,in-ear,0,1,0,Bluetooth,30.0,42.0,0,0,1,0,1,480000,480000,Baseus,Bluetooth,11428.57142857143,16000.0
hoanghamobile,https://hoanghamobile.com/tai-nghe/tai-nghe-redmi-buds-8-active-chinh-hang,Tai nghe Redmi Buds 8 Active - Chính hãng,750.000 ₫,750000,Redmi,in-ear,0,1,0,Bluetooth,27.0,5.0,0,0,1,1,1,750000,750000,Other,Bluetooth,150000.0,27777.777777777777
hoanghamobile,https://hoanghamobile.com/tai-nghe/tai-nghe-redmi-buds-6,Tai nghe Redmi Buds 6 - Chính hãng,980.000 ₫,980000,Redmi,in-ear,0,1,0,Bluetooth,32.0,5.0,0,0,0,0,1,980000,980000,Other,Bluetooth,196000.0,30625.0
hoanghamobile,https://hoanghamobile.com/tai-nghe/tai-nghe-huawei-freebuds-pro-4,Tai nghe Huawei Freebuds Pro 4 - Chính hãng,2.990.000 ₫,2990000,Huawei,in-ear,0,0,0,3.5mm,,5.8,0,1,0,0,0,2990000,2990000,Other,3.5mm,515517.2413793104,
hoanghamobile,https://hoanghamobile.com/tai-nghe/tai-nghe-bluetooth-true-wireless-earfun-air-life,Tai nghe Bluetooth True Wireless EarFun Air Life,350.000 ₫,350000,Earfun,in-ear,0,1,0,Bluetooth,36.0,49.2,0,0,1,1,1,350000,350000,Other,Bluetooth,7113.821138211381,9722.222222222223
hoanghamobile,https://hoanghamobile.com/tai-nghe/tai-nghe-kz-zsn-pro-x-chinh-hang,Tai nghe KZ ZSN Pro X - Chính Hãng,550.000 ₫,550000,Kz,in-ear,0,0,0,3.5mm,,50.0,1,1,1,1,0,550000,550000,Other,3.5mm,11000.0,
hoanghamobile,https://hoanghamobile.com/tai-nghe/tai-nghe-tws-nakamichi-tw016,Tai Nghe TWS Nakamichi TW016 - Chính hãng,220.000 ₫,220000,Nakamichi,in-ear,0,1,1,Bluetooth,20.0,3.0,0,0,0,0,1,220000,220000,Other,Bluetooth,73333.33333333333,11000.0
hoanghamobile,https://hoanghamobile.com/tai-nghe/tai-nghe-chup-tai-havit-h2590bt-pro-chinh-hang,Tai nghe chụp tai Havit H2590BT Pro - Chính Hãng,250.000 ₫,250000,Havit,over-ear,0,1,0,Bluetooth,4.0,150.0,0,0,0,0,1,250000,250000,Havit,Bluetooth,1666.6666666666667,62500.0
hoanghamobile,https://hoanghamobile.com/tai-nghe/tai-nghe-bluetooth-chup-tai-soundpeats-space,Tai nghe Bluetooth chụp tai SoundPEATS Space,950.000 ₫,950000,Soundpeats,over-ear,0,1,0,Bluetooth,123.0,264.0,0,0,0,0,1,950000,950000,Soundpeats,Bluetooth,3598.4848484848485,7723.577235772358
hoanghamobile,https://hoanghamobile.com/tai-nghe/tai-nghe-nhet-tai-rapoo-ep28-chinh-hang,Tai nghe nhét tai Rapoo EP28 - Chính hãng,139.000 ₫,139000,Rapoo,in-ear,0,0,0,USB-A,,340.0,0,1,1,1,0,139000,139000,Other,USB-A,408.8235294117647,
hoanghamobile,https://hoanghamobile.com/tai-nghe/tai-nghe-true-wireless-monster-mission-v1-chinh-hang,Tai nghe True Wireless Monster Mission V1 - Chính Hãng,2.400.000 ₫,2400000,Monster,in-ear,1,1,0,Bluetooth,5.0,58.425,0,0,0,1,1,2400000,2400000,Other,Bluetooth,41078.30551989731,480000.0
hoanghamobile,https://hoanghamobile.com/tai-nghe/tai-nghe-khong-day-havit-tw-945-chinh-hang,Tai nghe Bluetooth Havit TW945 - Chính Hãng,190.000 ₫,190000,Havit,in-ear,1,1,0,Bluetooth,30.0,204.0,0,0,0,1,1,190000,190000,Havit,Bluetooth,931.3725490196078,6333.333333333333
hoanghamobile,https://hoanghamobile.com/tai-nghe/tai-nghe-bluetooth-true-wireless-havit-tw958-pro,Tai nghe Bluetooth True Wireless Havit TW958 Pro,450.000 ₫,450000,Havit,in-ear,0,1,0,Bluetooth,32.0,204.0,0,0,0,1,1,450000,450000,Havit,Bluetooth,2205.8823529411766,14062.5
hoanghamobile,https://hoanghamobile.com/tai-nghe/tai-nghe-bluetooth-divoom-spark-air-pink-chinh-hang,Tai nghe Bluetooth Divoom - Spark - Air Pink Chính Hãng,790.000 ₫,790000,Divoom,in-ear,0,1,0,Bluetooth,10.0,7.0,0,0,0,0,1,790000,790000,Other,Bluetooth,112857.14285714286,79000.0
hoanghamobile,https://hoanghamobile.com/tai-nghe/tai-nghe-khong-day-havit-tw925-chinh-hang,Tai nghe không dây Havit TW925 - Chính Hãng,199.000 ₫,199000,Havit,in-ear,0,1,0,Bluetooth,15.0,4.0,0,0,0,0,1,199000,199000,Havit,Bluetooth,49750.0,13266.666666666666
hoanghamobile,https://hoanghamobile.com/tai-nghe/tai-nghe-khong-day-havit-tw935-chinh-hang,Tai nghe không dây Havit TW935 - Chính Hãng,150.000 ₫,150000,Havit,in-ear,0,1,0,Bluetooth,3.0,3.7,0,0,0,0,1,150000,150000,Havit,Bluetooth,40540.54054054054,50000.0
hoanghamobile,https://hoanghamobile.com/tai-nghe/tai-nghe-khong-day-havit-tw948-chinh-hang,Tai nghe không dây Havit TW948 -Chính Hãng,200.000 ₫,200000,Havit,in-ear,0,1,0,Bluetooth,18.0,204.0,0,0,0,1,1,200000,200000,Havit,Bluetooth,980.3921568627451,11111.111111111111
hoanghamobile,https://hoanghamobile.com/tai-nghe/tai-nghe-khong-day-havit-tw960-chinh-hang,Tai nghe không dây Havit TW960 - Chính Hãng,290.000 ₫,290000,Havit,in-ear,0,1,0,Bluetooth,12.0,204.0,0,0,0,1,1,290000,290000,Havit,Bluetooth,1421.5686274509803,24166.666666666668
hoanghamobile,https://hoanghamobile.com/tai-nghe/tai-nghe-khong-day-gaming-havit-tw920-chinh-hang,Tai nghe không dây Gaming Havit TW920 - Chính hãng,320.000 ₫,320000,Havit,in-ear,1,1,0,Bluetooth,20.0,40.0,0,0,0,0,1,320000,320000,Havit,Bluetooth,8000.0,16000.0
hoanghamobile,https://hoanghamobile.com/tai-nghe/tai-nghe-khong-day-sony-clip-wf-lc900,Tai nghe không dây Sony Clip WF-LC900,4.990.000 ₫,4990000,Sony,over-ear,0,1,0,Bluetooth,9.0,139.5,1,0,0,1,1,4990000,4990000,Sony,Bluetooth,35770.609318996416,554444.4444444445
hoanghamobile,https://hoanghamobile.com/tai-nghe/tai-nghe-redmi-buds-8-pro-chinh-hang,Tai nghe Redmi Buds 8 Pro - Chính hãng,2.190.000 ₫,2190000,Redmi,in-ear,0,1,0,Bluetooth,27.0,5.0,0,0,1,1,1,2190000,2190000,Other,Bluetooth,438000.0,81111.11111111111
hoanghamobile,https://hoanghamobile.com/tai-nghe/tai-nghe-bluetooth-jbl-live-220bt-chinh-hang,Tai nghe Bluetooth JBL Live 220BT - Chính hãng,790.000 ₫,790000,Jbl,in-ear,0,1,0,Bluetooth,10.0,31.0,0,0,0,0,1,790000,790000,Jbl,Bluetooth,25483.870967741936,79000.0
hoanghamobile,https://hoanghamobile.com/tai-nghe/tai-nghe-redmi-buds-6-pro,Tai nghe Redmi Buds 6 Pro - Chính hãng,1.530.000 ₫,1530000,Redmi,in-ear,0,1,0,Bluetooth,27.0,5.2,0,0,0,0,1,1530000,1530000,Other,Bluetooth,294230.76923076925,56666.666666666664
hoanghamobile,https://hoanghamobile.com/tai-nghe/tai-nghe-khong-day-havit-tw947-chinh-hang,Tai nghe không dây Havit TW947 - Chính Hãng,350.000 ₫,350000,Havit,in-ear,0,1,0,Bluetooth,30.0,4.36,0,0,0,0,1,350000,350000,Havit,Bluetooth,80275.22935779816,11666.666666666666
hoanghamobile,https://hoanghamobile.com/tai-nghe/tai-nghe-redmi-buds-5-chinh-hang,Tai nghe Xiaomi Redmi Buds 5 - Chính hãng,650.000 ₫,650000,Xiaomi,in-ear,0,0,0,Type C,,42.0,0,1,0,0,0,650000,650000,Xiaomi,Type C,15476.190476190477,
hoanghamobile,https://hoanghamobile.com/tai-nghe/tai-nghe-chong-on-jbl-live-670nc-chinh-hang,Tai nghe chụp tai (Không dây) JBL LIVE 670NC - Chính hãng,1.990.000 ₫,1990000,Jbl,over-ear,0,1,0,Bluetooth,65.0,219.0,0,0,0,0,1,1990000,1990000,Jbl,Bluetooth,9086.75799086758,30615.384615384617
hoanghamobile,https://hoanghamobile.com/tai-nghe/tai-nghe-razer-opus-x-active-noise-cancellation-hong-quartz,Tai nghe chụp tai (Không dây) Razer Opus X-Active Noise Cancellation-Hồng(Quartz) RZ04-03760300-R3M1,1.250.000 ₫,1250000,Razer,over-ear,0,1,0,Bluetooth,40.0,270.0,0,0,0,0,1,1250000,1250000,Razer,Bluetooth,4629.62962962963,31250.0
hoanghamobile,https://hoanghamobile.com/tai-nghe/tai-nghe-jbl-tour-one-m2-chinh-hang,Tai nghe chụp tai (Không dây) JBL Tour ONE M2 - Chính Hãng,6.490.000 ₫,6490000,Jbl,over-ear,0,1,0,Bluetooth,50.0,268.0,0,0,0,0,1,6490000,6490000,Jbl,Bluetooth,24216.417910447763,129800.0
hoanghamobile,https://hoanghamobile.com/tai-nghe/tai-nghe-chup-tai-danh-cho-game-thu-soundpeats-g1-chinh-hang,Tai Nghe Chụp Tai Dành Cho Game Thủ SoundPEATS G1 - Chính Hãng,390.000 ₫,390000,Soundpeats,over-ear,0,0,0,3.5mm,,332.0,0,1,1,0,0,390000,390000,Soundpeats,3.5mm,1174.698795180723,
hoanghamobile,https://hoanghamobile.com/tai-nghe/tai-nghe-hp-hyperx-cloud-stinger-core-ii-683l9aa,Tai nghe HP HyperX Cloud Stinger Core II (683L9AA) - Chính hãng,490.000 ₫,490000,Hyperx,over-ear,0,0,0,3.5mm,,290.0,1,1,1,1,0,490000,490000,Other,3.5mm,1689.655172413793,
hoanghamobile,https://hoanghamobile.com/tai-nghe/tai-nghe-chong-on-jbl-tune-670nc-chinh-hang,Tai nghe chống ồn JBL TUNE 670NC - Chính hãng,1.990.000 ₫,1990000,Jbl,in-ear,0,1,0,Bluetooth,70.0,19.009999999999998,0,0,0,1,1,1990000,1990000,Jbl,Bluetooth,104681.74644923725,28428.571428571428
hoanghamobile,https://hoanghamobile.com/tai-nghe/tai-nghe-co-day-baseus-encok-c17-chinh-hang,Tai nghe có dây Baseus Encok C17 - Chính Hãng,130.000 ₫,130000,Baseus,in-ear,0,0,0,3.5mm,,42.0,1,1,1,1,0,130000,130000,Baseus,3.5mm,3095.2380952380954,
hoanghamobile,https://hoanghamobile.com/tai-nghe/tai-nghe-bluetooth-myalo-z-one-Pro-chinh-hang,Tai nghe Bluetooth myALO Z-One Pro - Chính hãng,790.000 ₫,790000,Myalo,in-ear,0,1,0,Bluetooth,30.0,6.8,0,0,0,0,1,790000,790000,Other,Bluetooth,116176.4705882353,26333.333333333332
hoanghamobile,https://hoanghamobile.com/tai-nghe/tai-nghe-bluetooth-the-thao-soundpeats-gofree-chinh-hang,Tai nghe Bluetooth thể thao SoundPEATS GoFree - Chính Hãng,690.000 ₫,690000,Soundpeats,in-ear,0,1,0,Bluetooth,35.0,10.1,0,0,0,0,1,690000,690000,Soundpeats,Bluetooth,68316.83168316832,19714.285714285714
hoanghamobile,https://hoanghamobile.com/tai-nghe/tai-nghe-co-day-baseus-encok-h19-chinh-hang,Tai nghe có dây Baseus Encok H19 - Chính hãng,119.000 ₫,119000,Baseus,in-ear,0,0,0,3.5mm,,14.0,0,1,1,0,0,119000,119000,Baseus,3.5mm,8500.0,
hoanghamobile,https://hoanghamobile.com/tai-nghe/tai-nghe-co-day-samsung-ia500-3-5mm-chinh-hang,Tai nghe có dây Samsung IA500 3.5mm - Chính hãng,240.000 ₫,240000,Samsung,in-ear,0,0,0,3.5mm,,14.76,0,0,1,0,0,240000,240000,Other,3.5mm,16260.162601626016,
hoanghamobile,https://hoanghamobile.com/tai-nghe/tai-nghe-jbl-live-pro-chinh-hang-637758989621520354,Tai nghe Tai nghe JBL Live Pro+ TWS - Chính Hãng,1.990.000 ₫,1990000,Jbl,in-ear,0,1,0,Bluetooth,21.0,5.0,0,0,0,0,1,1990000,1990000,Jbl,Bluetooth,398000.0,94761.90476190476
hoanghamobile,https://hoanghamobile.com/tai-nghe/tai-nghe-khong-day-sennheiser-cx-plus-chinh-hang,Tai nghe không dây Sennheiser CX Plus - Chính hãng,2.990.000 ₫,2990000,Sennheiser,in-ear,0,1,0,Bluetooth,16.0,6.0,0,0,0,0,1,2990000,2990000,Sennheiser,Bluetooth,498333.3333333333,186875.0
hoanghamobile,https://hoanghamobile.com/tai-nghe/tai-nghe-redmi-buds-6-play-chinh-hang,Tai nghe Redmi Buds 6 Play - Chính hãng,280.000 ₫,280000,Xiaomi,in-ear,0,1,0,Bluetooth,36.0,5.3,0,0,0,0,1,280000,280000,Xiaomi,Bluetooth,52830.188679245286,7777.777777777777
hoanghamobile,https://hoanghamobile.com/tai-nghe/tai-nghe-bluetooth-chup-tai-soundpeats-space-pro,Tai nghe Bluetooth chụp tai SoundPEATS Space Pro,1.090.000 ₫,1090000,Soundpeats,over-ear,0,1,0,Bluetooth,151.0,282.0,0,0,0,0,1,1090000,1090000,Soundpeats,Bluetooth,3865.248226950355,7218.543046357616
hoanghamobile,https://hoanghamobile.com/tai-nghe/tai-nghe-huawei-freebuds-se-4-anc,Tai nghe HUAWEI FreeBuds SE 4 ANC - Chính hãng,790.000 ₫,790000,Huawei,in-ear,0,0,0,3.5mm,,4.3,0,1,0,0,0,790000,790000,Other,3.5mm,183720.93023255814,
hoanghamobile,https://hoanghamobile.com/tai-nghe/tai-nghe-bluetooth-true-wireless-baseus-bowie-e13-chinh-hang,Tai nghe Bluetooth True Wireless Baseus Bowie E13 - Chính hãng,270.000 ₫,270000,Baseus,in-ear,0,1,0,Bluetooth,30.0,6.0,0,0,0,0,1,270000,270000,Baseus,Bluetooth,45000.0,9000.0
hoanghamobile,https://hoanghamobile.com/tai-nghe/tai-nghe-khong-day-redmi-buds-4-active-chinh-hang,Tai nghe không dây Redmi Buds 4 Active - Chính hãng,390.000 ₫,390000,Xiaomi,in-ear,0,1,0,Bluetooth,28.0,3.65,0,0,0,0,1,390000,390000,Xiaomi,Bluetooth,106849.31506849315,13928.57142857143
hoanghamobile,https://hoanghamobile.com/tai-nghe/tai-nghe-jbl-live-beam-3,Tai nghe JBL Live Beam 3 - Chính Hãng,3.590.000 ₫,3590000,Jbl,in-ear,0,1,0,Bluetooth,36.0,5.0,0,0,0,0,1,3590000,3590000,Jbl,Bluetooth,718000.0,99722.22222222222
hoanghamobile,https://hoanghamobile.com/tai-nghe/tai-nghe-bluetooth-soundpeats-capsule-3-pro-chinh-hang,Tai nghe Bluetooth SoundPEATS Capsule 3 Pro - Chính Hãng,950.000 ₫,950000,Soundpeats,in-ear,0,1,0,Bluetooth,44.0,5.0,0,0,0,0,1,950000,950000,Soundpeats,Bluetooth,190000.0,21590.909090909092
hoanghamobile,https://hoanghamobile.com/tai-nghe/tai-nghe-bluetooth-jbl-tour-pro-2-chinh-hang,Tai nghe Bluetooth JBL Tour Pro 2 - Chính Hãng,3.890.000 ₫,3890000,Jbl,in-ear,0,1,0,Bluetooth,30.0,12.2,0,0,0,0,1,3890000,3890000,Jbl,Bluetooth,318852.45901639346,129666.66666666667
hoanghamobile,https://hoanghamobile.com/tai-nghe/tai-nghe-bluetooth-true-wireless-havit-tw905-chinh-hang,Tai nghe Bluetooth True Wireless Havit TW905 - Chính hãng,330.000 ₫,330000,Havit,in-ear,1,1,0,Bluetooth,27.0,204.0,0,0,0,1,1,330000,330000,Havit,Bluetooth,1617.6470588235295,12222.222222222223
hoanghamobile,https://hoanghamobile.com/tai-nghe/tai-nghe-bluetooth-yookie-yks117,"Tai nghe Bluetooth Yookie YKS117 (Màn hình cảm ứng, AAC)",350.000 ₫,350000,Yookie,in-ear,0,1,0,Bluetooth,25.0,40.0,1,0,1,1,1,350000,350000,Other,Bluetooth,8750.0,14000.0
hoanghamobile,https://hoanghamobile.com/tai-nghe/tai-nghe-khong-day-huawei-freebuds-se-chinh-hang,Tai nghe không dây Huawei Freebuds SE - chính hãng,590.000 ₫,590000,Huawei,in-ear,0,1,0,Bluetooth,24.0,5.1,0,0,0,0,1,590000,590000,Other,Bluetooth,115686.27450980393,24583.333333333332
hoanghamobile,https://hoanghamobile.com/tai-nghe/tai-nghe-khong-day-havit-tw932-chinh-hang,Tai nghe không dây Havit TW932 - Chính Hãng,150.000 ₫,150000,Havit,in-ear,0,1,0,Bluetooth,16.0,204.0,0,0,0,1,1,150000,150000,Havit,Bluetooth,735.2941176470588,9375.0
hoanghamobile,https://hoanghamobile.com/tai-nghe/tai-nghe-co-day-pioneer-se-cl502t-chinh-hang,Tai nghe có dây Pioneer SE-CL502T - Chính Hãng,179.000 ₫,179000,Pioneer,in-ear,0,0,0,3.5mm,,4.0,0,1,1,0,0,179000,179000,Other,3.5mm,44750.0,
hoanghamobile,https://hoanghamobile.com/tai-nghe/tai-nghe-bluetooth-earbuds-soundpeats-true-air-2-chinh-hang,Tai nghe Bluetooth Earbuds Soundpeats True Air 2 - Chính hãng,550.000 ₫,550000,Soundpeats,in-ear,0,1,0,Bluetooth,20.0,3.5,0,0,0,0,1,550000,550000,Soundpeats,Bluetooth,157142.85714285713,27500.0
hoanghamobile,https://hoanghamobile.com/tai-nghe/tai-nghe-bluetooth-tws-oppo-enco-air-2-chinh-hang,Tai nghe Bluetooth TWS OPPO ENCO Air 2- chính hãng,790.000 ₫,790000,Oppo,in-ear,0,1,0,Bluetooth,24.0,3.5,0,0,0,0,1,790000,790000,Other,Bluetooth,225714.2857142857,32916.666666666664
hoanghamobile,https://hoanghamobile.com/tai-nghe/tai-nghe-chong-on-khong-day-sony-wf-c710n,Tai nghe chống ồn không dây Sony WF-C710N,1.990.000 ₫,1990000,Sony,in-ear,0,1,0,Bluetooth,21.0,5.2,0,0,0,0,1,1990000,1990000,Sony,Bluetooth,382692.3076923077,94761.90476190476
hoanghamobile,https://hoanghamobile.com/tai-nghe/tai-nghe-airpods-pro-3-chinh-hang-apple-viet-nam,Tai nghe AirPods Pro 3 - Chính hãng Apple Việt Nam,6.390.000 ₫,6390000,Apple,in-ear,0,0,0,Type C,,5.55,0,1,0,0,0,6390000,6390000,Other,Type C,1151351.3513513515,
hoanghamobile,https://hoanghamobile.com/tai-nghe/tai-nghe-gaming-razer-blackshark-v2-x-trang-rz04-03240700-r3m1,Tai nghe Razer BlackShark V2 X-Wired Gaming Headset (Trắng) - RZ04-03240700-R3M1 - Chính hãng,1.080.000 ₫,1080000,Razer,over-ear,1,0,0,3.5mm,,240.0,0,1,1,0,0,1080000,1080000,Razer,3.5mm,4500.0,
hoanghamobile,https://hoanghamobile.com/tai-nghe/tai-nghe-bluetooth-hieu-havit-h603bt,Tai nghe bluetooth hiệu Havit H603BT,340.000 ₫,340000,Havit,over-ear,0,1,0,Bluetooth,58.0,182.0,0,0,0,0,1,340000,340000,Havit,Bluetooth,1868.131868131868,5862.068965517241
hoanghamobile,https://hoanghamobile.com/tai-nghe/tai-nghe-bluetooth-hieu-soundpeats-c30,Tai nghe bluetooth hiệu SoundPeats C30,650.000 ₫,650000,Soundpeats,in-ear,0,1,0,Bluetooth,52.0,4.6,0,0,0,0,1,650000,650000,Soundpeats,Bluetooth,141304.34782608697,12500.0
hoanghamobile,https://hoanghamobile.com/tai-nghe/tai-nghe-chup-tai-co-day-gaming-havit-h2040d,Tai nghe chụp tai có dây Gaming Havit H2040D,270.000 ₫,270000,Havit,over-ear,1,0,0,3.5mm,,314.0,0,1,1,0,0,270000,270000,Havit,3.5mm,859.8726114649681,
hoanghamobile,https://hoanghamobile.com/tai-nghe/tai-nghe-bluetooth-soundpeats-life-lite,Tai nghe Bluetooth SoundPEATS Life Lite,350.000 ₫,350000,Soundpeats,in-ear,0,1,0,Bluetooth,23.0,4.03,0,0,0,0,1,350000,350000,Soundpeats,Bluetooth,86848.635235732,15217.391304347826
hoanghamobile,https://hoanghamobile.com/tai-nghe/tai-nghe-khong-day-havit-tw-967-chinh-hang,Tai nghe không dây Havit TW 967 - Chính Hãng,190.000 ₫,190000,Havit,in-ear,0,1,0,Bluetooth,18.0,204.0,0,0,0,1,1,190000,190000,Havit,Bluetooth,931.3725490196078,10555.555555555555
hoanghamobile,https://hoanghamobile.com/tai-nghe/tai-nghe-khong-day-oppo-enco-buds-2-chinh-hang,Tai nghe không dây OPPO Enco Buds 2 - chính hãng,690.000 ₫,690000,Oppo,in-ear,0,1,0,Bluetooth,28.0,4.0,0,0,0,0,1,690000,690000,Other,Bluetooth,172500.0,24642.85714285714
hoanghamobile,https://hoanghamobile.com/tai-nghe/tai-nghe-tws-soul-s-live-30-chinh-hang,Tai Nghe TWS SOUL S-Live 30 - Chính Hãng,330.000 ₫,330000,Soul,in-ear,0,1,0,Bluetooth,30.0,4.0,0,0,0,0,1,330000,330000,Other,Bluetooth,82500.0,11000.0
hoanghamobile,https://hoanghamobile.com/tai-nghe/tai-nghe-asus-rog-cetra-true-wireless-90yh03x1-b5ua00-chinh-hang,Tai nghe Asus ROG Cetra True Wireless (90YH03X1-B5UA00) - Chính hãng,1.690.000 ₫,1690000,Asus,in-ear,0,1,0,Bluetooth,5.0,47.0,0,0,0,0,1,1690000,1690000,Asus,Bluetooth,35957.44680851064,338000.0
hoanghamobile,https://hoanghamobile.com/tai-nghe/tai-nghe-bluetooth-soundpeats-pop-clip,Tai nghe Bluetooth SoundPEATS POP Clip,650.000 ₫,650000,Soundpeats,in-ear,0,1,0,Bluetooth,8.0,4.75,0,0,0,0,1,650000,650000,Soundpeats,Bluetooth,136842.1052631579,81250.0
hoanghamobile,https://hoanghamobile.com/tai-nghe/tai-nghe-bluetooth-soundpeats-clear-pods,Tai nghe Bluetooth SoundPEATS Clear-Pods,490.000 ₫,490000,Soundpeats,in-ear,0,1,0,Bluetooth,7.0,44.0,0,0,0,0,1,490000,490000,Soundpeats,Bluetooth,11136.363636363636,70000.0
hoanghamobile,https://hoanghamobile.com/tai-nghe/tai-nghe-bluetooth-soundpeats-mac-chinh-hang,Tai nghe Bluetooth Soundpeats Mac - Chính hãng,390.000 ₫,390000,Soundpeats,in-ear,0,1,0,Bluetooth,60.0,6.1,0,0,0,1,1,390000,390000,Soundpeats,Bluetooth,63934.4262295082,6500.0
hoanghamobile,https://hoanghamobile.com/tai-nghe/tai-nghe-apple-beatsx-earphones-chinh-hang-fpt,Tai nghe BeatsX Earphones - Chính hãng FPT,2.390.000 ₫,2390000,Apple,in-ear,0,1,0,Bluetooth,8.0,26.299999999999997,0,0,0,1,1,2390000,2390000,Other,Bluetooth,90874.5247148289,298750.0
hoanghamobile,https://hoanghamobile.com/tai-nghe/tai-nghe-bluetooth-soundpeats-truebuds-chinh-hang,Tai nghe Bluetooth Soundpeats TrueBuds - Chính hãng,690.000 ₫,690000,Soundpeats,in-ear,0,1,0,Bluetooth,70.0,9.0,0,0,0,0,1,690000,690000,Soundpeats,Bluetooth,76666.66666666667,9857.142857142857
hoanghamobile,https://hoanghamobile.com/tai-nghe/tai-nghe-bluetooth-soundpeats-air5-pro,Tai nghe Bluetooth SoundPEATS Air5 Pro,1.590.000 ₫,1590000,Soundpeats,in-ear,0,1,0,Bluetooth,37.0,4.8,0,0,0,0,1,1590000,1590000,Soundpeats,Bluetooth,331250.0,42972.97297297297
hoanghamobile,https://hoanghamobile.com/tai-nghe/tai-nghe-bluetooth-soundpeats-air5-lite,Tai nghe Bluetooth SoundPEATS Air5 Lite,790.000 ₫,790000,Soundpeats,in-ear,0,1,0,Bluetooth,30.0,4.46,0,0,0,0,1,790000,790000,Soundpeats,Bluetooth,177130.04484304934,26333.333333333332
hoanghamobile,https://hoanghamobile.com/tai-nghe/tai-nghe-bluetooth-the-thao-soundpeats-hearfit,Tai nghe Bluetooth thể thao SoundPEATS HearFit,770.000 ₫,770000,Soundpeats,in-ear,0,1,0,Bluetooth,6.0,9.4,0,0,0,0,1,770000,770000,Soundpeats,Bluetooth,81914.89361702127,128333.33333333333
hoanghamobile,https://hoanghamobile.com/tai-nghe/tai-nghe-chong-on-bwoo-dpod-max,Tai nghe chống ồn BWOO DPOD MAX,270.000 ₫,270000,Bwoo,in-ear,0,1,0,Bluetooth,24.0,53.0,0,0,0,0,1,270000,270000,Other,Bluetooth,5094.33962264151,11250.0
hoanghamobile,https://hoanghamobile.com/tai-nghe/tai-nghe-nokia-bluetooth-p3802a-chinh-hang,Tai nghe Nokia Bluetooth P3802A - Chính hãng,2.790.000 ₫,2790000,Nokia,in-ear,0,1,0,Bluetooth,32.0,57.0,0,0,0,0,1,2790000,2790000,Other,Bluetooth,48947.36842105263,87187.5
hoanghamobile,https://hoanghamobile.com/tai-nghe/energizer-tws-ub5001-chinh-hang,Tai nghe Energizer TWS - UB5001 Chính hãng,890.000 ₫,890000,Ennergizer,in-ear,0,1,0,Bluetooth,120.0,159.0,1,0,0,0,1,890000,890000,Other,Bluetooth,5597.4842767295595,7416.666666666667
hoanghamobile,https://hoanghamobile.com/tai-nghe/tai-nghe-co-day-baseus-encok-cz11,Tai nghe có dây Baseus Encok CZ11,90.000 ₫,90000,Baseus,in-ear,0,0,0,3.5mm,,42.0,1,1,1,1,0,90000,90000,Baseus,3.5mm,2142.8571428571427,
hoanghamobile,https://hoanghamobile.com/tai-nghe/tai-nghe-bluetooth-chup-tai-baseus-bass-35-max,Tai nghe Bluetooth Chụp Tai Baseus Bass 35 Max - Chính hãng,550.000 ₫,550000,Baseus,over-ear,0,1,0,Bluetooth,50.0,238.8,0,0,0,0,1,550000,550000,Baseus,Bluetooth,2303.182579564489,11000.0
hoanghamobile,https://hoanghamobile.com/tai-nghe/tai-nghe-bluetooth-chup-tai-marshall-major-4-chinh-hang,Tai nghe Bluetooth chụp tai Marshall Major 4 - Chính Hãng,3.290.000 ₫,3290000,Marshall,over-ear,0,1,0,Bluetooth,80.0,165.0,0,0,0,0,1,3290000,3290000,Other,Bluetooth,19939.39393939394,41125.0
hoanghamobile,https://hoanghamobile.com/tai-nghe/tai-nghe-chup-tai-motorola-xt220-chinh-hang,Tai Nghe chụp tai (Không dây) Motorola XT220 - Chính Hãng,650.000 ₫,650000,Motorola,over-ear,0,1,0,Bluetooth,24.0,163.0,0,0,0,0,1,650000,650000,Other,Bluetooth,3987.730061349693,27083.333333333332
hoanghamobile,https://hoanghamobile.com/tai-nghe/tai-nghe-bluetooth-honor-choice-earbuds-clip,Tai nghe Bluetooth Honor Choice Earbuds Clip,1.990.000 ₫,1990000,Honor,in-ear,0,1,0,Bluetooth,9.0,3.8,1,0,1,1,1,1990000,1990000,Other,Bluetooth,523684.2105263158,221111.11111111112
hoanghamobile,https://hoanghamobile.com/tai-nghe/tai-nghe-headphone-bluetooth-havit-h612bt-pro,Tai nghe Headphone Bluetooth HAVIT H612BT Pro,370.000 ₫,370000,Havit,in-ear,0,1,0,Bluetooth,50.0,204.0,0,0,0,1,1,370000,370000,Havit,Bluetooth,1813.7254901960785,7400.0
hoanghamobile,https://hoanghamobile.com/tai-nghe/tai-nghe-bluetooth-soundpeats-air3-deluxe-hs,Tai nghe Bluetooth SoundPEATS Air3 Deluxe HS - Chính hãng,790.000 ₫,790000,Soundpeats,in-ear,0,1,0,Bluetooth,20.0,6.1,0,0,0,1,1,790000,790000,Soundpeats,Bluetooth,129508.19672131148,39500.0
hoanghamobile,https://hoanghamobile.com/tai-nghe/tai-nghe-nokia-bluetooth-e3200-chinh-hang,Tai nghe Nokia Bluetooth E3200 - Chính hãng,1.290.000 ₫,1290000,Nokia,in-ear,0,1,0,Bluetooth,17.0,4.0,0,0,0,0,1,1290000,1290000,Other,Bluetooth,322500.0,75882.35294117648
hoanghamobile,https://hoanghamobile.com/tai-nghe/tai-nghe-nokia-bluetooth-e3500-chinh-hang,Tai nghe Nokia Bluetooth E3500 - Chính hãng,1.690.000 ₫,1690000,Nokia,in-ear,0,1,0,Bluetooth,25.0,5.0,0,0,0,0,1,1690000,1690000,Other,Bluetooth,338000.0,67600.0
hoanghamobile,https://hoanghamobile.com/tai-nghe/tai-nghe-bluetooth-soundpeats-free2-classic-chinh-hang,Tai nghe Bluetooth Soundpeats Free2 Classic - Chính Hãng,420.000 ₫,420000,Soundpeats,in-ear,0,1,0,Bluetooth,24.0,4.06,0,0,0,0,1,420000,420000,Soundpeats,Bluetooth,103448.27586206897,17500.0
hoanghamobile,https://hoanghamobile.com/tai-nghe/tai-nghe-bluetooth-the-thao-soundpeats-breezy,Tai nghe Bluetooth thể thao SoundPEATS Breezy,650.000 ₫,650000,Soundpeats,in-ear,0,1,0,Bluetooth,40.0,16.86,0,0,0,0,1,650000,650000,Soundpeats,Bluetooth,38552.78766310795,16250.0
hoanghamobile,https://hoanghamobile.com/tai-nghe/tai-nghe-khong-day-sennheiser-accentum-plus-wireless-chinh-hang,Tai nghe Chụp tai (Không dây) SENNHEISER Accentum Plus Wireless,4.490.000 ₫,4490000,Sennheiser,over-ear,0,1,0,Bluetooth,50.0,238.0,0,0,0,0,1,4490000,4490000,Sennheiser,Bluetooth,18865.546218487394,89800.0
hoanghamobile,https://hoanghamobile.com/tai-nghe/tai-nghe-khong-day-sennheiser-accentum-wireles-chinh-hang,Tai nghe chụp tai (Không dây) SENNHEISER Accentum Wireless - Chính Hãng,3.290.000 ₫,3290000,Sennheiser,over-ear,0,1,0,Bluetooth,50.0,222.0,0,0,0,0,1,3290000,3290000,Sennheiser,Bluetooth,14819.81981981982,65800.0
hoanghamobile,https://hoanghamobile.com/tai-nghe/tai-nghe-bluetooth-chup-tai-edifier-w820nb-plus-chinh-hang,Tai nghe chụp tai (Không dây) Edifier W820NB Plus - Chính Hãng,1.150.000 ₫,1150000,Edifier,over-ear,0,1,0,Bluetooth,49.0,220.0,0,0,0,0,1,1150000,1150000,Edifier,Bluetooth,5227.272727272727,23469.38775510204
hoanghamobile,https://hoanghamobile.com/tai-nghe/tai-nghe-bluetooth-chup-tai-jbl-tune-520bt-chinh-hang,Tai nghe Bluetooth chụp tai JBL Tune 520BT - Chính Hãng,1.050.000 ₫,1050000,Jbl,over-ear,0,1,0,Bluetooth,57.0,157.0,0,0,0,0,1,1050000,1050000,Jbl,Bluetooth,6687.898089171975,18421.052631578947
hoanghamobile,https://hoanghamobile.com/tai-nghe/tai-nghe-nhet-tai-jbl-club-pro-tws-chinh-hang,Tai nghe nhét tai JBL CLUB PRO+ TWS - Chính Hãng,2.590.000 ₫,2590000,Jbl,in-ear,0,1,0,Bluetooth,24.0,13.7,0,0,0,0,1,2590000,2590000,Jbl,Bluetooth,189051.09489051095,107916.66666666667
hoanghamobile,https://hoanghamobile.com/tai-nghe/tai-nghe-bluetooth-chup-tai-havit-h630bt-chinh-hang,Tai nghe chụp tai (Không dây) Havit H630BT - Chính Hãng,370.000 ₫,370000,Havit,over-ear,0,1,0,Bluetooth,55.0,225.0,0,0,0,0,1,370000,370000,Havit,Bluetooth,1644.4444444444443,6727.272727272727
hoanghamobile,https://hoanghamobile.com/tai-nghe/tai-nghe-bluetooth-chup-tai-alpha-works-flex-680,Tai nghe Bluetooth chụp tai Alpha Works Flex 680,590.000 ₫,590000,Alpha Works,over-ear,0,1,0,Bluetooth,40.0,19.2,0,0,0,1,1,590000,590000,Other,Bluetooth,30729.166666666668,14750.0
hoanghamobile,https://hoanghamobile.com/tai-nghe/tai-nghe-bluetooth-hieu-havit-model-owsfit-02a,"Tai nghe bluetooth hiệu Havit, model OWSFIT 02A",450.000 ₫,450000,Havit,in-ear,0,1,0,Bluetooth,64.0,8.95,0,0,0,0,1,450000,450000,Havit,Bluetooth,50279.329608938555,7031.25
hoanghamobile,https://hoanghamobile.com/tai-nghe/tai-nghe-bluetooth-hieu-havit-model-tw992,"Tai nghe bluetooth hiệu Havit, model TW992",350.000 ₫,350000,Havit,in-ear,0,1,0,Bluetooth,5.0,204.0,0,0,0,1,1,350000,350000,Havit,Bluetooth,1715.686274509804,70000.0
hoanghamobile,https://hoanghamobile.com/tai-nghe/tai-nghe-bluetooth-hieu-havit-model-life-04t,"Tai nghe bluetooth hiệu Havit, model LIFE 04T",240.000 ₫,240000,Havit,in-ear,0,1,0,Bluetooth,30.0,204.0,0,0,0,1,1,240000,240000,Havit,Bluetooth,1176.4705882352941,8000.0
hoanghamobile,https://hoanghamobile.com/tai-nghe/tai-nghe-bluetooth-the-thao-soundpeats-runfree-lite,Tai nghe Bluetooth thể thao SoundPEATS Runfree Lite - Chính hãng,530.000 ₫,530000,Soundpeats,in-ear,0,1,0,Bluetooth,17.0,28.0,0,0,0,0,1,530000,530000,Soundpeats,Bluetooth,18928.571428571428,31176.470588235294
hoanghamobile,https://hoanghamobile.com/tai-nghe/tai-nghe-bluetooth-soundpeats-air4-lite-chinh-hang,Tai nghe Bluetooth SoundPEATS Air4 Lite - Chính Hãng,879.000 ₫,879000,Soundpeats,in-ear,0,1,0,Bluetooth,30.0,4.0,0,0,0,0,1,879000,879000,Soundpeats,Bluetooth,219750.0,29300.0
hoanghamobile,https://hoanghamobile.com/tai-nghe/tai-nghe-bluetooth-soundpeats-air3-pro-chinh-hang,Tai nghe Bluetooth Soundpeats Air3 Pro - Chính Hãng,890.000 ₫,890000,Soundpeats,in-ear,0,1,0,Bluetooth,6.0,4.5,0,0,0,0,1,890000,890000,Soundpeats,Bluetooth,197777.77777777778,148333.33333333334
hoanghamobile,https://hoanghamobile.com/tai-nghe/tai-nghe-bluetooth-earbuds-soundpeats-s5-chinh-hang,Tai Nghe Bluetooth Earbuds SoundPeats S5 - Chính hãng,550.000 ₫,550000,Soundpeats,in-ear,0,1,0,Bluetooth,20.0,7.0,0,0,0,0,1,550000,550000,Soundpeats,Bluetooth,78571.42857142857,27500.0
hoanghamobile,https://hoanghamobile.com/tai-nghe/tai-nghe-bluetooth-motorola-motobuds-100-chinh-hang,Tai Nghe Bluetooth Motorola MotoBuds 100 - Chính Hãng,690.000 ₫,690000,Motorola,over-ear,0,1,0,Bluetooth,9.0,242.0,1,0,0,1,1,690000,690000,Other,Bluetooth,2851.2396694214876,76666.66666666667
hoanghamobile,https://hoanghamobile.com/tai-nghe/tai-nghe-monster-clarity-550-lt-chinh-hang,Tai nghe MONSTER CLARITY 550 LT - Chính Hãng,2.050.000 ₫,2050000,Monster,in-ear,0,0,0,3.5mm,,58.425,1,1,0,1,0,2050000,2050000,Other,3.5mm,35087.71929824562,
hoanghamobile,https://hoanghamobile.com/tai-nghe/tai-nghe-bluetooth-soundpeats-trueshift-chinh-hang,Tai nghe Tai nghe Bluetooth Soundpeats TrueShift 2- Chính hãng,590.000 ₫,590000,Soundpeats,in-ear,0,1,0,Bluetooth,100.0,6.1,0,0,0,1,1,590000,590000,Soundpeats,Bluetooth,96721.31147540984,5900.0
hoanghamobile,https://hoanghamobile.com/tai-nghe/tai-nghe-bluetooth-chup-tai-baseus-encok-d02-pro-chinh-hang,Tai nghe Bluetooth chụp tai Baseus Encok D02 Pro - Chính Hãng,390.000 ₫,390000,Baseus,over-ear,0,1,0,Bluetooth,40.0,256.0,0,0,0,0,1,390000,390000,Baseus,Bluetooth,1523.4375,9750.0
hoanghamobile,https://hoanghamobile.com/tai-nghe/tai-nghe-gaming-chup-tai-khong-day-sony-inzone-h5-chinh-hang,Tai nghe Gaming chụp tai không dây Sony INZONE H5 - Chính Hãng,2.490.000 ₫,2490000,Sony,over-ear,1,1,0,Bluetooth,28.0,254.0,0,0,0,0,1,2490000,2490000,Sony,Bluetooth,9803.149606299212,88928.57142857143
hoanghamobile,https://hoanghamobile.com/tai-nghe/tai-nghe-bluetooth-open-ear-soundpeats-pearlclip-pro,Tai nghe Bluetooth Open-Ear SoundPEATS PearlClip Pro,950.000 ₫,950000,Soundpeats,in-ear,0,1,0,Bluetooth,18.0,6.1,0,0,0,0,1,950000,950000,Soundpeats,Bluetooth,155737.7049180328,52777.77777777778
hoanghamobile,https://hoanghamobile.com/tai-nghe/tai-nghe-open-ear-monster-ac500-chinh-hang,Tai nghe OPEN EAR MONSTER AC500 - Chính Hãng,690.000 ₫,690000,Monster,in-ear,0,1,0,Bluetooth,24.0,58.425,0,0,0,1,1,690000,690000,Other,Bluetooth,11810.012836970476,28750.0
hoanghamobile,https://hoanghamobile.com/tai-nghe/tai-nghe-bluetooth-baseus-bowie-wm02-chinh-hang,Tai nghe Bluetooth Baseus Bowie WM02 - Chính hãng,370.000 ₫,370000,Baseus,in-ear,0,1,0,Bluetooth,25.0,3.8,0,0,0,0,1,370000,370000,Baseus,Bluetooth,97368.42105263159,14800.0
hoanghamobile,https://hoanghamobile.com/tai-nghe/tai-nghe-xiaomi-type-c-earphones,Tai nghe có dây Xiaomi Type-C Earphones,165.000 ₫,165000,Xiaomi,in-ear,0,0,0,Type C,,5.2,1,0,1,1,0,165000,165000,Xiaomi,Type C,31730.76923076923,
hoanghamobile,https://hoanghamobile.com/tai-nghe/tai-nghe-razer-hammerhead-pro-v2-chinh-hang,Tai nghe Razer Hammerhead PRO V2 - Chính Hãng,750.000 ₫,750000,Razer,in-ear,0,0,0,3.5mm,,19.6,0,1,1,0,0,750000,750000,Razer,3.5mm,38265.30612244898,
hoanghamobile,https://hoanghamobile.com/tai-nghe/tai-nghe-pioneer-se-c3t-chinh-hang,Tai nghe Pioneer SE-C3T - Chính Hãng,290.000 ₫,290000,Pioneer,over-ear,0,0,0,3.5mm,,205.0,1,1,1,1,0,290000,290000,Other,3.5mm,1414.6341463414635,
hoanghamobile,https://hoanghamobile.com/tai-nghe/tai-nghe-sennheiser-cx-true-wireless-chinh-hang,Tai nghe SENNHEISER CX True Wireless - Chính Hãng,1.690.000 ₫,1690000,Sennheiser,in-ear,0,1,0,Bluetooth,27.0,6.0,0,0,0,0,1,1690000,1690000,Sennheiser,Bluetooth,281666.6666666667,62592.59259259259
hoanghamobile,https://hoanghamobile.com/tai-nghe/tai-nghe-bluetooth-soundpeats-air3-deluxe-chinh-hang,Tai nghe Bluetooth Soundpeats Air3 Deluxe - Chính Hãng,790.000 ₫,790000,Soundpeats,in-ear,0,1,0,Bluetooth,22.0,6.1,0,0,0,1,1,790000,790000,Soundpeats,Bluetooth,129508.19672131148,35909.09090909091
hoanghamobile,https://hoanghamobile.com/tai-nghe/tai-nghe-devia-smart-series-dual-speakers-3-5mm,"Tai nghe Devia Smart Series Dual Speakers 3,5mm - Chính hãng",150.000 ₫,150000,Devia,in-ear,0,0,0,3.5mm,,21.75,1,1,1,1,0,150000,150000,Other,3.5mm,6896.551724137931,
hoanghamobile,https://hoanghamobile.com/tai-nghe/tai-nghe-nokia-power-earbuds-lite-chinh-hang,Tai nghe Nokia Power Earbuds Lite - Chính hãng,490.000 ₫,490000,Nokia,in-ear,0,0,0,3.5mm,,17.5,1,1,0,1,0,490000,490000,Other,3.5mm,28000.0,
hoanghamobile,https://hoanghamobile.com/tai-nghe/tai-nghe-bluetooth-earbuds-soundpeats-gamer-no-1,Tai Nghe Bluetooth Earbuds SoundPeats Gamer No.1,1.090.000 ₫,1090000,Soundpeats,in-ear,0,1,0,Bluetooth,25.0,5.0,0,0,0,0,1,1090000,1090000,Soundpeats,Bluetooth,218000.0,43600.0
hoanghamobile,https://hoanghamobile.com/tai-nghe/tai-nghe-bluetooth-earbuds-soundpeats-mini-chinh-hang,Tai Nghe Bluetooth Earbuds SoundPeats Mini - Chính Hãng,399.000 ₫,399000,Soundpeats,in-ear,0,1,0,Bluetooth,20.0,4.2,0,0,0,0,1,399000,399000,Soundpeats,Bluetooth,95000.0,19950.0
hoanghamobile,https://hoanghamobile.com/tai-nghe/tai-nghe-monster-life-one-chinh-hang,Tai nghe MONSTER LIFE ONE - Chính hãng,1.200.000 ₫,1200000,Monster,in-ear,0,0,0,3.5mm,,58.425,1,1,0,1,0,1200000,1200000,Other,3.5mm,20539.152759948654,
hoanghamobile,https://hoanghamobile.com/tai-nghe/tai-nghe-bluetooth-soundpeats-clear-chinh-hang,Tai nghe Bluetooth SoundPEATS Clear - Chính Hãng,450.000 ₫,450000,Soundpeats,in-ear,0,1,0,Bluetooth,40.0,4.2,0,0,0,0,1,450000,450000,Soundpeats,Bluetooth,107142.85714285714,11250.0
hoanghamobile,https://hoanghamobile.com/tai-nghe/oppo-enco-buds2-pro-chinh-hang,Tai nghe OPPO Enco Buds2 Pro - Chính hãng,1.090.000 ₫,1090000,Oppo,in-ear,0,1,0,Bluetooth,38.0,4.3,0,0,0,0,1,1090000,1090000,Other,Bluetooth,253488.37209302327,28684.21052631579
hoanghamobile,https://hoanghamobile.com/tai-nghe/tai-nghe-co-day-baseus-encok-h17,Tai nghe có dây Baseus Encok H17 - Chính hãng,129.000 ₫,129000,Baseus,in-ear,0,0,0,3.5mm,,12.0,0,1,1,0,0,129000,129000,Baseus,3.5mm,10750.0,
hoanghamobile,https://hoanghamobile.com/tai-nghe/tai-nghe-bluetooth-the-thao-soundpeats-runfree-chinh-hang,Tai nghe Bluetooth thể thao SoundPEATS RunFree - Chính Hãng,890.000 ₫,890000,Soundpeats,in-ear,0,1,0,Bluetooth,14.0,31.0,0,0,0,0,1,890000,890000,Soundpeats,Bluetooth,28709.677419354837,63571.42857142857
hoanghamobile,https://hoanghamobile.com/tai-nghe/tai-nghe-truyen-dan-xuong-shokz-openmove-chinh-hang,Tai nghe truyền dẫn xương Shokz Openmove - Chính Hãng,2.290.000 ₫,2290000,Shokz,in-ear,0,1,0,Bluetooth,6.0,29.0,0,0,0,0,1,2290000,2290000,Other,Bluetooth,78965.5172413793,381666.6666666667
hoanghamobile,https://hoanghamobile.com/tai-nghe/tai-nghe-energizer-true-wireless-stereo-ub2607-chinh-hang,Tai nghe Energizer True Wireless Stereo - UB2607 - Chính hãng,299.000 ₫,299000,Energizer,in-ear,0,1,0,Bluetooth,60.0,85.0,0,0,0,0,1,299000,299000,Other,Bluetooth,3517.6470588235293,4983.333333333333
hoanghamobile,https://hoanghamobile.com/tai-nghe/tai-nghe-nokia-bluetooth-e3100-chinh-hang,Tai nghe Nokia Bluetooth E3100 - chính hãng,990.000 ₫,990000,Nokia,in-ear,0,1,0,Bluetooth,10.0,30.0,0,0,0,0,1,990000,990000,Other,Bluetooth,33000.0,99000.0
hoanghamobile,https://hoanghamobile.com/tai-nghe/tai-nghe-wireless-on-ear-belkin-soundform-mini,Tai nghe Wireless On-ear Belkin SOUNDFORM Mini,790.000 ₫,790000,Belkin,over-ear,0,1,0,Bluetooth,30.0,40.0,0,0,0,1,1,790000,790000,Other,Bluetooth,19750.0,26333.333333333332
hoanghamobile,https://hoanghamobile.com/tai-nghe/tai-nghe-razer-blackshark-v2-x-wired-gaming-headset-rz04-03240100,Tai nghe chụp tai (Có dây) Razer BlackShark V2 X - Wired Gaming Headset - RZ04 - 03240100 - R3M1,1.250.000 ₫,1250000,Razer,over-ear,1,0,0,3.5mm,,240.0,0,1,0,0,0,1250000,1250000,Razer,3.5mm,5208.333333333333,
hoanghamobile,https://hoanghamobile.com/tai-nghe/tai-nghe-razer-opus-x-active-noise-cancellation-trang-mercury,Tai nghe chụp tai Razer Opus X-Active Noise Cancellation - Trắng(Mercury)_RZ04 - 03760200 - R3M1 - Chính hãng,1.250.000 ₫,1250000,Razer,over-ear,0,1,0,Bluetooth,30.0,270.0,0,0,0,0,1,1250000,1250000,Razer,Bluetooth,4629.62962962963,41666.666666666664
hoanghamobile,https://hoanghamobile.com/tai-nghe/tai-nghe-chup-tai-sony-wh-1000xm5-chinh-hang,Tai nghe chụp tai (Không dây) Sony WH-1000XM5 - Chính Hãng,6.250.000 ₫,6250000,Sony,over-ear,0,1,0,Bluetooth,40.0,192.0,0,0,0,0,1,6250000,6250000,Sony,Bluetooth,32552.083333333332,156250.0
hoanghamobile,https://hoanghamobile.com/tai-nghe/tai-nghe-apple-beats-studio3-wireless-over-ear-headphones-chinh-hang-fpt,Tai nghe chụp tai (Không dây) Beats Studio3 Wireless - Chính hãng,5.990.000 ₫,5990000,Apple,over-ear,0,1,0,Bluetooth,1.0,260.0,0,0,0,0,1,5990000,5990000,Other,Bluetooth,23038.46153846154,5990000.0
hoanghamobile,https://hoanghamobile.com/tai-nghe/tai-nghe-khong-day-sony-wh-ch520-chinh-hang,Tai nghe chụp tai (không dây) SONY WH-CH520 - Chính Hãng,1.060.000 ₫,1060000,Sony,over-ear,0,1,0,Bluetooth,40.0,147.0,0,0,0,0,1,1060000,1060000,Sony,Bluetooth,7210.884353741497,26500.0
hoanghamobile,https://hoanghamobile.com/tai-nghe/tai-nghe-bluetooth-honor-choice-earbuds-x5-chinh-hang,Tai Nghe Bluetooth HONOR CHOICE Earbuds X5 - Chính Hãng,390.000 ₫,390000,Honor,in-ear,0,1,0,Bluetooth,9.0,3.8,0,0,0,0,1,390000,390000,Other,Bluetooth,102631.57894736843,43333.333333333336
hoanghamobile,https://hoanghamobile.com/tai-nghe/tai-nghe-bluetooth-the-thao-soundpeats-runfree-lite-2,Tai nghe Bluetooth thể thao SoundPEATS RunFree Lite 2,520.000 ₫,520000,Soundpeats,in-ear,0,1,0,Bluetooth,15.0,6.1,0,0,0,1,1,520000,520000,Soundpeats,Bluetooth,85245.90163934427,34666.666666666664
hoanghamobile,https://hoanghamobile.com/tai-nghe/tai-nghe-khong-day-soundpeats-opera-03-chinh-hang,Tai nghe không dây SoundPEATS Opera 03 - Chính Hãng,1.090.000 ₫,1090000,Soundpeats,in-ear,0,1,0,Bluetooth,33.0,7.2,0,0,0,0,1,1090000,1090000,Soundpeats,Bluetooth,151388.88888888888,33030.30303030303
hoanghamobile,https://hoanghamobile.com/tai-nghe/tai-nghe-bluetooth-true-wireless-black-shark-t9,Tai nghe Bluetooth True Wireless Black Shark T9,350.000 ₫,350000,True Wireless,in-ear,0,1,0,Bluetooth,33.0,3.5,0,0,0,0,1,350000,350000,Other,Bluetooth,100000.0,10606.060606060606
hoanghamobile,https://hoanghamobile.com/tai-nghe/tai-nghe-bluetooth-true-wireless-sony-wf-c510,Tai nghe Bluetooth True Wireless Sony WF-C510,1.060.000 ₫,1060000,Sony,over-ear,0,1,0,Bluetooth,22.0,139.5,1,0,0,1,1,1060000,1060000,Sony,Bluetooth,7598.566308243728,48181.818181818184
hoanghamobile,https://hoanghamobile.com/tai-nghe/tai-nghe-true-wireless-sony-wf-1000xm4-chinh-hang,Tai nghe True Wireless Sony WF-1000XM4 - Chính hãng,3.990.000 ₫,3990000,Sony,in-ear,0,1,0,Bluetooth,24.0,41.0,0,0,0,0,1,3990000,3990000,Sony,Bluetooth,97317.0731707317,166250.0
hoanghamobile,https://hoanghamobile.com/tai-nghe/tai-nghe-khong-day-haylou-moripods-t33-chinh-hang,Tai nghe không dây Haylou Moripods T33 - Chính Hãng,560.000 ₫,560000,Haylou,in-ear,0,1,0,Bluetooth,24.0,3.9,1,0,0,1,1,560000,560000,Other,Bluetooth,143589.7435897436,23333.333333333332
hoanghamobile,https://hoanghamobile.com/tai-nghe/tai-nghe-bluetooth-earbuds-soundpeats-mac-2-chinh-hang,Tai Nghe Bluetooth Earbuds SoundPeats Mac 2 - Chính Hãng,590.000 ₫,590000,Soundpeats,in-ear,0,1,0,Bluetooth,21.0,5.2,0,0,0,0,1,590000,590000,Soundpeats,Bluetooth,113461.53846153845,28095.238095238095
hoanghamobile,https://hoanghamobile.com/tai-nghe/tai-nghe-truyen-dan-xuong-shokz-openrun-chinh-hang,Tai nghe truyền dẫn xương Shokz Openrun - Chính Hãng,3.490.000 ₫,3490000,Shokz,in-ear,0,0,0,3.5mm,,26.0,0,1,0,0,0,3490000,3490000,Other,3.5mm,134230.76923076922,
hoanghamobile,https://hoanghamobile.com/tai-nghe/tai-nghe-true-wireless-sony-wf-1000xm3-chinh-hang,Tai nghe True Wireless Sony WF-1000XM3 - Chính hãng,3.350.000 ₫,3350000,Sony,in-ear,0,1,0,Bluetooth,24.0,8.5,0,0,0,0,1,3350000,3350000,Sony,Bluetooth,394117.64705882355,139583.33333333334
hoanghamobile,https://hoanghamobile.com/tai-nghe/tai-nghe-bluetooth-true-wireless-huawei-freebuds-pro-3,Tai nghe Bluetooth True Wireless Huawei Freebuds Pro 3,3.490.000 ₫,3490000,Huawei,in-ear,0,1,0,Bluetooth,31.0,5.8,0,0,0,0,1,3490000,3490000,Other,Bluetooth,601724.1379310346,112580.64516129032
hoanghamobile,https://hoanghamobile.com/tai-nghe/tai-nghe-bluetooth-true-wireless-jbl-tour-pro-3,Tai nghe Bluetooth True Wireless JBL Tour Pro 3,5.880.000 ₫,5880000,Jbl,in-ear,0,1,0,Bluetooth,33.0,5.6,0,0,0,0,1,5880000,5880000,Jbl,Bluetooth,1050000.0,178181.81818181818
hoanghamobile,https://hoanghamobile.com/tai-nghe/tai-nghe-khong-day-chong-on-sony-wf-1000xm6,Tai nghe không dây chống ồn Sony WF-1000XM6,7.990.000 ₫,7900000,Sony,in-ear,0,1,0,Bluetooth,12.0,6.5,0,0,0,0,1,7900000,7990000,Sony,Bluetooth,1215384.6153846155,658333.3333333334
hoanghamobile,https://hoanghamobile.com/tai-nghe/tai-nghe-the-thao-amazfit-up-open-ear-earbuds,Tai Nghe Thể Thao Amazfit Up Open-Ear Earbuds,1.290.000 ₫,1290000,Thao,in-ear,0,0,0,3.5mm,,40.0,0,1,1,1,0,1290000,1290000,Other,3.5mm,32250.0,
hoanghamobile,https://hoanghamobile.com/tai-nghe/tai-nghe-bluetooth-the-thao-soundpeats-gofree-2-chinh-hang,Tai nghe Bluetooth thể thao SoundPEATS Gofree 2 - Chính Hãng,990.000 ₫,990000,Soundpeats,in-ear,0,1,0,Bluetooth,35.0,9.0,0,0,0,0,1,990000,990000,Soundpeats,Bluetooth,110000.0,28285.714285714286
hoanghamobile,https://hoanghamobile.com/tai-nghe/tai-nghe-bluetooth-true-wireless-baseus-bowie-e16-chinh-hang,Tai nghe Bluetooth True Wireless Baseus Bowie E16 - Chính hãng,280.000 ₫,280000,Baseus,in-ear,0,1,0,Bluetooth,30.0,3.2,0,0,0,0,1,280000,280000,Baseus,Bluetooth,87500.0,9333.333333333334
hoanghamobile,https://hoanghamobile.com/tai-nghe/tai-nghe-monster-n-lite-203-airlinks-chinh-hang,Tai nghe Monster N-Lite 203 AirLinks - Chính Hãng,790.000 ₫,790000,Monster,in-ear,0,1,0,Bluetooth,8.0,3.85,0,0,0,0,1,790000,790000,Other,Bluetooth,205194.8051948052,98750.0
hoanghamobile,https://hoanghamobile.com/tai-nghe/tai-nghe-bluetooth-the-thao-soundpeats-gofree-2-plus,Tai nghe Bluetooth thể thao SoundPEATS Gofree 2+ - Chính Hãng,1.050.000 ₫,1050000,Soundpeats,in-ear,0,1,0,Bluetooth,39.0,9.5,0,0,0,0,1,1050000,1050000,Soundpeats,Bluetooth,110526.31578947368,26923.076923076922
hoanghamobile,https://hoanghamobile.com/tai-nghe/tai-nghe-khong-day-huawei-freebuds-5-chinh-hang,Tai nghe không dây Huawei Freebuds 5 - Chính hãng,1.990.000 ₫,1990000,Huawei,in-ear,0,1,0,Bluetooth,5.0,5.4,0,0,0,0,1,1990000,1990000,Other,Bluetooth,368518.5185185185,398000.0
hoanghamobile,https://hoanghamobile.com/tai-nghe/tai-nghe-true-wireless-defunc-true-lite-chinh-hang,Tai nghe True Wireless Defunc True Lite - Chính Hãng,390.000 ₫,390000,Defunc,in-ear,0,1,0,Bluetooth,15.0,45.0,0,0,0,1,1,390000,390000,Other,Bluetooth,8666.666666666666,26000.0
hoanghamobile,https://hoanghamobile.com/tai-nghe/tai-nghe-bluetooth-true-wireless-gaming-black-shark-t11,Tai nghe Bluetooth True Wireless Gaming Black Shark T11,490.000 ₫,490000,True Wireless,in-ear,1,1,0,Bluetooth,30.0,3.5,1,0,0,1,1,490000,490000,Other,Bluetooth,140000.0,16333.333333333334
hoanghamobile,https://hoanghamobile.com/tai-nghe/tai-nghe-true-wireless-denon-ah-c630w-chinh-hang,TAI NGHE TRUE WIRELESS DENON AH - C630W - Chính hãng,1.650.000 ₫,1650000,Denon,in-ear,0,1,0,Bluetooth,18.0,9.4,0,0,0,0,1,1650000,1650000,Other,Bluetooth,175531.914893617,91666.66666666667
hoanghamobile,https://hoanghamobile.com/tai-nghe/tai-nghe-oppo-enco-air-2-pro-chinh-hang,Tai nghe Oppo Enco Air 2 Pro - Chính hãng,1.190.000 ₫,1190000,Oppo,in-ear,0,1,0,Bluetooth,28.0,4.3,0,0,0,0,1,1190000,1190000,Other,Bluetooth,276744.18604651163,42500.0
hoanghamobile,https://hoanghamobile.com/tai-nghe/tai-nghe-khong-day-yamaha-ep-e30a-chinh-hang,Tai nghe không dây YAMAHA EP-E30A - Chính Hãng,1.250.000 ₫,1250000,Yamaha,in-ear,0,1,0,Bluetooth,14.0,19.5,0,0,0,0,1,1250000,1250000,Other,Bluetooth,64102.5641025641,89285.71428571429
hoanghamobile,https://hoanghamobile.com/tai-nghe/tai-nghe-khong-day-yamaha-ep-e50a-chinh-hang,Tai nghe không dây YAMAHA EP-E50A - Chính Hãng,499.000 ₫,499000,Yamaha,in-ear,0,1,0,Bluetooth,9.0,35.0,0,0,0,0,1,499000,499000,Other,Bluetooth,14257.142857142857,55444.444444444445
hoanghamobile,https://hoanghamobile.com/tai-nghe/tai-nghe-khong-day-chong-on-hieu-baseus-bowie-h1s,Tai nghe không dây chống ồn hiệu Baseus Bowie H1s,680.000 ₫,680000,Baseus,over-ear,0,1,0,Bluetooth,120.0,279.0,0,0,0,0,1,680000,680000,Baseus,Bluetooth,2437.2759856630823,5666.666666666667
hoanghamobile,https://hoanghamobile.com/tai-nghe/tai-nghe-tre-em-oaxis-myfirst-headphones-wireless,Tai nghe trẻ em Oaxis Myfirst Headphones Wireless,490.000 ₫,490000,Myfirst,in-ear,0,1,0,Bluetooth,12.0,69.0,0,0,0,0,1,490000,490000,Other,Bluetooth,7101.449275362319,40833.333333333336
hoanghamobile,https://hoanghamobile.com/tai-nghe/tai-nghe-true-wireless-jbl-wave-beam-2,Tai nghe True Wireless JBL Wave Beam 2,1.360.000 ₫,1360000,Jbl,in-ear,0,1,0,Bluetooth,28.0,4.3,0,0,0,0,1,1360000,1360000,Jbl,Bluetooth,316279.0697674419,48571.42857142857
hoanghamobile,https://hoanghamobile.com/tai-nghe/tai-nghe-khong-day-riversong-airfly-l3-ea227,Tai nghe không dây Riversong Airfly L3 EA227 – Chính hãng,230.000 ₫,230000,Riversong,in-ear,0,1,0,Bluetooth,6.0,40.0,1,0,1,1,1,230000,230000,Other,Bluetooth,5750.0,38333.333333333336
hoanghamobile,https://hoanghamobile.com/tai-nghe/tai-nghe-khong-day-riversong-airfly-l7-ea316,Tai nghe không dây Riversong Airfly L7 EA316 – Chính hãng,300.000 ₫,300000,Riversong,in-ear,0,1,0,Bluetooth,5.0,40.0,1,0,0,1,1,300000,300000,Other,Bluetooth,7500.0,60000.0
hoanghamobile,https://hoanghamobile.com/tai-nghe/tai-nghe-true-wireless-jbl-tune-beam-2,Tai nghe True Wireless JBL Tune Beam 2,2.340.000 ₫,2340000,Jbl,in-ear,0,1,0,Bluetooth,38.0,5.2,0,0,0,0,1,2340000,2340000,Jbl,Bluetooth,450000.0,61578.94736842105
hoanghamobile,https://hoanghamobile.com/tai-nghe/tai-nghe-khong-day-chong-on-sony-wh-ch720n-chinh-hang,Tai nghe chụp tai (Không dây) SONY WH-CH720N - Chính Hãng,2.240.000 ₫,2240000,Sony,over-ear,0,1,0,Bluetooth,35.0,192.0,0,0,0,0,1,2240000,2240000,Sony,Bluetooth,11666.666666666666,64000.0
hoanghamobile,https://hoanghamobile.com/tai-nghe/tai-nghe-sennheiser-momentum-4-wireless-chinh-hang,Tai nghe chụp tai (không dây) SENNHEISER MOMENTUM 4 WIRELESS - Chính hãng,6.590.000 ₫,6590000,Sennheiser,over-ear,0,1,0,Bluetooth,60.0,300.0,0,0,0,0,1,6590000,6590000,Sennheiser,Bluetooth,21966.666666666668,109833.33333333333
hoanghamobile,https://hoanghamobile.com/tai-nghe/tai-nghe-bluetooth-motorola-pulse-escape-800-anc-chinh-hang,Tai nghe chụp tai (Không dây) Motorola Pulse Escape 800 ANC - Chính hãng,1.190.000 ₫,1190000,Motorola,over-ear,0,1,0,Bluetooth,12.0,264.0,0,0,0,0,1,1190000,1190000,Other,Bluetooth,4507.575757575758,99166.66666666667
hoanghamobile,https://hoanghamobile.com/tai-nghe/tai-nghe-chup-tai-co-day-motorola-pulse-max-wired-single-chinh-hang,Tai nghe chụp tai (Có dây) Motorola PULSE MAX WIRED SINGLE - Chính hãng,590.000 ₫,590000,Motorola,over-ear,0,0,0,3.5mm,,242.0,0,1,1,0,0,590000,590000,Other,3.5mm,2438.0165289256197,
hoanghamobile,https://hoanghamobile.com/tai-nghe/tai-nghe-chup-tai-motorola-Pulse-Bass-200-Wired,Tai nghe chụp tai (Có dây) Motorola Pulse Bass 200 Wired - Chính Hãng,350.000 ₫,350000,Motorola,over-ear,0,0,0,3.5mm,,242.0,0,1,1,0,0,350000,350000,Other,3.5mm,1446.280991735537,
hoanghamobile,https://hoanghamobile.com/tai-nghe/tai-nghe-bluetooth-true-wireless-soundpeats-air4-pro-chinh-hang,Tai nghe Bluetooth True Wireless SoundPEATS Air4 Pro - Chính Hãng,950.000 ₫,950000,Soundpeats,in-ear,0,1,0,Bluetooth,6.0,6.1,0,0,0,1,1,950000,950000,Soundpeats,Bluetooth,155737.7049180328,158333.33333333334
hoanghamobile,https://hoanghamobile.com/tai-nghe/tai-nghe-bluetooth-true-wireless-baseus-bowie-e11-chinh-hang,Tai nghe Bluetooth True Wireless Baseus Bowie E11 - Chính hãng,245.000 ₫,245000,Baseus,in-ear,0,1,0,Bluetooth,30.0,3.5,0,0,0,0,1,245000,245000,Baseus,Bluetooth,70000.0,8166.666666666667
hoanghamobile,https://hoanghamobile.com/tai-nghe/tai-nghe-bluetooth-true-wireless-baseus-bowie-e18-chinh-hang,Tai nghe Bluetooth True Wireless Baseus Bowie E18 - Chính hãng,290.000 ₫,290000,Baseus,in-ear,0,1,0,Bluetooth,25.0,42.0,0,0,0,1,1,290000,290000,Baseus,Bluetooth,6904.761904761905,11600.0
hoanghamobile,https://hoanghamobile.com/tai-nghe/tai-nghe-sennheiser-momentum-true-wireless-4-chinh-hang,Tai nghe SENNHEISER MOMENTUM TRUE WIRELESS 4 - Chính hãng,5.490.000 ₫,5490000,Sennheiser,in-ear,0,1,0,Bluetooth,30.0,6.2,0,0,0,0,1,5490000,5490000,Sennheiser,Bluetooth,885483.8709677419,183000.0
hoanghamobile,https://hoanghamobile.com/tai-nghe/tai-nghe-bluetooth-true-wireless-jbl-tune-beam-chinh-hang,Tai nghe Bluetooth True Wireless JBL Tune Beam - Chính Hãng,1.750.000 ₫,1750000,Jbl,in-ear,0,1,0,Bluetooth,12.0,5.0,0,0,0,0,1,1750000,1750000,Jbl,Bluetooth,350000.0,145833.33333333334
hoanghamobile,https://hoanghamobile.com/tai-nghe/tai-nghe-bluetooth-true-wireless-marshall-minor-3-chinh-hang,Tai nghe Bluetooth True Wireless Marshall Minor 3 - Chính Hãng,2.750.000 ₫,2750000,Marshall,in-ear,0,1,0,Bluetooth,25.0,4.0,0,0,0,0,1,2750000,2750000,Other,Bluetooth,687500.0,110000.0
hoanghamobile,https://hoanghamobile.com/tai-nghe/tai-nghe-khong-day-marshall-motif-ii-anc-chinh-hang,Tai nghe không dây Marshall Motif II ANC - Chính Hãng,4.860.000 ₫,4860000,Marshall,in-ear,0,1,0,Bluetooth,24.0,4.25,0,0,0,0,1,4860000,4860000,Other,Bluetooth,1143529.4117647058,202500.0
hoanghamobile,https://hoanghamobile.com/tai-nghe/tai-nghe-sennheiser-momentum-true-wireless-3-chinh-hang,Tai nghe SENNHEISER MOMENTUM TRUE WIRELESS 3 - Chính Hãng,5.090.000 ₫,5090000,Sennheiser,in-ear,0,1,0,Bluetooth,28.0,5.8,0,0,0,0,1,5090000,5090000,Sennheiser,Bluetooth,877586.2068965518,181785.7142857143
hoanghamobile,https://hoanghamobile.com/tai-nghe/tai-nghe-khong-day-huawei-freebuds-5i-chinh-hang,Tai nghe không dây Huawei Freebuds 5i - Chính hãng,790.000 ₫,790000,Huawei,in-ear,0,1,0,Bluetooth,28.0,4.9,0,0,0,0,1,790000,790000,Other,Bluetooth,161224.48979591834,28214.285714285714
hoanghamobile,https://hoanghamobile.com/tai-nghe/tai-nghe-khong-day-hieu-baseus-bass-bs2-lite,Tai nghe không dây hiệu Baseus Bass BS2 Lite,290.000 ₫,290000,Baseus,in-ear,0,1,0,Bluetooth,40.0,42.0,0,0,0,1,1,290000,290000,Baseus,Bluetooth,6904.761904761905,7250.0
hoanghamobile,https://hoanghamobile.com/tai-nghe/tai-nghe-bluetooth-true-wireless-soundpeats-truengine-3-se-chinh-hang,Tai nghe Bluetooth True Wireless Soundpeats Truengine 3 SE - Chính hãng,800.000 ₫,800000,Soundpeats,in-ear,0,1,0,Bluetooth,30.0,5.0,0,0,0,0,1,800000,800000,Soundpeats,Bluetooth,160000.0,26666.666666666668
hoanghamobile,https://hoanghamobile.com/tai-nghe/tai-nghe-khong-day-jbl-tune-115-tws-chinh-hang,Tai nghe không dây JBL Tune 115 TWS - Chính hãng,1.490.000 ₫,1490000,Jbl,in-ear,0,1,0,Bluetooth,21.0,73.0,0,0,0,0,1,1490000,1490000,Jbl,Bluetooth,20410.95890410959,70952.38095238095
hoanghamobile,https://hoanghamobile.com/tai-nghe/tai-nghe-bluetooth-pioneer-se-s3bt-b-czu-chinh-hang,Tai nghe Bluetooth PIONEER SE-S3BT(B)CZU - Chính Hãng,790.000 ₫,790000,Pioneer,over-ear,0,1,0,Bluetooth,25.0,205.0,0,0,0,0,1,790000,790000,Other,Bluetooth,3853.6585365853657,31600.0
hoanghamobile,https://hoanghamobile.com/tai-nghe/tai-nghe-co-day-samsung-type-c-eo-ic100-chinh-hang,Tai nghe có dây Samsung Type C (EO-IC100) - Chính hãng,390.000 ₫,390000,Samsung,in-ear,0,0,0,Type C,,18.35,0,0,1,0,0,390000,390000,Other,Type C,21253.40599455041,
hoanghamobile,https://hoanghamobile.com/tai-nghe/tai-nghe-truyen-dan-xuong-shokz-openrun-pro-chinh-hang,Tai nghe truyền dẫn xương Shokz Openrun Pro - Chính Hãng,4.990.000 ₫,4990000,Shokz,in-ear,0,1,0,Bluetooth,10.0,29.0,0,0,0,0,1,4990000,4990000,Other,Bluetooth,172068.9655172414,499000.0
hoanghamobile,https://hoanghamobile.com/tai-nghe/tai-nghe-khong-day-marshall-monitor-iii-a-n-c,Tai nghe không dây Marshall Monitor III A.N.C - Chính hãng ASH,9.990.000 ₫,7900000,Marshall,in-ear,0,1,0,Bluetooth,70.0,7.39,0,0,0,1,1,7900000,9990000,Other,Bluetooth,1069012.1786197564,112857.14285714286
hoanghamobile,https://hoanghamobile.com/tai-nghe/tai-nghe-bluetooth-true-wireless-soundpeats-capsule-3-pro-plus,Tai nghe Bluetooth True Wireless SoundPEATS Capsule 3 Pro Plus,1.490.000 ₫,1490000,Soundpeats,in-ear,0,1,0,Bluetooth,26.0,111.0,0,0,0,0,1,1490000,1490000,Soundpeats,Bluetooth,13423.423423423423,57307.692307692305
hoanghamobile,https://hoanghamobile.com/tai-nghe/tai-nghe-chong-on-khong-day-sony-wh-1000xm6,Tai nghe chống ồn không dây Sony WH-1000XM6,9.650.000 ₫,7900000,Sony,over-ear,0,1,0,Bluetooth,40.0,254.0,0,0,0,0,1,7900000,9650000,Sony,Bluetooth,31102.36220472441,197500.0
hoanghamobile,https://hoanghamobile.com/tai-nghe/tai-nghe-sony-nhet-tai-co-day-cong-usb-c-ier-ex15c,Tai nghe Sony nhét tai có dây cổng USB-C IER-EX15C,429.000 ₫,429000,Sony,in-ear,0,0,0,Type C,,40.2,0,0,1,0,0,429000,429000,Sony,Type C,10671.641791044776,
hoanghamobile,https://hoanghamobile.com/tai-nghe/tai-nghe-khong-day-earfun-air-mini-2-chinh-hang,Tai nghe không dây EarFun Air Mini 2 - Chính hãng,490.000 ₫,490000,Earfun,in-ear,0,1,0,Bluetooth,24.0,3.8,0,0,0,0,1,490000,490000,Other,Bluetooth,128947.36842105264,20416.666666666668
hoanghamobile,https://hoanghamobile.com/tai-nghe/tai-nghe-bluetooth-true-wireless-marshall-minor-iv,Tai nghe Bluetooth True Wireless Marshall Minor IV - Chính Hãng ASH,3.050.000 ₫,3050000,Marshall,in-ear,0,1,0,Bluetooth,30.0,7.39,0,0,0,0,1,3050000,3050000,Other,Bluetooth,412719.8917456022,101666.66666666667
hoanghamobile,https://hoanghamobile.com/tai-nghe/tai-nghe-bluetooth-true-wireless-huawei-freebuds-6i,Tai nghe Bluetooth True Wireless Huawei Freebuds 6i - Chính Hãng,990.000 ₫,990000,Huawei,in-ear,0,1,0,Bluetooth,35.0,5.4,0,0,0,0,1,990000,990000,Other,Bluetooth,183333.3333333333,28285.714285714286
hoanghamobile,https://hoanghamobile.com/tai-nghe/tai-nghe-chong-on-khong-day-sony-wf-c700n-chinh-hang,Tai nghe chống ồn không dây Sony WF-C700N - Chính Hãng,1.990.000 ₫,1990000,Sony,in-ear,0,1,0,Bluetooth,10.0,4.6,0,0,0,0,1,1990000,1990000,Sony,Bluetooth,432608.69565217395,199000.0
hoanghamobile,https://hoanghamobile.com/tai-nghe/tai-nghe-bluetooth-true-wireless-huawei-freebuds-se-2-chinh-hang,Tai nghe Bluetooth True Wireless Huawei FreeBuds SE 2 - Chính Hãng,490.000 ₫,490000,Huawei,in-ear,0,1,0,Bluetooth,9.0,3.8,0,0,0,0,1,490000,490000,Other,Bluetooth,128947.36842105264,54444.444444444445
hoanghamobile,https://hoanghamobile.com/tai-nghe/tai-nghe-bluetooth-true-wireless-gaming-sony-inzone-buds-chinh-hang,Tai nghe Bluetooth True Wireless Gaming Sony INZONE Buds - Chính Hãng,3.650.000 ₫,3650000,Sony,in-ear,1,1,0,Bluetooth,24.0,6.5,0,0,0,0,1,3650000,3650000,Sony,Bluetooth,561538.4615384615,152083.33333333334
hoanghamobile,https://hoanghamobile.com/tai-nghe/tai-nghe-khong-day-redmi-buds-6-active-chinh-hang,Redmi Buds 6 Active – Chính hãng,435.000 ₫,435000,Redmi,in-ear,0,1,0,Bluetooth,6.0,4.0,0,0,0,0,1,435000,435000,Other,Bluetooth,108750.0,72500.0
hoanghamobile,https://hoanghamobile.com/tai-nghe/tai-nghe-bluetooth-razer-hammerhead-true-wireless-x-rz12-03830100-r3a1,Tai Nghe Bluetooth Razer Hammerhead True Wireless X RZ12 - 03830100 - R3A1 - Chính Hãng,1.190.000 ₫,1190000,Razer,in-ear,0,1,0,Bluetooth,28.0,20.0,0,0,0,0,1,1190000,1190000,Razer,Bluetooth,59500.0,42500.0
hoanghamobile,https://hoanghamobile.com/tai-nghe/tai-nghe-true-wireless-yamaha-tw-e5b-chinh-hang,Tai nghe True Wireless YAMAHA TW-E5B - Chính Hãng,2.190.000 ₫,2190000,Yamaha,in-ear,0,1,0,Bluetooth,30.0,6.5,0,0,0,0,1,2190000,2190000,Other,Bluetooth,336923.07692307694,73000.0
hoanghamobile,https://hoanghamobile.com/tai-nghe/tai-nghe-choi-game-asus-rog-cetra-ii-core-chinh-hang,Tai nghe chơi game Asus ROG Cetra II Core - Chính Hãng,880.000 ₫,880000,Asus,in-ear,0,0,0,3.5mm,,18.0,0,1,1,0,0,880000,880000,Asus,3.5mm,48888.88888888889,
hoanghamobile,https://hoanghamobile.com/tai-nghe/tai-nghe-asus-rog-cetra-true-wireless-90yh03g1-b5ua00-chinh-hang,Tai nghe gaming Asus ROG Cetra True Wireless - Chính hãng,1.590.000 ₫,1590000,Asus,in-ear,1,1,0,Bluetooth,5.0,10.0,0,0,0,0,1,1590000,1590000,Asus,Bluetooth,159000.0,318000.0
hoanghamobile,https://hoanghamobile.com/tai-nghe/tai-nghe-tre-em-oaxis-myfirst-headphones-bone-conductor-wireless,Tai nghe trẻ em Oaxis myFirst Headphones Bone Conductor Wireless,599.000 ₫,599000,Myfirst,in-ear,0,1,0,Bluetooth,18.0,26.0,0,0,0,0,1,599000,599000,Other,Bluetooth,23038.46153846154,33277.77777777778
hoanghamobile,https://hoanghamobile.com/tai-nghe/tai-nghe-true-wireless-defunc-true-go-slim-chinh-hang,Tai nghe True Wireless Defunc TRUE GO SLIM - Chính Hãng,890.000 ₫,890000,Defunc,in-ear,0,1,0,Bluetooth,18.0,45.0,0,0,0,1,1,890000,890000,Other,Bluetooth,19777.777777777777,49444.444444444445
hoanghamobile,https://hoanghamobile.com/tai-nghe/tai-nghe-bluetooth-true-wireless-jbl-wave-beam-chinh-hang,Tai nghe Bluetooth True Wireless JBL Wave Beam - Chính Hãng,990.000 ₫,990000,Jbl,in-ear,0,1,0,Bluetooth,24.0,8.8,0,0,0,0,1,990000,990000,Jbl,Bluetooth,112499.99999999999,41250.0
hoanghamobile,https://hoanghamobile.com/tai-nghe/tai-nghe-khong-day-jbl-live-pro-2-tws-chinh-hang,Tai Nghe Không Dây JBL Live Pro 2 TWS- Chính Hãng,2.200.000 ₫,2200000,Jbl,in-ear,0,1,0,Bluetooth,40.0,4.8,0,0,0,0,1,2200000,2200000,Jbl,Bluetooth,458333.3333333334,55000.0
hoanghamobile,https://hoanghamobile.com/tai-nghe/tai-nghe-khong-day-xiaomi-redmi-buds-4-pro-chinh-hang,Tai nghe không dây Xiaomi Redmi Buds 4 Pro - Chính hãng,1.190.000 ₫,1190000,Xiaomi,in-ear,0,1,0,Bluetooth,36.0,5.2,0,0,0,1,1,1190000,1190000,Xiaomi,Bluetooth,228846.15384615384,33055.555555555555
hoanghamobile,https://hoanghamobile.com/tai-nghe/tai-nghe-razer-hammerhead-true-wireless-2021-version-rz12-03820100-r3a1,Tai nghe Razer Hammerhead True Wireless 2021 RZ12-03820100-R3A - Chính hãng,1.690.000 ₫,1690000,Razer,in-ear,0,1,0,Bluetooth,26.0,53.0,0,0,0,0,1,1690000,1690000,Razer,Bluetooth,31886.79245283019,65000.0
hoanghamobile,https://hoanghamobile.com/tai-nghe/tai-nghe-true-wireless-the-thao-yamaha-tw-es5a-chinh-hang,Tai nghe True Wireless thể thao YAMAHA TW-ES5A - Chính Hãng,1.990.000 ₫,1990000,Yamaha,in-ear,1,1,0,Bluetooth,5.0,7.9,0,0,0,0,1,1990000,1990000,Other,Bluetooth,251898.73417721517,398000.0
hoanghamobile,https://hoanghamobile.com/tai-nghe/tai-nghe-true-wireless-chong-on-yamaha-tw-e7b-chinh-hang,Tai nghe True Wireless chống ồn YAMAHA TW-E7B - Chính hãng,3.490.000 ₫,3490000,Yamaha,in-ear,0,1,0,Bluetooth,22.0,7.3,0,0,0,0,1,3490000,3490000,Other,Bluetooth,478082.19178082194,158636.36363636365
hoanghamobile,https://hoanghamobile.com/tai-nghe/tai-nghe-tre-em-oaxis-myfirst-bc-wireless-lite-chinh-hang,Tai nghe trẻ em Oaxis myFirst BC Wireless Lite - Chính Hãng,199.000 ₫,199000,Myfirst,in-ear,0,1,0,Bluetooth,5.0,28.0,0,0,0,0,1,199000,199000,Other,Bluetooth,7107.142857142857,39800.0
hoanghamobile,https://hoanghamobile.com/tai-nghe/tai-nghe-true-wireless-chong-on-chu-dong-jbl-t230nc-tws-chinh-hang,Tai nghe True Wireless chống ồn chủ động JBL T230NC TWS - Chính hãng,1.650.000 ₫,1650000,Jbl,in-ear,0,1,0,Bluetooth,10.0,10.2,0,0,0,0,1,1650000,1650000,Jbl,Bluetooth,161764.70588235295,165000.0
hoanghamobile,https://hoanghamobile.com/tai-nghe/tai-nghe-khong-co-khung-trum-qua-dau-hieu-alpha-works-aw-curve-100,Tai nghe không có khung trùm qua đầu hiệu ALPHA WORKS AW-CURVE 100,290.000 ₫,290000,Alpha Works,over-ear,0,1,0,Bluetooth,16.0,3.8,0,0,0,0,1,290000,290000,Other,Bluetooth,76315.78947368421,18125.0
hoanghamobile,https://hoanghamobile.com/tai-nghe/tai-nghe-earpods-usb-c-chinh-hang-apple-viet-nam,Tai nghe EarPods (USB-C) - Chính hãng Apple Việt Nam,490.000 ₫,490000,Apple,in-ear,0,0,0,Type C,,26.299999999999997,1,0,1,1,0,490000,490000,Other,Type C,18631.178707224335,
hoanghamobile,https://hoanghamobile.com/tai-nghe/tai-nghe-khong-day-sony-wf-1000xm5-chinh-hang,Tai nghe không dây Sony WF-1000XM5 - Chính Hãng,5.290.000 ₫,5290000,Sony,in-ear,0,1,0,Bluetooth,24.0,5.9,0,0,0,0,1,5290000,5290000,Sony,Bluetooth,896610.1694915254,220416.66666666666
hoanghamobile,https://hoanghamobile.com/tai-nghe/airpods-max-2,Tai nghe Tai nghe AirPods Max 2 - Chính hãng Apple Việt Nam,14.990.000 ₫,7900000,Apple,over-ear,0,0,0,Type C,,386.2,0,1,0,0,0,7900000,14990000,Other,Type C,20455.72242361471,
hoanghamobile,https://hoanghamobile.com/tai-nghe/airpods-4,Tai nghe AirPods 4 - Chính hãng Apple Việt Nam,3.290.000 ₫,3290000,Apple,in-ear,0,1,0,Bluetooth,30.0,4.3,0,0,0,0,1,3290000,3290000,Other,Bluetooth,765116.2790697674,109666.66666666667
hoanghamobile,https://hoanghamobile.com/tai-nghe/tai-nghe-airpods-max-2024,Tai nghe AirPods Max 2024 - Chính hãng Apple Việt Nam,11.990.000 ₫,7900000,Apple,over-ear,0,0,0,Type C,,386.2,0,1,0,0,0,7900000,11990000,Other,Type C,20455.72242361471,
hoanghamobile,https://hoanghamobile.com/tai-nghe/airpods-pro-2-voi-hop-sac-usb-c-chinh-hang-apple-viet-nam,Tai nghe AirPods Pro 2 (USB-C) - Chính hãng Apple Việt Nam,5.390.000 ₫,5390000,Apple,in-ear,0,1,0,Type C+Bluetooth,30.0,50.8,0,0,0,0,1,5390000,5390000,Other,Type C+Bluetooth,106102.36220472441,179666.66666666666
hoanghamobile,https://hoanghamobile.com/tai-nghe/airpods-4-ban-chu-dong-khu-tieng-on,Tai nghe AirPods 4 bản Chủ Động Khử Tiếng Ồn - Chính hãng Apple Việt Nam,4.490.000 ₫,4490000,Apple,in-ear,0,1,0,Bluetooth,30.0,4.3,0,0,0,0,1,4490000,4490000,Other,Bluetooth,1044186.046511628,149666.66666666666
hoanghamobile,https://hoanghamobile.com/tai-nghe/tai-nghe-xiaomi-buds-3t-pro-chinh-hang,Tai nghe Xiaomi Buds 3T Pro - Chính hãng,990.000 ₫,990000,Xiaomi,in-ear,0,0,0,Type C,,48.0,0,1,0,0,0,990000,990000,Xiaomi,Type C,20625.0,
hoanghamobile,https://hoanghamobile.com/tai-nghe/tai-nghe-bluetooth-chup-tai-sony-ult900-wear-chinh-hang,Tai nghe Bluetooth chụp tai Sony ULT900N Wear - Chính hãng,3.490.000 ₫,3490000,Sony,over-ear,0,1,0,Bluetooth,50.0,255.0,0,0,0,0,1,3490000,3490000,Sony,Bluetooth,13686.274509803921,69800.0
hoanghamobile,https://hoanghamobile.com/tai-nghe/tai-nghe-true-wireless-earbuds-soundpeats-truefree-chinh-hang,Tai nghe True Wireless Earbuds SOUNDPEATS TrueFree+ - Chính hãng,300.000 ₫,300000,Soundpeats,in-ear,0,1,0,Bluetooth,35.0,4.7,0,0,0,0,1,300000,300000,Soundpeats,Bluetooth,63829.78723404255,8571.42857142857
