source,url,name,price_raw,price_vnd,brand,type,is_gaming,is_wireless,has_mic,connection,battery_life_hours,weight_gram
cellphones,https://cellphones.com.vn/tai-nghe-chup-tai-sony-wh-1000xm6.html,Tai nghe Bluetooth chụp tai Sony WH-1000XM6,11.990.000đ,11990000,Sony,over-ear,0,1,0,3.5mm,40,254.0
cellphones,https://cellphones.com.vn/tai-nghe-chup-tai-sennheiser-hdb-630.html,Tai nghe chụp tai Sennheiser HDB 630,14.900.000đ,14900000,Sennheiser,over-ear,0,0,0,,60,
cellphones,https://cellphones.com.vn/tai-nghe-chup-tai-sony-wh-1000xm5.html,Tai nghe Bluetooth chụp tai Sony WH-1000XM5,7.990.000đ,7990000,Sony,over-ear,0,1,1,10 m,40,250.0
cellphones,https://cellphones.com.vn/tai-nghe-chup-tai-sony-wh-ch520.html,Tai nghe Bluetooth chụp tai Sony WH-CH520,1.290.000đ,1290000,Sony,over-ear,0,1,0,,50,40.0
cellphones,https://cellphones.com.vn/tai-nghe-chup-tai-jbl-tune-520bt.html,Tai nghe Bluetooth chụp tai JBL Tune 520BT,1.360.000đ,1360000,JBL,over-ear,0,1,0,Type C,57,157.0
cellphones,https://cellphones.com.vn/tai-nghe-chup-tai-sony-wh-ch720n.html,Tai nghe Bluetooth chụp tai Sony WH-CH720N,2.990.000đ,2990000,Sony,over-ear,0,1,0,3.5mm,35,192.0
cellphones,https://cellphones.com.vn/tai-nghe-chup-tai-bose-quietcomfort-ultra-gen-2.html,Tai nghe chụp tai Bose Quietcomfort Ultra Gen 2,10.990.000đ,10990000,Bose,over-ear,0,0,0,3.5mm,30,
cellphones,https://cellphones.com.vn/tai-nghe-chup-tai-marshall-major-5.html,Tai nghe Bluetooth chụp tai Marshall Major 5,4.220.000đ,4220000,Marshall,over-ear,0,1,0,3.5mm,100,186.0
cellphones,https://cellphones.com.vn/tai-nghe-bluetooth-edifier-w820nb-plus.html,Tai nghe Bluetooth chụp tai Edifier W820NB Plus,1.690.000đ,1690000,Edifier,over-ear,0,1,0,,49,221.0
cellphones,https://cellphones.com.vn/tai-nghe-chup-tai-havit-h619bt.html,Tai nghe Bluetooth chụp tai Havit H619BT,300.000đ,300000,Havit,over-ear,0,1,0,,20,
cellphones,https://cellphones.com.vn/tai-nghe-chup-tai-sony-wh-ult900n.html,Tai nghe chụp tai Sony WH-ULT900N,4.490.000đ,4490000,Sony,over-ear,0,0,0,3.5mm,50,255.0
cellphones,https://cellphones.com.vn/tai-nghe-chup-tai-anker-soundcore-space-one.html,Tai nghe Bluetooth chụp tai Anker Soundcore Space One,2.150.000đ,2150000,Anker,over-ear,0,1,0,,40,260.0
cellphones,https://cellphones.com.vn/tai-nghe-chup-tai-beats-solo-4.html,Tai nghe Bluetooth chụp tai Beats Solo 4,4.990.000đ,4990000,Apple Chính hãng,over-ear,0,1,0,3.5mm,,
cellphones,https://cellphones.com.vn/tai-nghe-gaming-havit-h2040d.html,Tai nghe chụp tai có dây Gaming Havit H2040D,400.000đ,400000,Havit,over-ear,1,0,0,Mua ngay tai nghe chụp tai có dây Gaming Havit H2040D chính hãng tại CellphoneS,,
cellphones,https://cellphones.com.vn/tai-nghe-gaming-hyperx-cloud-stinger-ii-core.html,Tai nghe chụp tai Gaming Hyperx Cloud Stinger 2 Core,870.000đ,870000,HyperX,over-ear,1,0,0,3.5mm,,
cellphones,https://cellphones.com.vn/tai-nghe-chup-tai-havit-h630bt.html,Tai nghe Bluetooth chụp tai Havit H630BT,470.000đ,470000,Havit,over-ear,0,1,0,3.5mm,,
cellphones,https://cellphones.com.vn/tai-nghe-bluetooth-chup-tai-havit-h670bt-anc.html,Tai nghe bluetooth chụp tai Havit H670BT ANC (Space S1),1.750.000đ,1750000,Havit,over-ear,0,1,0,3.5mm,72,258.0
cellphones,https://cellphones.com.vn/tai-nghe-chup-tai-bose-quietcomfort-ultra.html,Tai nghe Bluetooth chụp tai Bose QuietComfort Ultra,10.790.000đ,10790000,Bose,over-ear,0,1,0,3.5mm,24,250.0
cellphones,https://cellphones.com.vn/tai-nghe-chup-tai-sennheiser-momentum-4.html,Tai nghe Bluetooth chụp tai Sennheiser MOMENTUM 4,9.499.000đ,9499000,Sennheiser,over-ear,0,1,0,3.5mm,60,
cellphones,https://cellphones.com.vn/tai-nghe-chup-tai-anker-soundcore-space-h30i-a3012.html,Tai nghe chụp tai Anker Soundcore Space H30i - A3012,990.000đ,990000,Anker,over-ear,0,0,0,3.5mm,70,183.0
cellphones,https://cellphones.com.vn/tai-nghe-apple-earpods-myqy3za-a-type-c.html,Tai nghe Apple EarPods USB-C MYQY3ZA/A | Chính hãng Apple Việt Nam,540.000đ,540000,Apple Chính hãng,,0,0,0,Type C,,
cellphones,https://cellphones.com.vn/tai-nghe-nhet-tai-samsung-eo-ic-100-type-c.html,Tai nghe nhét tai Samsung EO-IC100 Type C,550.000đ,550000,Samsung Chính hãng,in-ear,0,0,0,Type C,,
cellphones,https://cellphones.com.vn/tai-nghe-gaming-hyperx-cloud-earbuds-2.html,Tai nghe có dây Gaming Hyperx Cloud Earbuds 2,970.000đ,970000,HyperX,in-ear,1,0,0,3.5mm,,
cellphones,https://cellphones.com.vn/tai-nghe-co-day-xiaomi-type-c.html,Tai nghe có dây Xiaomi Type-C,169.000đ,169000,Xiaomi,,0,0,0,Type C,,13.5
cellphones,https://cellphones.com.vn/tai-nghe-co-day-baseus-encok-cz11.html,Tai nghe có dây Baseus Encok CZ11,110.000đ,110000,Baseus,,0,0,0,Type C,,14.5
cellphones,https://cellphones.com.vn/tai-nghe-sony-mdr-ex155ap.html,Tai nghe Sony MDR-EX155AP,390.000đ,390000,Sony,,0,0,0,3.5mm,,3.0
cellphones,https://cellphones.com.vn/tai-nghe-jbl-tune-310c.html,Tai nghe có dây JBL Tune 310C,575.000đ,575000,JBL,,0,0,0,Type C,,14.3
cellphones,https://cellphones.com.vn/tai-nghe-nhet-tai-devia-smart-earpods-co-mic.html,Tai nghe nhét tai Devia Smart Earpods có Mic,180.000đ,180000,Devia,in-ear,0,0,1,Dây dài 1.2m cho phép vừa nghe nhạc vừa sử dụng máy,,
cellphones,https://cellphones.com.vn/tai-nghe-sony-mdr-ex15ap.html,Tai nghe Sony MDR-EX15AP,290.000đ,290000,Sony,,0,0,0,3.5mm,,3.0
cellphones,https://cellphones.com.vn/tai-nghe-kz-zsn-pro-x.html,Tai nghe KZ ZSN Pro X,690.000đ,690000,KZ,,0,0,1,3.5mm,,
cellphones,https://cellphones.com.vn/tai-nghe-rog-cetra-ii-core.html,Tai nghe có dây Gaming ASUS ROG Cetra II Core,1.290.000đ,1290000,ASUS,,1,0,1,3.5mm,,
cellphones,https://cellphones.com.vn/tai-nghe-gaming-co-day-hyperx-cloud-3.html,Tai nghe chụp tai Gaming Hyperx Cloud 3,2.440.000đ,2440000,HyperX,over-ear,1,0,0,3.5mm,,
cellphones,https://cellphones.com.vn/tai-nghe-co-day-baseus-encok-hz20-jack-3-5.html,Tai nghe có dây Baseus Encok HZ20 (Jack 3.5),160.000đ,160000,Baseus,,0,0,0,3.5mm,,
cellphones,https://cellphones.com.vn/tai-nghe-co-day-jbl-quantum-50c.html,Tai nghe gaming JBL Quantum 50C,870.000đ,870000,JBL,,1,0,1,3.5mm,,21.5
cellphones,https://cellphones.com.vn/tai-nghe-co-day-sony-ier-ex15c.html,Tai nghe có dây Sony IER-EX15C,599.000đ,599000,Sony,,0,0,0,Type C,,3.0
cellphones,https://cellphones.com.vn/tai-nghe-co-day-robot-re101s-3-5mm.html,Tai nghe có dây cổng 3.5mm Robot RE101S,50.000đ,50000,Robot,,0,0,0,3.5mm,,
cellphones,https://cellphones.com.vn/tai-nghe-chup-tai-akg-k92.html,Tai nghe kiểm âm AKG K92,1.820.000đ,1820000,AKG,,0,0,0,3.5mm,,200.0
cellphones,https://cellphones.com.vn/tai-nghe-kiem-am-akg-k72.html,Tai nghe kiểm âm AKG K72,1.590.000đ,1590000,AKG,,0,0,0,Chiều dài dây: 3m,,200.0
cellphones,https://cellphones.com.vn/tai-nghe-kiem-am-shure-srh1540.html,Tai nghe kiểm âm Closed-Back Shure SRH1540,5.000.000đ,5000000,Shure,,0,0,0,3.5mm,,286.0
cellphones,https://cellphones.com.vn/tai-nghe-kiem-am-sony-mdr-7506.html,Tai nghe kiểm âm Closed-Back Sony MDR-7506,5.000.000đ,5000000,Sony,,0,0,1,3.5mm,,260.0
cellphones,https://cellphones.com.vn/tai-nghe-kiem-am-shure-se425-cl.html,Tai nghe kiểm âm nhét tai Shure SE425-CL (Trong Suốt),5.000.000đ,5000000,Shure,in-ear,0,0,0,Chiều dài cáp: 1.62m,,29.4
cellphones,https://cellphones.com.vn/tai-nghe-kiem-am-semi-open-akg-k240-mkii.html,Tai nghe kiểm âm Semi-Open AKG K240 MKII,5.000.000đ,5000000,AKG,,0,0,1,Chiều dài cáp 3m và 5m,,240.0
cellphones,https://cellphones.com.vn/tai-nghe-kiem-am-shure-srh840a.html,Tai nghe kiểm âm Closed-Back Shure SRH840A,5.000.000đ,5000000,Shure,,0,0,0,3.5mm,,272.0
cellphones,https://cellphones.com.vn/tai-nghe-kiem-am-shure-se215-cl.html,Tai nghe kiểm âm nhét tai Shure SE215-CL (Trong Suốt),5.000.000đ,5000000,Shure,in-ear,0,0,0,Chiều dài cáp: 1.62m,,28.35
cellphones,https://cellphones.com.vn/tai-nghe-kiem-am-shure-srh240a.html,Tai nghe kiểm âm Closed-Back Shure SRH240A,5.000.000đ,5000000,Shure,,0,0,0,3.5mm,,286.0
cellphones,https://cellphones.com.vn/tai-nghe-kiem-am-sony-mdr-m1.html,Tai nghe kiểm âm Closed-Back Sony MDR-M1,5.000.000đ,5000000,Sony,,0,0,0,3.5mm,,216.0
cellphones,https://cellphones.com.vn/tai-nghe-kiem-am-akg-k361.html,Tai nghe kiểm âm AKG K361,5.000.000đ,5000000,AKG,,0,0,0,3.5mm,,
cellphones,https://cellphones.com.vn/tai-nghe-kiem-am-shure-srh840.html,Tai nghe kiểm âm Closed-Back Shure SRH840,5.000.000đ,5000000,Shure,,0,0,0,3.5mm,,
cellphones,https://cellphones.com.vn/tai-nghe-kiem-am-shure-srh1840.html,Tai nghe kiểm âm Open-back Shure SRH1840,5.000.000đ,5000000,Shure,,0,0,0,3.5mm,,268.0
cellphones,https://cellphones.com.vn/tai-nghe-kiem-am-akg-k240.html,Tai nghe kiểm âm AKG K240,5.000.000đ,5000000,AKG,,0,0,0,3.5mm,,240.0
cellphones,https://cellphones.com.vn/tai-nghe-kiem-am-akg-k240-studio.html,Tai nghe kiểm âm Semi-Open AKG K240 Studio,5.000.000đ,5000000,AKG,,0,0,0,3.5mm,,240.0
cellphones,https://cellphones.com.vn/tai-nghe-kiem-am-shure-srh440a.html,Tai nghe kiểm âm Closed-Back Shure SRH440A,5.000.000đ,5000000,Shure,,0,0,0,3.5mm,,268.0
cellphones,https://cellphones.com.vn/tai-nghe-kiem-am-akg-n90q.html,Tai nghe kiểm âm AKG N90Q,5.000.000đ,5000000,AKG,,0,0,0,,,
cellphones,https://cellphones.com.vn/tai-nghe-the-thao-jbl-sence-lite.html,Tai nghe Bluetooth thể thao JBL Sense Lite,2.590.000đ,2590000,JBL,,0,1,0,,8,19.0
cellphones,https://cellphones.com.vn/tai-nghe-khong-day-xiaomi-openwear-stereo.html,Tai nghe thể thao Xiaomi Openwear Stereo,2.990.000đ,2990000,Xiaomi,,0,0,0,,7,9.6
cellphones,https://cellphones.com.vn/tai-nghe-khong-day-soundpeats-pop-clip.html,Tai nghe không dây thể thao SoundPEATS Pop Clip,950.000đ,950000,Soundpeats,,0,0,0,,,
cellphones,https://cellphones.com.vn/tai-nghe-khong-day-huawei-freearc.html,Tai nghe Bluetooth True Wireless Huawei FreeArc,2.490.000đ,2490000,Huawei,,0,1,0,,7,8.9
cellphones,https://cellphones.com.vn/tai-nghe-truyen-dan-xuong-shokz-openrun-pro.html,Tai nghe truyền dẫn xương Shokz Openrun Pro,4.895.000đ,4895000,Shokz,,0,0,0,,10,29.0
cellphones,https://cellphones.com.vn/tai-nghe-khong-day-huawei-freeclip.html,Tai nghe Bluetooth True Wireless HUAWEI FreeClip,4.990.000đ,4990000,Huawei,,0,1,0,,8,5.6
cellphones,https://cellphones.com.vn/tai-nghe-khong-day-huawei-freeclip-2.html,Tai nghe không dây HUAWEI FreeClip 2,4.490.000đ,4490000,Huawei,,0,0,0,Type C,,5.1
cellphones,https://cellphones.com.vn/tai-nghe-the-thao-bose-ultra-open-earbuds.html,Tai nghe thể thao Bose Ultra Open Earbuds,7.749.000đ,7749000,Bose,in-ear,0,0,0,,7,6.35
cellphones,https://cellphones.com.vn/tai-nghe-khong-day-soundpeats-pearclip-pro.html,Tai nghe Bluetooth thể thao SoundPEATS Pearlclip Pro,1.390.000đ,1390000,Soundpeats,,0,1,0,,6,6.1
cellphones,https://cellphones.com.vn/tai-nghe-khong-day-baseus-eli-fit.html,Tai nghe Bluetooth thể thao Baseus ELI FIT Open-Ear,980.000đ,980000,Baseus,,0,1,0,USB,7,9.9
cellphones,https://cellphones.com.vn/tai-nghe-khong-day-soundpeats-runfree-lite-2.html,Tai nghe Bluetooth thể thao SoundPEATS RunFree Lite 2,890.000đ,890000,Soundpeats,,0,1,0,,,
cellphones,https://cellphones.com.vn/tai-nghe-truyen-dan-xuong-shokz-openrun.html,Tai nghe Bluetooth truyền dẫn xương Shokz Openrun,3.490.000đ,3490000,Shokz,,0,1,0,,8,26.0
cellphones,https://cellphones.com.vn/tai-nghe-khong-day-anker-soundcore-v20i-a3876.html,Tai nghe Bluetooth True Wireless Anker Soundcore V20i - A3876,1.070.000đ,1070000,Anker,,0,1,0,,,
cellphones,https://cellphones.com.vn/tai-nghe-truyen-dan-xuong-shokz-openfit-air.html,Tai nghe bluetooth Shokz Openfit Air,3.230.000đ,3230000,Shokz,,0,1,0,,6,8.7
cellphones,https://cellphones.com.vn/tai-nghe-the-thao-havit-ows929.html,Tai nghe Bluetooth thể thao Havit OWS929,370.000đ,370000,Havit,,0,1,0,,5,
cellphones,https://cellphones.com.vn/tai-nghe-the-thao-anker-soundcore-v40i.html,Tai nghe Bluetooth thể thao Anker Soundcore V40i (A3878),1.500.000đ,1500000,Anker,,0,1,0,,6,
cellphones,https://cellphones.com.vn/tai-nghe-khong-day-the-thao-baseus-eli-2i-fit.html,Tai nghe Bluetooth thể thao Baseus Eli 2i Fit,690.000đ,690000,Baseus,,0,1,0,,11,8.8
cellphones,https://cellphones.com.vn/tai-nghe-khong-day-the-thao-baseus-eli-sport-2-open-ear.html,Tai nghe Bluetooth thể thao Baseus Eli Sport 2 Open-Ear,1.190.000đ,1190000,Baseus,,0,1,0,,7,
cellphones,https://cellphones.com.vn/tai-nghe-bluetooth-jbl-endurance-pace.html,Tai nghe Bluetooth JBL Endurance Pace,1.990.000đ,1990000,JBL,,0,1,0,,10,33.15
cellphones,https://cellphones.com.vn/tai-nghe-khong-day-shokz-opendots-one.html,Tai nghe Bluetooth thể thao Shokz OpenDots ONE,4.990.000đ,4990000,Shokz,,0,1,0,,10,6.51
cellphones,https://cellphones.com.vn/tai-nghe-truyen-dan-xuong-shokz-openrun-pro-2.html,Tai nghe Bluetooth thể thao Shokz OpenRun Pro 2,4.895.000đ,4895000,Shokz,,0,1,0,,12,30.3
cellphones,https://cellphones.com.vn/tai-nghe-khong-day-anker-soundcore-k20i-a3994.html,Tai nghe Bluetooth True Wireless Anker Soundcore K20i - A3994,520.000đ,520000,Anker,,0,1,0,,6,3.3
cellphones,https://cellphones.com.vn/tai-nghe-bluetooth-true-wireless-baseus-inspire-xp1.html,Tai nghe Bluetooth True Wireless Baseus Inspire XP1,2.790.000đ,2790000,Baseus,,0,1,0,,8,
cellphones,https://cellphones.com.vn/tai-nghe-bluetooth-anker-soundcore-p41l.html,Tai nghe Bluetooth True Wireless Anker Soundcore P41i (A3937),1.954.000đ,1954000,Anker,,0,1,0,,12,114.0
cellphones,https://cellphones.com.vn/tai-nghe-bluetooth-anker-soundcore-c50i.html,Tai nghe Bluetooth thể thao Anker Soundcore C50I,1.290.000đ,1290000,Anker,,0,1,0,,7,5.5
cellphones,https://cellphones.com.vn/tai-nghe-khong-day-baseus-eli-fit-cu.html,Tai nghe Bluetooth thể thao Baseus ELI FIT Open-Ear - Cũ,980.000đ,980000,Baseus,,0,1,0,,,
cellphones,https://cellphones.com.vn/tai-nghe-khong-day-anker-soundcore-liberty-5-pro.html,Tai nghe Bluetooth True Wireless Anker Soundcore Liberty 5 Pro,5.000.000đ,5000000,Anker,,0,1,0,,,
cellphones,https://cellphones.com.vn/tai-nghe-khong-day-soundpeats-transparent-h3.html,Tai nghe Bluetooth SoundPEATS Transparent H3,5.000.000đ,5000000,Soundpeats,,0,1,0,,,
cellphones,https://cellphones.com.vn/tai-nghe-bluetooth-xiaomi-redmi-buds-8-lite.html,Tai nghe Bluetooth True Wireless Xiaomi Redmi Buds 8 Lite,5.000.000đ,5000000,Xiaomi,,0,1,0,,,
cellphones,https://cellphones.com.vn/tai-nghe-bluetooth-samsung-galaxy-buds-3-fe.html,Tai nghe Bluetooth True Wireless Samsung Galaxy Buds 3 FE,5.000.000đ,5000000,Samsung Chính hãng,,0,1,0,,,
cellphones,https://cellphones.com.vn/tai-nghe-chup-tai-anker-soundcore-q11i.html,Tai nghe Bluetooth chụp tai Anker Soundcore Q11i - (A3005),5.000.000đ,5000000,Anker,over-ear,0,1,0,,,
cellphones,https://cellphones.com.vn/tai-nghe-the-thao-anker-soundcore-aerofit-2-pro.html,Tai nghe Bluetooth thể thao Anker Soundcore AeroFit 2 Pro (A3875),5.000.000đ,5000000,Anker,,0,1,0,,,
cellphones,https://cellphones.com.vn/tai-nghe-bluetooth-oppo-enco-x4i.html,Tai nghe Bluetooth OPPO Enco X4i,5.000.000đ,5000000,OPPO,,0,1,0,,,4.4
cellphones,https://cellphones.com.vn/tai-nghe-khong-day-huawei-freebuds-6.html,Tai nghe Bluetooth Huawei Freebuds 6,5.000.000đ,5000000,Huawei,,0,1,0,,,
cellphones,https://cellphones.com.vn/tai-nghe-bluetooth-edifier-lolli-pro-3.html,Tai nghe Bluetooth Edifier Lolli Pro 3,5.000.000đ,5000000,Edifier,,0,1,0,,,
cellphones,https://cellphones.com.vn/tai-nghe-bluetooth-havit-tw966.html,Tai nghe Bluetooth Havit TW966,5.000.000đ,5000000,Havit,,0,1,0,,,
cellphones,https://cellphones.com.vn/tai-nghe-bluetooth-baseus-m2s-pro.html,Tai nghe Bluetooth True Wireless Baseus Bowie M2s Pro,5.000.000đ,5000000,Baseus,,0,1,0,,,
cellphones,https://cellphones.com.vn/tai-nghe-khong-day-anker-soundcore-r60i.html,Tai nghe Bluetooth True Wireless Anker Soundcore R60i A3995,5.000.000đ,5000000,Anker,,0,1,0,,,
cellphones,https://cellphones.com.vn/tai-nghe-bluetooth-jbl-endurance-run-3bt.html,Tai nghe Bluetooth JBL Endurance Run 3BT,5.000.000đ,5000000,JBL,,0,1,0,,,
cellphones,https://cellphones.com.vn/tai-nghe-chup-tai-anker-soundcore-q20i-gen-2.html,Tai nghe Bluetooth chụp tai chống ồn Anker Soundcore Q20i Gen 2 - (A3004CD),5.000.000đ,5000000,Anker,over-ear,0,1,0,,,
cellphones,https://cellphones.com.vn/tai-nghe-bluetooth-edifier-x1-air.html,Tai nghe Bluetooth True Wireless Edifier X1 Air,5.000.000đ,5000000,Edifier,,0,1,0,,,
cellphones,https://cellphones.com.vn/tai-nghe-chup-tai-jbl-tune-520c.html,Tai nghe chụp tai có dây JBL Tune 520C,1.070.000đ,1070000,JBL,over-ear,0,0,1,Type C,,150.0
cellphones,https://cellphones.com.vn/tai-nghe-chup-tai-robot-rh-p20.html,Tai nghe chụp tai có dây ROBOT RH-P20,290.000đ,290000,Robot,over-ear,0,0,1,3.5mm,,
cellphones,https://cellphones.com.vn/tai-nghe-chup-tai-gaming-havit-hv-h2233d.html,Tai nghe chụp tai Gaming Havit HV-H2232D,480.000đ,480000,Havit,over-ear,1,0,1,3.5mm,,580.0
cellphones,https://cellphones.com.vn/tai-nghe-chup-tai-sennheiser-hd-505.html,Tai nghe chụp tai Sennheiser HD 505,7.353.000đ,7353000,Sennheiser,over-ear,0,0,0,3.5mm,,237.0
cellphones,https://cellphones.com.vn/tai-nghe-chup-tai-baseus-bowie-30-max.html,Tai nghe chụp tai bluetooth Baseus Bowie 30 Max,1.990.000đ,1990000,Baseus,over-ear,0,1,0,3.5mm,65,320.0
cellphones,https://cellphones.com.vn/tai-nghe-chup-tai-sennheiser-hd-550.html,Tai nghe chụp tai Sennheiser HD 550,7.844.000đ,7844000,Sennheiser,over-ear,0,0,1,3.5mm,,237.0
cellphones,https://cellphones.com.vn/tai-nghe-chup-tai-logitech-g522-lightspeed.html,Tai nghe chụp tai Gaming Logitech G522 Lightspeed,3.999.000đ,3999000,Logitech,over-ear,1,0,0,Type C,40,290.0
cellphones,https://cellphones.com.vn/tai-nghe-gaming-khong-day-hyperx-cloud-3.html,Tai nghe chụp tai Gaming Hyperx Cloud 3 Wireless,3.910.000đ,3910000,HyperX,over-ear,1,1,0,,,
cellphones,https://cellphones.com.vn/tai-nghe-chup-tai-soundpeats-space.html,Tai nghe chụp tai Soundpeats Space,1.490.000đ,1490000,Soundpeats,over-ear,0,0,1,SOUNDPEATS,1000,264.0
cellphones,https://cellphones.com.vn/tai-nghe-chup-tai-marshall-monitor-iii-anc.html,Tai nghe chụp tai chống ồn Marshall Monitor III ANC,9.810.000đ,9810000,Marshall,over-ear,0,0,0,3.5mm,100,250.0
cellphones,https://cellphones.com.vn/tai-nghe-chup-tai-jbl-quantum-100m2.html,Tai nghe gaming chụp tai JBL Quantum 100M2,1.165.000đ,1165000,JBL,over-ear,1,0,1,3.5mm,,220.0
cellphones,https://cellphones.com.vn/tai-nghe-gaming-asus-rog-delta-ii.html,Tai nghe chụp tai Gaming ASUS ROG Delta II,5.680.000đ,5680000,ASUS,over-ear,1,0,1,Armoury Crate,1800,318.0
cellphones,https://cellphones.com.vn/tai-nghe-chup-tai-havit-i62.html,Tai nghe Bluetooth chụp tai Havit i62,590.000đ,590000,Havit,over-ear,0,1,0,,62,
cellphones,https://cellphones.com.vn/tai-nghe-chup-tai-alpha-works-aw-lite-600.html,Tai nghe chụp tai Alpha Works AW-LITE600,540.000đ,540000,Alpha Works,over-ear,0,0,0,Type C,40,220.0
cellphones,https://cellphones.com.vn/tai-nghe-chup-tai-havit-h633bt.html,Tai nghe Bluetooth chụp tai Havit H633BT,590.000đ,590000,Havit,over-ear,0,1,0,,,
cellphones,https://cellphones.com.vn/tai-nghe-chup-tai-nakamichi-hue-cherry.html,Tai nghe Bluetooth chụp tai NAKAMICHI Hue-Cherry,690.000đ,690000,Nakamichi,over-ear,0,1,1,3.5mm,30,186.0
cellphones,https://cellphones.com.vn/tai-nghe-chup-tai-defunc-bt-headphone-go-d113.html,Tai nghe Bluetooth chụp tai Defunc BT Headphone GO D113,790.000đ,790000,Defunc,over-ear,0,1,0,,,
cellphones,https://cellphones.com.vn/tai-nghe-gaming-khong-day-sony-inzone-h9-ii.html,Tai nghe chụp tai Gaming Sony Inzone H9 II,7.590.000đ,7590000,Sony,over-ear,1,0,0,3.5mm,30,260.0
cellphones,https://cellphones.com.vn/tai-nghe-chup-tai-oneodio-pro-10.html,Tai nghe chụp tai OneOdio Pro 10,950.000đ,950000,Hãng khác,over-ear,0,0,1,,,
cellphones,https://cellphones.com.vn/tai-nghe-chup-tai-asus-tuf-h1-gen-2.html,Tai nghe chụp tai Gaming ASUS TUF H1 Gen II,1.260.000đ,1260000,ASUS,over-ear,1,0,1,USB,,297.0
cellphones,https://cellphones.com.vn/tai-nghe-khong-day-asus-tuf-gaming-h3.html,Tai nghe chụp tai ASUS TUF Gaming H3 2.4GHz (Cổng USB-C),2.490.000đ,2490000,ASUS,over-ear,1,0,1,25m,15,307.0
cellphones,https://cellphones.com.vn/tai-nghe-chup-tai-sennheiser-hd660s2.html,Tai nghe chụp tai Sennheiser HD660S2,16.681.000đ,16681000,Sennheiser,over-ear,0,0,1,Dây cáp dài: 1.8m,,260.0
cellphones,https://cellphones.com.vn/tai-nghe-co-day-dareu-eh733.html,Tai nghe chụp tai Gaming DareU EH733,1.100.000đ,1100000,DAREU,over-ear,1,0,1,Có dây,,10.0
cellphones,https://cellphones.com.vn/tai-nghe-bluetooth-edifier-wh500.html,Tai nghe Bluetooth chụp tai Edifier WH500,830.000đ,830000,Edifier,over-ear,0,1,1,Edifier Connect,40,172.0
cellphones,https://cellphones.com.vn/tai-nghe-chup-tai-sennheiser-hd-569.html,Tai nghe chụp tai Sennheiser HD 569,4.590.000đ,4590000,Sennheiser,over-ear,0,0,1,3.5mm,,
cellphones,https://cellphones.com.vn/tai-nghe-chup-tai-baseus-inspire-xh1.html,Tai nghe Bluetooth chụp tai Baseus Inspire XH1,3.590.000đ,3590000,Baseus,over-ear,0,1,1,Baseus,800,256.0
cellphones,https://cellphones.com.vn/tai-nghe-chup-tai-anker-soundcore-q20i.html,Tai nghe Bluetooth chụp tai Anker Soundcore Q20i,1.500.000đ,1500000,Anker,over-ear,0,1,0,3.5mm,60,244.0
cellphones,https://cellphones.com.vn/tai-nghe-chup-tai-edifier-w830nb.html,Tai nghe Bluetooth chụp tai Edifier W830NB,1.890.000đ,1890000,Edifier,over-ear,0,1,0,Type C,94,267.0
cellphones,https://cellphones.com.vn/tai-nghe-chup-tai-jbl-live-670nc.html,Tai nghe Bluetooth chụp tai JBL Live 670NC,2.990.000đ,2990000,JBL,over-ear,0,1,0,3.5mm,65,219.0
cellphones,https://cellphones.com.vn/tai-nghe-bluetooth-chup-tai-stargo-c100-pro-anc.html,Tai nghe Bluetooth chụp tai StarGO C100 Pro (ANC),590.000đ,590000,StarGO,over-ear,0,1,0,,15,
cellphones,https://cellphones.com.vn/tai-nghe-chup-tai-qcy-h2-pro.html,Tai nghe Bluetooth chụp tai QCY H2 Pro,550.000đ,550000,QCY,over-ear,0,1,0,3.5mm,60,
cellphones,https://cellphones.com.vn/tai-nghe-bluetooth-edifier-wh700.html,Tai nghe Bluetooth chụp tai Edifier WH700NB,990.000đ,990000,Edifier,over-ear,0,1,0,,68,271.0
cellphones,https://cellphones.com.vn/tai-nghe-chup-tai-qcy-h3-lite.html,Tai nghe Bluetooth chụp tai QCY H3 Lite,900.000đ,900000,QCY,over-ear,0,1,1,10m,400,
cellphones,https://cellphones.com.vn/tai-nghe-chup-tai-edifier-es850nb.html,Tai nghe Bluetooth chụp tai Edifier ES850NB,2.590.000đ,2590000,Edifier,over-ear,0,1,0,,55,265.0
cellphones,https://cellphones.com.vn/tai-nghe-chup-tai-sony-inzone-h5.html,Tai nghe Gaming chụp tai không dây Sony INZONE H5,3.790.000đ,3790000,Sony,over-ear,1,0,0,3.5mm,28,
cellphones,https://cellphones.com.vn/tai-nghe-chup-tai-gaming-sony-inzone-h9.html,Tai nghe Gaming chụp tai Sony Inzone H9,5.850.000đ,5850000,Sony,over-ear,1,0,0,,32,330.0
cellphones,https://cellphones.com.vn/tai-nghe-bluetooth-edifier-w600bt.html,Tai nghe Bluetooth chụp tai Edifier W600BT,700.000đ,700000,Edifier,over-ear,0,1,0,3.5mm,30,168.0
cellphones,https://cellphones.com.vn/tai-nghe-chup-tai-gaming-sony-inzone-h3.html,Tai nghe chụp tai Gaming Sony Inzone H3,1.550.000đ,1550000,Sony,over-ear,1,0,0,3.5mm,,299.0
cellphones,https://cellphones.com.vn/tai-nghe-chup-tai-jbl-tour-one-m3.html,Tai nghe Bluetooth chụp tai JBL Tour One M3,9.805.000đ,9805000,JBL,over-ear,0,1,0,3.5mm,70,278.0
cellphones,https://cellphones.com.vn/tai-nghe-chup-tai-khong-day-baseus-bowie-mh1-anc.html,Tai nghe Bluetooth chụp tai Baseus Bowie MH1 (ANC),1.590.000đ,1590000,Baseus,over-ear,0,1,0,,55,
cellphones,https://cellphones.com.vn/tai-nghe-chup-tai-khong-day-alpha-works-lite-660.html,Tai nghe Bluetooth chụp tai Alpha Works LITE 660,860.000đ,860000,Alpha Works,over-ear,0,1,0,3.5mm,50,
cellphones,https://cellphones.com.vn/tai-nghe-bluetooth-ch-p-tai-marshall-major-5-nau.html,Tai nghe Bluetooth chụp tai Marshall Major 5 - Nâu,0,0,,,,,,,,
cellphones,https://cellphones.com.vn/tai-nghe-chup-tai-earfun-tune-pro.html,Tai nghe Bluetooth chụp tai EarFun Tune Pro,1.590.000đ,1590000,EarFun,over-ear,0,1,0,3.5mm,120,500.0
cellphones,https://cellphones.com.vn/tai-nghe-chup-tai-jbl-quantum-910.html,Tai nghe Bluetooth chụp tai JBL Quantum 910,5.000.000đ,5000000,JBL,over-ear,0,1,0,,,
cellphones,https://cellphones.com.vn/tai-nghe-chup-tai-edifier-w80.html,Tai nghe Bluetooth chụp tai Edifier W80,3.000.000đ,3000000,Edifier,over-ear,0,1,0,,40,
cellphones,https://cellphones.com.vn/tai-nghe-chup-tai-havit-h100d.html,Tai nghe chụp tai Havit H100D,180.000đ,180000,Havit,over-ear,0,0,0,3.5mm,,
cellphones,https://cellphones.com.vn/tai-nghe-chup-tai-khong-day-chong-on-alpha-works-flex-688.html,Tai nghe Bluetooth chụp tai Alpha Works FLEX 688,1.290.000đ,1290000,Alpha Works,over-ear,0,1,0,3.5mm,50,
cellphones,https://cellphones.com.vn/tai-nghe-bluetooth-chup-tai-tribit-quietplus-71x-anc.html,Tai nghe Bluetooth chụp tai Tribit QuitePlus 71X (ANC),790.000đ,790000,Tribit,over-ear,0,1,0,3.5mm,65,
cellphones,https://cellphones.com.vn/tai-nghe-chup-tai-jbl-club-700bt.html,Tai nghe chụp tai JBL Club 700bt,3.590.000đ,3590000,JBL,over-ear,0,0,0,JBL Headphone,50,
cellphones,https://cellphones.com.vn/tai-nghe-chup-tai-baseus-encok-d02-pro.html,Tai nghe Bluetooth chụp tai Baseus Encok D02 Pro,510.000đ,510000,Baseus,over-ear,0,1,0,3.5mm,,
cellphones,https://cellphones.com.vn/tai-nghe-chup-tai-oneodio-a10.html,Tai nghe Bluetooth chụp tai OneOdio A10,2.390.000đ,2390000,Hãng khác,over-ear,0,1,0,,,
cellphones,https://cellphones.com.vn/tai-nghe-chup-tai-logitech-h390.html,Tai nghe chụp tai Logitech H390,849.000đ,849000,Logitech,over-ear,0,0,0,,,
cellphones,https://cellphones.com.vn/tai-nghe-chup-tai-havit-h2590bt-pro.html,Tai nghe Bluetooth chụp tai Havit H2590BT Pro,350.000đ,350000,Havit,over-ear,0,1,0,,,
cellphones,https://cellphones.com.vn/tai-nghe-chup-tai-logitech-h340.html,Tai nghe chụp tai Logitech H340,649.000đ,649000,Logitech,over-ear,0,0,0,,,
cellphones,https://cellphones.com.vn/tai-nghe-chup-tai-jbl-tune-760.html,Tai nghe Bluetooth chụp tai JBL Tune 760,5.000.000đ,5000000,JBL,over-ear,0,1,1,10m,50,220.0
cellphones,https://cellphones.com.vn/tai-nghe-chup-tai-earfun-wave-life.html,Tai nghe Bluetooth chụp tai EarFun Wave Life,1.490.000đ,1490000,EarFun,over-ear,0,1,0,,60,264.0
cellphones,https://cellphones.com.vn/tai-nghe-chup-tai-tronsmart-soundfii-q20s.html,Tai nghe Bluetooth chụp tai Tronsmart Sounfii Q20s,1.190.000đ,1190000,Tronsmart,over-ear,0,1,0,3.5mm,60,249.0
cellphones,https://cellphones.com.vn/tai-nghe-co-day-hyperx-cloud-stinger-2.html,Tai nghe chụp tai Gaming HyperX Cloud Stinger 2,1.150.000đ,1150000,HyperX,over-ear,1,0,0,3.5mm,,272.0
cellphones,https://cellphones.com.vn/tai-nghe-chup-tai-logitech-h111.html,Tai nghe chụp tai Logitech H111,279.000đ,279000,Logitech,over-ear,0,0,0,,,
cellphones,https://cellphones.com.vn/tai-nghe-chup-tai-defunc-basic-headphone-d133.html,Tai nghe chụp tai Defunc Basic Headphone D133,290.000đ,290000,Defunc,over-ear,0,0,0,,,
cellphones,https://cellphones.com.vn/tai-nghe-chup-tai-asus-tuf-h1.html,Tai nghe chụp tai Gaming Asus TUF H1,790.000đ,790000,ASUS,over-ear,1,0,0,3.5mm,,
cellphones,https://cellphones.com.vn/tai-nghe-chup-tai-logitech-h151.html,Tai nghe chụp tai Logitech H151,379.000đ,379000,Logitech,over-ear,0,0,0,3.5mm,,
cellphones,https://cellphones.com.vn/tai-nghe-chup-tai-hifuture-futuretour.html,Tai nghe Bluetooth chụp tai HiFuture FutureTour,0,0,Xiaomi,over-ear,0,1,0,,,
cellphones,https://cellphones.com.vn/tai-nghe-chup-tai-bose-quietcomfort.html,Tai nghe Bluetooth chụp tai Bose QuietComfort,7.349.000đ,7349000,Bose,over-ear,0,1,0,,24,
cellphones,https://cellphones.com.vn/tai-nghe-chup-tai-soul-ultra-dynamic-2.html,Tai nghe Bluetooth chụp tai Soul Ultra Dynamic 2,599.000đ,599000,SOUL,over-ear,0,1,1,3.5mm,,
cellphones,https://cellphones.com.vn/tai-nghe-chup-tai-havit-h668bt.html,Tai nghe Bluetooth chụp tai Havit H668BT,890.000đ,890000,Havit,over-ear,0,1,0,,50,204.0
cellphones,https://cellphones.com.vn/tai-nghe-bluetooth-chup-tai-stargo-c200.html,Tai nghe Bluetooth chụp tai StarGO C200,490.000đ,490000,StarGO,over-ear,0,1,0,,15,
cellphones,https://cellphones.com.vn/tai-nghe-ch-p-tai-soul-ultra-dynamic-2-tr-ng.html,Tai nghe chụp tai Soul Ultra Dynamic 2-Trắng,650.000đ,650000,SOUL,over-ear,0,0,1,,,
cellphones,https://cellphones.com.vn/tai-nghe-bluetooth-chup-tai-havit-h612bt-pro-anc.html,Tai nghe Bluetooth chụp tai Havit H612BT Pro (ANC),690.000đ,690000,Havit,over-ear,0,1,0,,50,191.0
cellphones,https://cellphones.com.vn/tai-nghe-chup-tai-baseus-bowie-h1s.html,Tai nghe Bluetooth chụp tai Baseus Bowie H1S,1.150.000đ,1150000,Baseus,over-ear,0,1,0,,5,279.0
cellphones,https://cellphones.com.vn/tai-nghe-chup-tai-edifier-w800bt-se.html,Tai nghe Bluetooth chụp tai Edifier W800BT SE,690.000đ,690000,Edifier,over-ear,0,1,0,Mua tai nghe chụp tai Edifier W800BT SE chính hãng tại CellphoneS,45,
cellphones,https://cellphones.com.vn/tai-nghe-gaming-havit-h2002p.html,Tai nghe chụp tai có dây Gaming Havit H2002P,890.000đ,890000,Havit,over-ear,1,0,1,Mua ngay tai nghe Gaming Havit H2002P với giá ưu đãi tại CellphoneS,,
cellphones,https://cellphones.com.vn/tai-nghe-chup-tai-khong-day-baseus-bass-bh1-nc.html,Tai nghe Bluetooth chụp tai Baseus Bass BH1 NC,1.090.000đ,1090000,Baseus,over-ear,0,1,0,,80,235.0
cellphones,https://cellphones.com.vn/tai-nghe-chup-tai-bluetooth-baseus-bass-bh1.html,Tai nghe Bluetooth chụp tai Baseus Bass BH1,890.000đ,890000,Baseus,over-ear,0,1,0,3.5mm,80,235.0
cellphones,https://cellphones.com.vn/tai-nghe-chup-tai-edifier-atom-max.html,Tai nghe Bluetooth chụp tai Edifier Atom Max,1.399.000đ,1399000,Edifier,over-ear,0,1,0,,45,
cellphones,https://cellphones.com.vn/tai-nghe-bluetooth-chup-tai-havit-h603bt.html,Tai nghe Bluetooth chụp tai Havit H603BT,340.000đ,340000,Havit,over-ear,0,1,1,10 m,400,182.0
cellphones,https://cellphones.com.vn/tai-nghe-chup-tai-co-day-razer-blackshark-v2-x-3-5mm.html,Tai nghe chụp tai Razer BlackShark V2 X 3.5mm,1.090.000đ,1090000,Razer,over-ear,0,0,0,3.5mm,,240.0
cellphones,https://cellphones.com.vn/tai-nghe-bluetooth-chup-tai-bowers-wilkins-px8.html,Tai nghe Bluetooth chụp tai Bowers & Wilkins Px8,15.699.000đ,15699000,Bowers & Wilkins,over-ear,0,1,0,3.5mm,30,320.0
cellphones,https://cellphones.com.vn/tai-nghe-chup-tai-alpha-works-flex-680.html,Tai nghe Bluetooth chụp tai Alpha Works Flex 680,750.000đ,750000,Alpha Works,over-ear,0,1,0,Type C,40,
cellphones,https://cellphones.com.vn/tai-nghe-chup-tai-havit-h655bt.html,Tai nghe Bluetooth chụp tai Havit H655BT,1.070.000đ,1070000,Havit,over-ear,0,1,0,3.5mm,,
cellphones,https://cellphones.com.vn/tai-nghe-chup-tai-khong-day-sony-wh-ch510.html,Tai nghe chụp tai Sony WH-CH510,1.190.000đ,1190000,Sony,over-ear,0,0,0,USB-C,,132.0
cellphones,https://cellphones.com.vn/tai-nghe-chup-tai-edifier-w800bt-pro.html,Tai nghe Bluetooth chụp tai Edifier W800BT Pro,1.399.000đ,1399000,Edifier,over-ear,0,1,0,,45,
cellphones,https://cellphones.com.vn/tai-nghe-bluetooth-edifier-w820nb.html,Tai nghe Bluetooth chụp tai Edifier W820NB,690.000đ,690000,Edifier,over-ear,0,1,0,3.5mm,49,220.0
cellphones,https://cellphones.com.vn/tai-nghe-chup-tai-soundpeats-a6-chong-on.html,Tai nghe Bluetooth chụp tai SoundPEATS A6,710.000đ,710000,Soundpeats,over-ear,0,1,1,3.5mm,37,266.0
cellphones,https://cellphones.com.vn/tai-nghe-chup-tai-trusmi-bh01.html,Tai nghe Bluetooth chụp tai Trusmi BH01,1.000.000đ,1000000,Trusmi,over-ear,0,1,0,3.5mm,50,
cellphones,https://cellphones.com.vn/tai-nghe-chup-tai-jbl-tune-720bt.html,Tai nghe Bluetooth chụp tai JBL Tune 720BT,5.000.000đ,5000000,JBL,over-ear,0,1,0,3.5mm,76,
cellphones,https://cellphones.com.vn/tai-nghe-chup-tai-oneodio-a70.html,Tai nghe Bluetooth chụp tai OneOdio A70,1.590.000đ,1590000,Hãng khác,over-ear,0,1,0,Nghe nhạc cùng nhau với cáp nối kép,,
cellphones,https://cellphones.com.vn/tai-nghe-chup-tai-baseus-bass-35-max.html,Tai nghe Bluetooth chụp tai Baseus Bass 35 Max,550.000đ,550000,Baseus,over-ear,0,1,0,3.5mm,50,238.8
cellphones,https://cellphones.com.vn/tai-nghe-chup-tai-anker-soundcore-space-one-pro.html,Tai nghe Bluetooth chụp tai Anker Soundcore Space One Pro (A3062),3.290.000đ,3290000,Anker,over-ear,0,1,0,3.5mm,40,286.0
cellphones,https://cellphones.com.vn/tai-nghe-chup-tai-oneodio-pro-c.html,Tai nghe Bluetooth chụp tai OneOdio Pro C,1.490.000đ,1490000,Hãng khác,over-ear,0,1,0,,,
cellphones,https://cellphones.com.vn/tai-nghe-chup-tai-tronsmart-sounfii-q20.html,Tai nghe Bluetooth chụp tai Tronsmart Sounfii Q20,890.000đ,890000,Hãng khác,over-ear,0,1,0,,60,246.0
cellphones,https://cellphones.com.vn/tai-nghe-chup-tai-jbl-live-770.html,Tai nghe Bluetooth chụp tai JBL Live 770,5.000.000đ,5000000,JBL,over-ear,0,1,0,3.5mm,65,256.0
cellphones,https://cellphones.com.vn/tai-nghe-chup-tai-sennheiser-accentum.html,Tai nghe Bluetooth chụp tai Sennheiser ACCENTUM,3.290.000₫,3290000,Sennheiser,over-ear,0,1,0,,50,222.0
cellphones,https://cellphones.com.vn/tai-nghe-bluetooth-chup-tai-jbl-t500bt.html,Tai nghe chụp tai JBL T500BT,1.690.000đ,1690000,JBL,over-ear,0,0,0,,,
cellphones,https://cellphones.com.vn/tai-nghe-chup-tai-jbl-live-660nc.html,Tai nghe chụp tai JBL Live 660NC,3.590.000đ,3590000,JBL,over-ear,0,0,0,,,
cellphones,https://cellphones.com.vn/tai-nghe-chup-tai-marshall-major-4.html,Tai nghe Bluetooth chụp tai Marshall Major 4,3.190.000đ,3190000,Marshall,over-ear,0,1,0,3.5mm,80,165.0
cellphones,https://cellphones.com.vn/tai-nghe-chup-tai-edifier-evo-space.html,Tai nghe Bluetooth chụp tai Edifier Evo Space (TBC),5.000.000đ,5000000,Edifier,over-ear,0,1,0,,93,260.0
cellphones,https://cellphones.com.vn/tai-nghe-chup-tai-soundpeats-space-pro.html,Tai nghe không dây chụp tai Soundpeats Space Pro,1.590.000đ,1590000,Soundpeats,over-ear,0,0,0,,151,282.0
cellphones,https://cellphones.com.vn/tai-nghe-chup-tai-gaming-soundpeats-g1.html,Tai nghe chụp tai Soundpeats G1,590.000đ,590000,Soundpeats,over-ear,0,0,1,,,10.0
cellphones,https://cellphones.com.vn/tai-nghe-chup-tai-jbl-tune-500.html,Tai nghe chụp tai JBL Tune 500,890.000đ,890000,JBL,over-ear,0,0,0,3.5mm,30,
cellphones,https://cellphones.com.vn/tai-nghe-bluetooth-edifier-wh950nb.html,Tai nghe Bluetooth chụp tai Edifier WH950NB,2.290.000đ,2290000,Edifier,over-ear,0,1,0,3.5mm,55,
cellphones,https://cellphones.com.vn/tai-nghe-chup-tai-jbl-tune-670nc.html,Tai nghe Bluetooth chụp tai JBL Tune 670NC,2.290.000đ,2290000,JBL,over-ear,0,1,0,3.5mm,70,174.0
cellphones,https://cellphones.com.vn/tai-nghe-chup-tai-rapoo-h100.html,Tai nghe chụp tai Rapoo H100,290.000đ,290000,Hãng khác,over-ear,0,0,0,3.5mm,,
cellphones,https://cellphones.com.vn/tai-nghe-chup-tai-soundpeats-a7.html,Tai nghe chụp tai Soundpeats A7,990.000đ,990000,Soundpeats,over-ear,0,0,0,,,
cellphones,https://cellphones.com.vn/tai-nghe-samsung-galaxy-buds-4.html,Tai nghe Samsung Galaxy Buds 4,4.990.000đ,4990000,Samsung Chính hãng,,0,0,0,,24,4.6
cellphones,https://cellphones.com.vn/tai-nghe-chup-tai-logitech-g335.html,Tai nghe chụp tai có dây Gaming Logitech G335,5.000.000đ,5000000,Logitech,over-ear,1,0,1,3.5mm,,240.0
cellphones,https://cellphones.com.vn/tai-nghe-chup-tai-logitech-h540.html,Tai nghe chụp tai có dây Logitech H540 USB,5.000.000đ,5000000,Logitech,over-ear,0,0,0,tai nghe Logitech,,
cellphones,https://cellphones.com.vn/tai-nghe-chup-tai-sennheiser-hd-599.html,Tai nghe chụp tai Sennheiser HD 599,5.000.000đ,5000000,Sennheiser,over-ear,0,0,1,3.5mm,,250.0
cellphones,https://cellphones.com.vn/tai-nghe-chup-tai-sennheiser-hd-560s.html,Tai nghe chụp tai Sennheiser HD 560S,5.000.000đ,5000000,Sennheiser,over-ear,0,0,1,3.5mm,,280.0
cellphones,https://cellphones.com.vn/tai-nghe-chup-tai-jbl-v310gabt.html,Tai nghe chụp tai JBL V310GABT chống ồn,4.650.000đ,4650000,JBL,over-ear,0,0,0,,610,
cellphones,https://cellphones.com.vn/tai-nghe-chup-tai-nokia-whp-101.html,Tai nghe chụp tai Nokia WHP-101,650.000đ,650000,Nokia,over-ear,0,0,1,10 m,60,188.0
cellphones,https://cellphones.com.vn/tai-nghe-chup-tai-rapoo-h120.html,Tai nghe chụp tai Rapoo H120,390.000đ,390000,Rapoo,over-ear,0,0,0,,,
cellphones,https://cellphones.com.vn/tai-nghe-chup-tai-gaming-havit-h2012d.html,Tai nghe chụp tai Gaming Havit H2012D RGB,590.000đ,590000,Havit,over-ear,1,0,1,3.5mm,,
cellphones,https://cellphones.com.vn/tai-nghe-chup-tai-sennheiser-hd-206-wired.html,Tai nghe chụp tai Sennheiser HD 206,669.000đ,669000,Sennheiser,over-ear,0,0,0,3.5mm,,215.0
cellphones,https://cellphones.com.vn/tai-nghe-chup-tai-rapoo-vh520c.html,Tai nghe chụp tai Gaming Rapoo VH520C,599.000đ,599000,Rapoo,over-ear,1,0,0,3.5mm,,
cellphones,https://cellphones.com.vn/tai-nghe-khong-day-jbl-sense-pro.html,Tai nghe Bluetooth thể thao JBL Sense Pro,3.990.000đ,3990000,JBL,,0,1,1,JBL Headphone,38,11.6
cellphones,https://cellphones.com.vn/tai-nghe-co-day-dareu-eh722x-pro.html,Tai nghe chụp tai Gaming DareU EH722X Pro,580.000đ,580000,DAREU,over-ear,1,0,1,Có dây,,10.0
cellphones,https://cellphones.com.vn/tai-nghe-chup-tai-logitech-h150.html,Tai nghe chụp tai Logitech H150,290.000đ,290000,Logitech,over-ear,0,0,1,3.5mm,,
cellphones,https://cellphones.com.vn/tai-nghe-chup-tai-mpow-bh439a.html,Tai nghe chụp tai Mpow Air SE Gaming BH439A,890.000đ,890000,Hãng khác,over-ear,1,0,0,,,
cellphones,https://cellphones.com.vn/tai-nghe-chup-tai-havit-h2238d.html,Tai nghe chụp tai Havit H2238D,250.000đ,250000,Havit,over-ear,0,0,0,3.5mm,,
cellphones,https://cellphones.com.vn/tai-nghe-chup-tai-motorola-moto-xt120.html,Tai nghe chụp tai Motorola Moto XT120,350.000đ,350000,Hãng khác,over-ear,0,0,1,3.5mm,,262.0
cellphones,https://cellphones.com.vn/tai-nghe-chup-tai-sennheiser-hd-559.html,Tai nghe chụp tai Sennheiser HD 559,5.000.000đ,5000000,Sennheiser,over-ear,0,0,1,Có dây,,260.0
cellphones,https://cellphones.com.vn/tai-nghe-dareu-eh745x.html,Tai nghe chụp tai DareU EH745X,5.000.000đ,5000000,DAREU,over-ear,0,0,1,,,10.0
cellphones,https://cellphones.com.vn/tai-nghe-gaming-havit-h2038u.html,Tai nghe chụp tai có dây Gaming Havit H2038U,5.000.000đ,5000000,Havit,over-ear,1,0,1,"Trang bị đèn RGB sống động thêm nét cá tính, phong cách cho dàn máy chơi game của bạn",,
cellphones,https://cellphones.com.vn/tai-nghe-dareu-vh350se.html,Tai nghe chụp tai DareU VH350se,5.000.000đ,5000000,DAREU,over-ear,0,0,1,"Dây của thiết bị dài đến 2.4m, tai nghe này cho phép bạn di chuyển thoải mái trong phòng mà không bị giới hạn. Từ đó, Dareu VH350SE sẽ dễ dàng kết nối với các thiết bị từ xa để mang lại trải nghiệm sử dụng thoải mái hơn.",,10.0
cellphones,https://cellphones.com.vn/tai-nghe-gaming-havit-h2230d.html,Tai nghe chụp tai có dây Gaming Havit H2230D,5.000.000đ,5000000,Havit,over-ear,1,0,1,3.5mm,,
cellphones,https://cellphones.com.vn/tai-nghe-chup-tai-beats-solo-pro.html,Tai nghe Bluetooth chụp tai Beats Solo Pro chống ồn,7.490.000đ,7490000,Beats by Dr. Dre,over-ear,0,1,0,,40,
cellphones,https://cellphones.com.vn/tai-nghe-gaming-dareu-eh722x.html,Tai nghe chụp tai Gaming DareU EH722X,590.000đ,590000,DAREU,over-ear,1,0,1,3.5mm,,
cellphones,https://cellphones.com.vn/tai-nghe-chup-tai-dareu-eh416.html,Tai nghe chụp tai Dareu EH416,360.000đ,360000,DAREU,over-ear,0,0,1,,,10.0
cellphones,https://cellphones.com.vn/tai-nghe-chup-tai-jbl-tune-510bt.html,Tai nghe Bluetooth chụp tai JBL Tune 510BT,1.390.000đ,1390000,JBL,over-ear,0,1,1,10 m,40,
cellphones,https://cellphones.com.vn/tai-nghe-chup-tai-co-day-razer-blackshark-v2-x-usb.html,Tai nghe chụp tai Razer BlackShark V2 X USB,1.090.000đ,1090000,Razer,over-ear,0,0,1,,,240.0
cellphones,https://cellphones.com.vn/tai-nghe-chup-tai-edifier-wh700nb-plus.html,Tai nghe Bluetooth chụp tai Edifier WH700NB Plus,5.000.000đ,5000000,Edifier,over-ear,0,1,1,Edifier Connect,68,271.0
cellphones,https://cellphones.com.vn/tai-nghe-khong-day-jbl-wave-buds-2.html,Tai nghe không dây JBL Wave Buds 2,1.690.000đ,1690000,JBL,,0,0,0,,40,4.5
cellphones,https://cellphones.com.vn/tai-nghe-chup-tai-baseus-bowie-h1i.html,Tai nghe Bluetooth chụp tai Baseus Bowie H1i,750.000đ,750000,Baseus,over-ear,0,1,0,3.5mm,30,226.0
cellphones,https://cellphones.com.vn/tai-nghe-khong-day-gaming-chup-tai-logitech-g321.html,Tai nghe không dây gaming chụp tai Logitech G321,1.699.000đ,1699000,Logitech,over-ear,1,0,0,Type C,20,210.0
cellphones,https://cellphones.com.vn/tai-nghe-chup-tai-sennheiser-hd-650.html,Tai nghe chụp tai Sennheiser HD 650,10.490.000đ,10490000,Sennheiser,over-ear,0,0,0,3.5mm,,260.0
cellphones,https://cellphones.com.vn/tai-nghe-chup-tai-rapoo-vh160.html,Tai nghe chụp tai Rapoo VH160,490.000đ,490000,Rapoo,over-ear,0,0,0,Tích hợp đèn Led RGB sống động 2 bên tai,,
cellphones,https://cellphones.com.vn/tai-nghe-chup-tai-logitech-h110.html,Tai nghe chụp tai Logitech H110,250.000đ,250000,Logitech,over-ear,0,0,1,3.5mm,,
cellphones,https://cellphones.com.vn/tai-nghe-chup-tai-sennheiser-hd620s.html,Tai nghe chụp tai Sennheiser HD620S,7.990.000đ,7990000,Sennheiser,over-ear,0,0,1,Dây cáp dài: 1.8m,,
cellphones,https://cellphones.com.vn/tai-nghe-gaming-dareu-eh469.html,Tai nghe chụp tai Gaming DareU EH469,390.000đ,390000,DAREU,over-ear,1,0,1,,,
cellphones,https://cellphones.com.vn/tai-nghe-gaming-dareu-eh925.html,Tai nghe chụp tai Gaming có dây DareU EH925,890.000đ,890000,DAREU,over-ear,1,0,1,USB,,300.0
cellphones,https://cellphones.com.vn/tai-nghe-chup-tai-sennheiser-hd-450bt.html,Tai nghe Bluetooth chụp tai Sennheiser HD 450BT,5.000.000đ,5000000,Sennheiser,over-ear,0,1,0,3.5mm,30,238.0
cellphones,https://cellphones.com.vn/tai-nghe-co-day-dareu-eh925l.html,Tai nghe chụp tai Gaming DareU EH925L,850.000đ,850000,DAREU,over-ear,1,0,1,Có dây,,10.0
cellphones,https://cellphones.com.vn/tai-nghe-chup-tai-jbl-tour-one-m2.html,Tai nghe Bluetooth chụp tai JBL Tour One M2,5.690.000đ,5690000,JBL,over-ear,0,1,0,10 m (Bluetooth),50,
cellphones,https://cellphones.com.vn/tai-nghe-chup-tai-sony-wh-1000xm4.html,Tai nghe Bluetooth chụp tai Sony WH-1000XM4,4.990.000đ,4990000,Sony,over-ear,0,1,0,3.5mm,30,254.0
cellphones,https://cellphones.com.vn/tai-nghe-chup-tai-razer-barracuda-pro.html,Tai nghe chụp tai Razer Barracuda Pro,5.000.000đ,5000000,Razer,over-ear,0,0,1,,40,300.0
cellphones,https://cellphones.com.vn/tai-nghe-chup-tai-razer-opus.html,Tai nghe chụp tai Razer Opus,5.000.000đ,5000000,Razer,over-ear,0,0,1,,25,265.0
cellphones,https://cellphones.com.vn/tai-nghe-chup-tai-razer-kraken-v3-hypersense.html,Tai nghe chụp tai Razer Kraken V3 HyperSense,5.000.000đ,5000000,Razer,over-ear,0,0,1,,,344.0
cellphones,https://cellphones.com.vn/tai-nghe-chup-tai-logitech-rgb-g733.html,Tai nghe Bluetooth chụp tai Gaming Logitech RGB G733,5.000.000đ,5000000,Logitech,over-ear,1,1,1,20m,29,278.0
cellphones,https://cellphones.com.vn/tai-nghe-bluetooth-xiaomi-redmi-buds-6-active.html,Tai nghe Bluetooth True Wireless Xiaomi Redmi Buds 6 Active,590.000đ,590000,Xiaomi,,0,1,1,10m,475,4.0
cellphones,https://cellphones.com.vn/tai-nghe-chup-tai-gaming-asus-cerberus-v2.html,Tai nghe chụp tai Gaming Asus Ceberus V2,1.090.000đ,1090000,ASUS,over-ear,1,0,0,3.5mm,,
cellphones,https://cellphones.com.vn/tai-nghe-chup-tai-motorola-pulse-bass-200.html,Tai nghe chụp tai Motorola Pulse Bass 200 (Có dây),420.000đ,420000,Hãng khác,over-ear,0,0,1,3.5mm,,242.0
cellphones,https://cellphones.com.vn/tai-nghe-chup-tai-sennheiser-hd-458bt.html,Tai nghe chụp tai Sennheiser HD 458T,5.599.000đ,5599000,Sennheiser,over-ear,0,0,0,,30,238.0
cellphones,https://cellphones.com.vn/tai-nghe-chup-tai-cowin-e7.html,Tai nghe chụp tai Bluetooth chống ồn chủ động Cowin E7,1.900.000đ,1900000,Cowin,over-ear,0,1,0,Bluetooth,600,
cellphones,https://cellphones.com.vn/tai-nghe-chup-tai-gaming-logitech-g331.html,Tai nghe chụp tai Logitech G331,1.699.000đ,1699000,Logitech,over-ear,0,0,0,3.5mm,,259.0
cellphones,https://cellphones.com.vn/tai-nghe-khong-day-anker-soundcore-r50i-nc.html,Tai nghe Bluetooth True Wireless Anker Soundcore R50I NC,480.000đ,480000,Anker,,0,1,0,,10,5.0
cellphones,https://cellphones.com.vn/tai-nghe-chup-tai-sennheiser-hd-400s.html,Tai nghe chụp tai Sennheiser HD 400S,1.190.000đ,1190000,Sennheiser,over-ear,0,0,1,3.5mm,,217.0
cellphones,https://cellphones.com.vn/tai-nghe-chup-tai-gaming-sony-inzone-h7.html,Tai nghe chụp tai Gaming Sony Inzone H7,3.990.000đ,3990000,Sony,over-ear,1,0,1,10 m,40,325.0
cellphones,https://cellphones.com.vn/tai-nghe-jbl-quantum-400.html,Tai nghe chụp tai Gaming JBL Quantum 400,2.490.000đ,2490000,JBL,over-ear,1,0,1,JBL QuantumENGINE,,274.0
cellphones,https://cellphones.com.vn/tai-nghe-bluetooth-xiaomi-redmi-buds-6-play.html,Tai nghe Bluetooth True Wireless Xiaomi Redmi Buds 6 Play,340.000đ,340000,Xiaomi,,0,1,1,10m,600,5.3
cellphones,https://cellphones.com.vn/tai-nghe-khong-day-jbl-live-pro-2.html,Tai nghe Bluetooth True Wireless JBL Live Pro 2,3.990.000đ,3990000,JBL,,0,1,1,10m,30,4.8
cellphones,https://cellphones.com.vn/tai-nghe-chup-tai-cowin-e7-max-bluetooth-chong-on.html,Tai nghe chụp tai Bluetooth Cowin E7 Max chống ồn,1.900.000đ,1900000,Cowin,over-ear,0,1,0,,750,385.0
cellphones,https://cellphones.com.vn/tai-nghe-gaming-havit-h2016d.html,Tai nghe chụp tai có dây Gaming Havit H2016D,450.000đ,450000,Havit,over-ear,1,0,1,,,
cellphones,https://cellphones.com.vn/tai-nghe-chup-tai-sennheiser-accentum-plus.html,Tai nghe Bluetooth chụp tai Sennheiser ACCENTUM Plus,5.000.000đ,5000000,Sennheiser,over-ear,0,1,1,Sennheiser Smart Control,50,222.0
cellphones,https://cellphones.com.vn/tai-nghe-gaming-havit-h2008d.html,Tai nghe chụp tai có dây Gaming Havit H2008D,740.000đ,740000,Havit,over-ear,1,0,1,3.5mm,,
cellphones,https://cellphones.com.vn/tai-nghe-chup-tai-baseus-h1-pro.html,Tai nghe Bluetooth chụp tai Baseus H1 Pro,1.190.000đ,1190000,Baseus,over-ear,0,1,1,Baseus,80,265.0
cellphones,https://cellphones.com.vn/tai-nghe-khong-day-jbl-tune-buds-2.html,Tai nghe Bluetooth True Wireless JBL Tune Buds 2,2.690.000đ,2690000,JBL,,0,1,1,10m,36,5.5
cellphones,https://cellphones.com.vn/tai-nghe-khong-day-anker-soundcore-r50i-a3949.html,Tai nghe Bluetooth True Wireless Anker Soundcore R50i A3949,525.000đ,525000,Anker,,0,1,1,10m,30,45.36
cellphones,https://cellphones.com.vn/tai-nghe-bluetooth-bose-quietcomfort-ultra-earbuds-2.html,Tai nghe Bluetooth True Wireless Bose Quietcomfort Ultra Earbuds 2,7.490.000đ,7490000,Bose,in-ear,0,1,1,Ứng dụng Bose,6,6.0
cellphones,https://cellphones.com.vn/tai-nghe-khong-day-jbl-wave-beam.html,Tai nghe Bluetooth True Wireless JBL Wave Beam,1.490.000đ,1490000,JBL,,0,1,1,10m,24,8.8
cellphones,https://cellphones.com.vn/tai-nghe-gaming-co-day-dareu-eh406.html,Tai nghe chụp tai Gaming có dây DareU EH406,219.000đ,219000,DAREU,over-ear,1,0,1,Dây cáp dài: 2m,,280.0
cellphones,https://cellphones.com.vn/tai-nghe-chong-on-jbl-t600btnc.html,Tai nghe chụp tai JBL T600BTNC,1.800.000đ,1800000,JBL,over-ear,0,0,0,,,
cellphones,https://cellphones.com.vn/tai-nghe-samsung-galaxy-buds-3-pro.html,Tai nghe Bluetooth True Wireless Samsung Galaxy Buds 3 Pro,5.400.000đ,5400000,Samsung Chính hãng,,0,1,1,10m,515,5.4
cellphones,https://cellphones.com.vn/tai-nghe-khong-day-huawei-freebuds-se-2.html,Tai nghe Bluetooth True Wireless Huawei FreeBuds SE 2,790.000đ,790000,Huawei,,0,1,1,10m,510,
cellphones,https://cellphones.com.vn/tai-nghe-bluetooth-samsung-galaxy-buds-core.html,Tai nghe Bluetooth Samsung Galaxy Buds Core (ANC),1.190.000đ,1190000,Samsung Chính hãng,,0,1,0,Type C,8,5.3
cellphones,https://cellphones.com.vn/tai-nghe-bluetooth-marshall-minor-4.html,Tai nghe Bluetooth True Wireless Marshall Minor IV,3.390.000đ,3390000,Marshall,,0,1,1,Marshall Bluetooth,30,7.39
cellphones,https://cellphones.com.vn/tai-nghe-bluetooth-true-wireless-huawei-freebuds-se-4.html,Tai nghe Bluetooth True Wireless Huawei Freebuds SE 4 (ANC),990.000đ,990000,Huawei,,0,1,1,Không dây,50,4.3
cellphones,https://cellphones.com.vn/tai-nghe-khong-day-xiaomi-redmi-buds-6.html,Tai nghe không dây Xiaomi Redmi Buds 6,1.490.000đ,1490000,Xiaomi,,0,0,0,10m,475,5.0
cellphones,https://cellphones.com.vn/tai-nghe-bluetooth-chup-tai-akg-y500.html,Tai nghe Bluetooth chụp tai AKG Y500,3.990.000đ,3990000,Hãng khác,over-ear,0,1,0,,900,230.0
cellphones,https://cellphones.com.vn/tai-nghe-chup-tai-sony-wh-xb910n.html,Tai nghe chụp tai WH-XB910N,4.590.000đ,4590000,Sony,over-ear,0,0,0,2 thiết bị,30,252.0
cellphones,https://cellphones.com.vn/tai-nghe-chup-tai-jbl-junior-320bt.html,Tai nghe Bluetooth chụp tai JBL Junior 320BT,5.000.000đ,5000000,JBL,over-ear,0,1,0,,,
cellphones,https://cellphones.com.vn/tai-nghe-khong-day-sony-wf-1000xm5.html,Tai nghe Bluetooth True Wireless Sony WF-1000XM5,6.990.000đ,6990000,Sony,,0,1,1,10m,12,5.9
cellphones,https://cellphones.com.vn/tai-nghe-chup-tai-logitech-zone-vibe-100.html,Tai nghe Bluetooth chụp tai Gaming Logitech Zone Vibe 100,5.000.000đ,5000000,Logitech,over-ear,1,1,1,30m,20,185.0
cellphones,https://cellphones.com.vn/tai-nghe-khong-day-jbl-tune-beam-2.html,Tai nghe không dây JBL Tune Beam 2,2.345.000đ,2345000,JBL,,0,0,0,10 m,590,5.2
cellphones,https://cellphones.com.vn/tai-nghe-bluetooth-samsung-galaxy-buds-3-pro-kich-hoat-online.html,Tai nghe Bluetooth Samsung Galaxy Buds 3 Pro - Đã kích hoạt online - Hàng mới nguyên seal,5.400.000đ,5400000,Samsung Chính hãng,,0,1,1,10m,515,5.4
cellphones,https://cellphones.com.vn/tai-nghe-khong-day-xiaomi-redmi-buds-6-pro.html,Tai nghe không dây Xiaomi Redmi Buds 6 Pro,2.490.000đ,2490000,Xiaomi,,0,0,0,,9,5.2
cellphones,https://cellphones.com.vn/tai-nghe-khong-day-jbl-wave-flex.html,Tai nghe Bluetooth True Wireless JBL Wave Flex,5.000.000đ,5000000,JBL,,0,1,1,10m,24,7.6
cellphones,https://cellphones.com.vn/tai-nghe-bluetooth-sony-wf-c510.html,Tai nghe Bluetooth True Wireless Sony WF-C510,1.690.000đ,1690000,Sony,,0,1,0,,11,
cellphones,https://cellphones.com.vn/tai-nghe-khong-day-chup-tai-soundpeats-space-3-pro.html,Tai nghe Bluetooth chụp tai SoundPEATS Space 3 Pro,5.000.000đ,5000000,Soundpeats,over-ear,0,1,0,,,
cellphones,https://cellphones.com.vn/tai-nghe-bluetooth-true-wireless-baseus-bass-bs-2-lite.html,Tai nghe Bluetooth True Wireless Baseus Bass BS2 Lite,390.000đ,390000,Baseus,,0,1,0,,6,
cellphones,https://cellphones.com.vn/tai-nghe-bluetooth-soundpeats-t3-pro.html,Tai nghe Bluetooth True Wireless SoundPeats T3 Pro (ANC),500.000đ,500000,Soundpeats,,0,1,1,Soundpeats,450,140.0
cellphones,https://cellphones.com.vn/tai-nghe-khong-day-beats-solo-buds.html,Tai nghe Bluetooth True Wireless Beats Solo Buds,1.990.000đ,1990000,Apple Chính hãng,,0,1,0,,,
cellphones,https://cellphones.com.vn/tai-nghe-chup-tai-jbl-live-460nc.html,Tai nghe Bluetooth chụp tai JBL Tune 460NC,2.990.000đ,2990000,JBL,over-ear,0,1,1,3.5mm,50,210.0
cellphones,https://cellphones.com.vn/tai-nghe-bluetooth-anker-soundcore-liberty-4.html,Tai nghe không dây chống ồn Anker Soundcore Liberty 4 NC (A3947),2.390.000đ,2390000,Anker,,0,0,0,,10,
cellphones,https://cellphones.com.vn/tai-nghe-chup-tai-sennheiser-hd-600.html,Tai nghe chụp tai Sennheiser HD 600,7.990.000đ,7990000,Sennheiser,over-ear,0,0,0,3.5mm,,260.0
cellphones,https://cellphones.com.vn/tai-nghe-gaming-co-day-hyperx-cloud-alpha-2.html,Tai nghe chụp tai Gaming HyperX Cloud Alpha 2,5.000.000đ,5000000,HyperX,over-ear,1,0,1,20 m,120,345.0
cellphones,https://cellphones.com.vn/tai-nghe-bose-quietcomfort-earbuds.html,Tai nghe bluetooth Bose Quietcomfort Earbuds,4.400.000đ,4400000,Hãng khác,in-ear,0,1,0,9m,31,8.5
cellphones,https://cellphones.com.vn/tai-nghe-khong-day-jbl-wave-beam-2.html,Tai nghe Bluetooth True Wireless JBL Wave Beam 2,1.360.000đ,1360000,JBL,,0,1,0,,10,4.3
cellphones,https://cellphones.com.vn/tai-nghe-bluetooth-edifier-t10.html,Tai nghe Bluetooth True Wireless Edifier T10,490.000đ,490000,Edifier,,0,1,1,10m,350,41.0
cellphones,https://cellphones.com.vn/tai-nghe-chup-tai-ugreen-hitune-max-5c.html,Tai nghe Bluetooth chụp tai Ugreen Hitune Max 5C - HP203,690.000đ,690000,Ugreen,over-ear,0,1,0,Type C,45,
cellphones,https://cellphones.com.vn/tai-nghe-khong-day-sony-wf-c710n.html,Tai nghe Bluetooth True Wireless Sony WF-C710N,2.490.000đ,2490000,Sony,,0,1,0,,8,5.2
cellphones,https://cellphones.com.vn/tai-nghe-chup-tai-asus-rog-delta-gen-2.html,Tai nghe chụp tai ASUS ROG Delta Gen II,4.890.000đ,4890000,ASUS,over-ear,0,0,1,Armoury Crate,1800,318.0
cellphones,https://cellphones.com.vn/tai-nghe-chup-tai-logitech-zone-300.html,Tai nghe Bluetooth chụp tai Gaming Logitech ZONE 300,5.000.000đ,5000000,Logitech,over-ear,1,1,1,30m,20,122.0
cellphones,https://cellphones.com.vn/tai-nghe-bluetooth-jbl-tune-beam.html,Tai nghe Bluetooth True Wireless JBL Tune Beam,2.490.000đ,2490000,JBL,,0,1,1,10m,36,5.0
cellphones,https://cellphones.com.vn/tai-nghe-bluetooth-jbl-tour-pro-3.html,Tai nghe Bluetooth True Wireless JBL Tour Pro 3,5.880.000đ,5880000,JBL,,0,1,0,Không dây,850,71.8
cellphones,https://cellphones.com.vn/tai-nghe-co-day-dareu-eh930.html,Tai nghe chụp tai Gaming DareU EH930,930.000đ,930000,DAREU,over-ear,1,0,1,Có dây,,10.0
cellphones,https://cellphones.com.vn/tai-nghe-khong-day-anker-soundcore-liberty-5.html,Tai nghe Bluetooth True Wireless Anker Soundcore Liberty 5 (A3957),2.290.000đ,2290000,Anker,,0,1,0,Soundcore,36,4.6
cellphones,https://cellphones.com.vn/tai-nghe-khong-day-soundpeats-air-4-pro.html,Tai nghe Bluetooth True Wireless SoundPEATS Air4 Pro,1.380.000đ,1380000,Soundpeats,,0,1,1,10 m,330,
cellphones,https://cellphones.com.vn/tai-nghe-chup-tai-beats-studio-pro.html,Tai nghe Bluetooth chụp tai Beats Studio Pro,5.000.000đ,5000000,Hãng khác,over-ear,0,1,0,10 m,40,
cellphones,https://cellphones.com.vn/tai-nghe-gaming-khong-day-hyperx-cloud-3-s-wireless.html,Tai nghe chụp tai Gaming Hyperx Cloud 3 S Wireless,5.000.000đ,5000000,HyperX,over-ear,1,1,1,20 m,120,
cellphones,https://cellphones.com.vn/tai-nghe-bluetooth-soundpeats-h3.html,Tai nghe Bluetooth True Wireless SoundPEATS H3,2.990.000đ,2990000,Soundpeats,,0,1,1,PeatsAudio,400,6.13
cellphones,https://cellphones.com.vn/tai-nghe-bluetooth-baseus-bowie-e17.html,Tai nghe Bluetooth True Wireless Baseus Bowie E17,490.000đ,490000,Baseus,,0,1,1,,430,25.0
cellphones,https://cellphones.com.vn/tai-nghe-khong-day-soundpeats-air-5.html,Tai nghe Bluetooth True Wireless SoundPeats Air 5,2.190.000đ,2190000,Soundpeats,,0,1,1,Soundpeats,400,147.25
cellphones,https://cellphones.com.vn/tai-nghe-khong-day-soundpeats-capsule-3-pro-plus.html,Tai nghe Bluetooth True Wireless SoundPEATS Capsule 3 Pro Plus,2.190.000đ,2190000,Soundpeats,,0,1,1,10m,330,111.0
cellphones,https://cellphones.com.vn/tai-nghe-khong-day-soundpeats-air-5-pro.html,Tai nghe Bluetooth True Wireless SoundPEATS Air 5 Pro,2.290.000đ,2290000,Soundpeats,,0,1,0,,7,4.8
cellphones,https://cellphones.com.vn/tai-nghe-khong-day-huawei-freebuds-6i.html,Tai nghe Bluetooth True Wireless Huawei Freebuds 6i,1.990.000đ,1990000,Huawei,,0,1,1,10m,510,0.3
cellphones,https://cellphones.com.vn/tai-nghe-khong-day-qcy-airlybuds-lite.html,Tai nghe Bluetooth True Wireless QCY Ailybuds Lite (T29),450.000đ,450000,QCY,,0,1,1,10m,350,3.9
cellphones,https://cellphones.com.vn/tai-nghe-bluetooth-true-wireless-huawei-freebuds-7i.html,Tai nghe Bluetooth True Wireless Huawei Freebuds 7i,1.990.000đ,1990000,Huawei,,0,1,1,10 m,510,5.4
cellphones,https://cellphones.com.vn/tai-nghe-bluetooth-sennheiser-accentum-open.html,Tai nghe Bluetooth True Wireless Sennheiser Accentum Open,2.690.000đ,2690000,Sennheiser,,0,1,0,Sennheiser,400,4.35
cellphones,https://cellphones.com.vn/tai-nghe-bluetooth-true-wireless-havit-tw907-se.html,Tai nghe Bluetooth True Wireless Havit TW907 SE,590.000đ,590000,Havit,,0,1,1,10 m,300,5.0
cellphones,https://cellphones.com.vn/tai-nghe-bluetooth-true-wireless-oppo-enco-buds-3.html,Tai nghe Bluetooth True Wireless OPPO Enco Buds3,890.000đ,890000,OPPO,,0,1,1,10m,530,3.8
cellphones,https://cellphones.com.vn/tai-nghe-bluetooth-sony-wi-c100.html,Tai nghe Bluetooth Sony WI-C100,650.000đ,650000,Sony,,0,1,0,USB,25,20.0
cellphones,https://cellphones.com.vn/tai-nghe-bluetooth-true-wireless-oppo-enco-buds-3-pro.html,Tai nghe Bluetooth True Wireless OPPO Enco Buds3 Pro,970.000đ,970000,OPPO,,0,1,1,10 m,560,4.3
cellphones,https://cellphones.com.vn/tai-nghe-bluetooth-powerbeat-pro.html,Tai nghe Bluetooth PowerBeats Pro,5.990.000đ,5990000,Apple Chính hãng,,0,1,1,1,24,20.3
cellphones,https://cellphones.com.vn/tai-nghe-khong-day-soundpeats-air-4.html,Tai nghe Bluetooth True Wireless SoundPEATS Air 4,1.590.000đ,1590000,Soundpeats,,0,1,1,10m,330,4.0
cellphones,https://cellphones.com.vn/tai-nghe-khong-day-huawei-freebuds-5.html,Tai nghe Bluetooth True Wireless Huawei Freebuds 5,3.090.000đ,3090000,Huawei,,0,1,1,,30,5.4
cellphones,https://cellphones.com.vn/tai-nghe-bluetooth-soundpeats-free-2-classic.html,Tai nghe Bluetooth True Wireless SoundPEATS Free2 Classic,690.000đ,690000,Soundpeats,,0,1,1,10 m,24,4.06
cellphones,https://cellphones.com.vn/tai-nghe-bluetooth-soundpeats-clear-pods.html,Tai nghe Bluetooth Soundpeats Clear Pods,790.000đ,790000,Soundpeats,,0,1,1,Peats Audio,400,44.0
cellphones,https://cellphones.com.vn/tai-nghe-bluetooth-nothing-ear-a.html,Tai nghe Bluetooth Nothing Ear (a),2.700.000đ,2700000,Nothing,,0,1,0,Nothing X,500,4.8
cellphones,https://cellphones.com.vn/tai-nghe-khong-day-realme-buds-t300.html,Tai nghe Bluetooth True Wireless realme Buds T300,790.000đ,790000,Realme,,0,1,1,10m,40,4.1
cellphones,https://cellphones.com.vn/tai-nghe-bluetooth-havit-life-04t-tw888.html,Tai nghe Bluetooth True Wireless Havit LIFE 04T TW888,280.000đ,280000,Havit,,0,1,1,10 m,400,
cellphones,https://cellphones.com.vn/tai-nghe-bluetooth-edifier-w110t.html,Tai nghe Bluetooth Edifier W110T,490.000đ,490000,Edifier,,0,1,0,Edifier Connect,26,3.6
cellphones,https://cellphones.com.vn/tai-nghe-the-thao-xiaomi-openwear-stereo-pro.html,Tai nghe Bluetooth thể thao Xiaomi OpenWear Stereo Pro,4.990.000đ,4990000,Xiaomi,,0,1,1,10m,700,9.7
cellphones,https://cellphones.com.vn/tai-nghe-khong-day-soundpeats-clip-1.html,Tai nghe Bluetooth thể thao SoundPEATS Clip 1,1.590.000đ,1590000,Soundpeats,,0,1,1,10 m,32,5.0
cellphones,https://cellphones.com.vn/tai-nghe-bluetooth-edifier-x3-lite.html,Tai nghe Bluetooth True Wireless Edifier X3 Lite,650.000đ,650000,Edifier,,0,1,1,10m,200,4.0
cellphones,https://cellphones.com.vn/tai-nghe-chup-tai-edifier-wh700nb-pro.html,Tai nghe Bluetooth Edifier WH700NB Pro,1.399.000đ,1399000,Edifier,,0,1,1,10m,500,270.0
cellphones,https://cellphones.com.vn/tai-nghe-the-thao-anker-soundcore-aeroclip.html,Tai nghe Bluetooth thể thao Anker Soundcore Aeroclip (A3288),3.000.000đ,3000000,Anker,,0,1,0,,,
cellphones,https://cellphones.com.vn/tai-nghe-bluetooth-soundpeats-life.html,Tai nghe Bluetooth True Wireless SoundPEATS Life,1.390.000đ,1390000,Soundpeats,,0,1,1,10m,25,
cellphones,https://cellphones.com.vn/tai-nghe-bluetooth-havit-tw991-pro-anc.html,Tai nghe Bluetooth True Wireless Havit TW991 Pro (ANC),690.000đ,690000,Havit,,0,1,0,,7,
cellphones,https://cellphones.com.vn/tai-nghe-bluetooth-havit-owsfit-02a.html,Tai nghe Bluetooth thể thao Havit OWSFIT 02A,776.000đ,776000,Havit,,0,1,1,Không dây,64,7.9
cellphones,https://cellphones.com.vn/tai-nghe-bluetooth-baseus-bowie-e20s.html,Tai nghe Bluetooth True Wireless Baseus Bowie E20s,350.000đ,350000,Baseus,,0,1,1,10m,32,4.1
cellphones,https://cellphones.com.vn/tai-nghe-bluetooth-soundpeats-clear-dot.html,Tai nghe Bluetooth True Wireless SoundPeats Clear Dot,790.000đ,790000,Soundpeats,,0,1,1,PeatsAudio,27,
cellphones,https://cellphones.com.vn/tai-nghe-bluetooth-havit-tw917-pro.html,Tai nghe Bluetooth True Wireless Havit TW917 Pro,650.000đ,650000,Havit,,0,1,1,10m,380,3.8
cellphones,https://cellphones.com.vn/tai-nghe-bluetooth-havit-tw981.html,Tai nghe Bluetooth True Wireless Havit TW981,240.000đ,240000,Havit,,0,1,1,10m,5,3.68
cellphones,https://cellphones.com.vn/tai-nghe-khong-day-soundpeats-air-5-pro-plus.html,Tai nghe Bluetooth True Wireless SoundPEATS Air 5 Pro+,2.590.000đ,2590000,Soundpeats,,0,1,0,Type C,30,5.04
cellphones,https://cellphones.com.vn/tai-nghe-khong-day-soundpeats-opera-05.html,Tai nghe Bluetooth True Wireless SoundPEATS Opera 05,2.190.000đ,2190000,Soundpeats,,0,1,1,10m,300,7.3
cellphones,https://cellphones.com.vn/tai-nghe-khong-day-sony-float-run.html,Tai nghe Bluetooth thể thao Sony Float Run WI-OE610,2.490.000đ,2490000,Sony,,0,1,1,10 m,10,33.0
cellphones,https://cellphones.com.vn/tai-nghe-bluetooth-earfun-clip-anc.html,Tai nghe Bluetooth Open Ear Earfun Clip,1.990.001đ,1990001,EarFun,,0,1,0,Type C,40,49.2
cellphones,https://cellphones.com.vn/tai-nghe-bluetooth-nothing-ear.html,Tai nghe Bluetooth Nothing Ear,6.200.000đ,6200000,Hãng khác,,0,1,0,Nothing X,500,4.62
cellphones,https://cellphones.com.vn/tai-nghe-bluetooth-earfun-air-pro-3.html,Tai nghe Bluetooth True Wireless EarFun Air Pro 3,2.390.000đ,2390000,EarFun,,0,1,1,15m,36,52.0
cellphones,https://cellphones.com.vn/tai-nghe-bluetooth-oppo-enco-air-3i.html,Tai nghe Bluetooth True Wireless OPPO Enco Air3i,1.090.000đ,1090000,OPPO,,0,1,1,10m,35,3.7
cellphones,https://cellphones.com.vn/tai-nghe-khong-day-jbl-soundgear-sense.html,Tai nghe Bluetooth thể thao JBL Soundgear Sense,3.990.000đ,3990000,JBL,,0,1,1,10 m,18,13.1
cellphones,https://cellphones.com.vn/tai-nghe-bluetooth-sennheiser-accentum-true-wireless.html,Tai nghe Bluetooth chống ồn SENNHEISER Accentum True Wireless,5.990.000đ,5990000,Sennheiser,,0,1,1,10 m,20,
cellphones,https://cellphones.com.vn/tai-nghe-bluetooth-earfun-air-2.html,Tai nghe Bluetooth True Wireless EarFun Air 2,1.190.000đ,1190000,EarFun,,0,1,1,15m,31,45.0
cellphones,https://cellphones.com.vn/tai-nghe-khong-day-edifier-neobuds-pro-2.html,Tai nghe Bluetooth True Wireless Edifier NeoBuds Pro 2,3.150.000đ,3150000,Edifier,,0,1,1,EDIFIER,200,5.6
cellphones,https://cellphones.com.vn/tai-nghe-bluetooth-true-wireless-bowers-wilkins-pi6.html,Tai nghe Bluetooth True Wireless Bowers & Wilkins Pi6,7.755.000đ,7755000,Bowers & Wilkins,,0,1,1,Bowers & Wilkins Music,16,7.0
cellphones,https://cellphones.com.vn/tai-nghe-bluetooth-edifier-neobuds-pro-3.html,Tai nghe Bluetooth True Wireless Edifier NeoBuds Pro 3,3.500.000đ,3500000,Edifier,,0,1,0,EDIFIER,,
cellphones,https://cellphones.com.vn/tai-nghe-chup-tai-earfun-wave-pro.html,Tai nghe Bluetooth True Wireless EarFun Wave Pro,1.990.000đ,1990000,EarFun,,0,1,1,15m,80,268.0
cellphones,https://cellphones.com.vn/tai-nghe-bluetooth-trusmi-ws02.html,Tai nghe Bluetooth True Wireless Trusmi WS02,290.000đ,290000,Trusmi,,0,1,1,10m,200,
cellphones,https://cellphones.com.vn/tai-nghe-khong-day-edifier-lolliclip.html,Tai nghe Bluetooth thể thao Edifier Lolliclip,3.300.000đ,3300000,Edifier,,0,1,1,10m,39,7.0
cellphones,https://cellphones.com.vn/tai-nghe-bluetooth-trusmi-ws09.html,Tai nghe Bluetooth True Wireless Trusmi WS09,500.000đ,500000,Trusmi,,0,1,1,12 mét (trong môi trường tiêu chuẩn),35,
cellphones,https://cellphones.com.vn/tai-nghe-khong-day-nokia-e3500.html,Tai nghe Bluetooth True Wireless Nokia E3500,990.000đ,990000,Nokia,,0,1,1,10 m,25,5.0
cellphones,https://cellphones.com.vn/tai-nghe-bluetooth-riversong-airfly-t1.html,Tai nghe Bluetooth True Wireless Riversong Airfly T1,980.000đ,980000,Hãng khác,,0,1,1,Không dây,30,
cellphones,https://cellphones.com.vn/tai-nghe-bluetooth-alpha-works-curve-100.html,Tai nghe Bluetooth True Wireless Alpha Works Curve 100,390.000đ,390000,Alpha Works,,0,1,0,Type C,16,33.0
cellphones,https://cellphones.com.vn/tai-nghe-khong-day-nakamichi-hue-tulip.html,Tai nghe Bluetooth True Wireless NAKAMICHI Hue-Tulip,590.000đ,590000,Nakamichi,,0,1,1,10m,200,3.5
cellphones,https://cellphones.com.vn/tai-nghe-bluetooth-ugreen-t6.html,Tai nghe Bluetooth True Wireless Ugreen Hitune T6 - WS200,1.290.000đ,1290000,Ugreen,,0,1,1,10m,400,3.6
cellphones,https://cellphones.com.vn/tai-nghe-khong-day-havit-tw929.html,Tai nghe Bluetooth True Wireless Havit TW929,700.000đ,700000,Havit,,0,1,1,10 m,40,
cellphones,https://cellphones.com.vn/tai-nghe-bluetooth-earfun-air-2-nc.html,Tai nghe Bluetooth EarFun Air 2 NC,1.490.000đ,1490000,EarFun,,0,1,1,15 m,400,48.0
cellphones,https://cellphones.com.vn/tai-nghe-bluetooth-baseus-bowie-m2.html,Tai nghe Bluetooth True Wireless Baseus Bowie M2,750.000đ,750000,Baseus,,0,1,1,10m,400,
cellphones,https://cellphones.com.vn/tai-nghe-khong-day-marshall-motif-ii-anc.html,Tai nghe Bluetooth True Wireless Marshall Motif II ANC,5.400.000đ,5400000,Marshall,,0,1,1,10m,43,4.25
cellphones,https://cellphones.com.vn/tai-nghe-bluetooth-true-wireless-havit-tw976.html,Tai nghe Bluetooth True Wireless Havit TW976,280.000đ,280000,Havit,,0,1,1,10m,25,
cellphones,https://cellphones.com.vn/tai-nghe-bluetooth-powerbeats-pro-2.html,Tai nghe Bluetooth Powerbeats Pro 2,6.490.000đ,6490000,Apple Chính hãng,,0,1,1,Không dây,45,8.7
cellphones,https://cellphones.com.vn/tai-nghe-bluetooth-jbl-wave-buds.html,Tai nghe Bluetooth True Wireless JBL Wave Buds,1.490.000đ,1490000,JBL,,0,1,1,10m,32,9.0
cellphones,https://cellphones.com.vn/tai-nghe-khong-day-havit-tw-931.html,Tai nghe Bluetooth True Wireless Havit 931,390.000đ,390000,Havit,,0,1,1,10m,6,5.5
cellphones,https://cellphones.com.vn/tai-nghe-bluetooth-earfun-air-life.html,Tai nghe Bluetooth True Wireless EarFun Air Life,590.000đ,590000,EarFun,,0,1,1,EarFun Audio,35,
cellphones,https://cellphones.com.vn/tai-nghe-bluetooth-jbl-tune-flex.html,Tai nghe Bluetooth True Wireless JBL Tune Flex,1.990.000đ,1990000,JBL,,0,1,0,10m,24,9.6
cellphones,https://cellphones.com.vn/tai-nghe-nhet-tai-soundpeats-c30.html,Tai nghe Bluetooth True Wireless SoundPEATS C30,790.000đ,790000,Soundpeats,,0,1,1,10 m,500,4.6
cellphones,https://cellphones.com.vn/tai-nghe-khong-day-havit-tw982.html,Tai nghe Bluetooth True Wireless Havit 982,410.000đ,410000,Havit,,0,1,1,10m,25,3.9
cellphones,https://cellphones.com.vn/tai-nghe-bluetooth-jbl-live-beam-3.html,Tai nghe Bluetooth True Wireless JBL Live Beam 3,3.915.000đ,3915000,JBL,,0,1,1,JBL Headphones,680,5.0
cellphones,https://cellphones.com.vn/tai-nghe-bluetooth-true-wireless-stargo-s10-pro-anc.html,Tai nghe Bluetooth True Wireless StarGO S10 Pro (ANC),490.000đ,490000,StarGO,,0,1,1,10m,400,
cellphones,https://cellphones.com.vn/tai-nghe-bluetooth-stargo-hero.html,Tai nghe Bluetooth True Wireless StarGO Hero,550.000đ,550000,StarGO,,0,1,1,Không dây,24,
cellphones,https://cellphones.com.vn/tai-nghe-khong-day-rog-cetra.html,Tai nghe Bluetooth True Wireless Gaming ROG Cetra,2.190.000đ,2190000,ASUS,,1,1,1,10 m,21,5.0
cellphones,https://cellphones.com.vn/tai-nghe-khong-day-soundpeats-clear.html,Tai nghe Bluetooth True Wireless SoundPEATS Clear,750.000đ,750000,Soundpeats,,0,1,1,10m,400,4.2
cellphones,https://cellphones.com.vn/tai-nghe-bluetooth-true-wireless-baseus-bass-bs1-nc.html,Tai nghe Bluetooth True Wireless Baseus Bass BS1 NC,890.000đ,890000,Baseus,,0,1,1,10m,500,
cellphones,https://cellphones.com.vn/tai-nghe-bluetooth-trusmi-ws04.html,Tai nghe Bluetooth True Wireless Trusmi WS04,210.000đ,210000,Trusmi,,0,1,1,10m,250,
cellphones,https://cellphones.com.vn/tai-nghe-khong-day-qcy-melobuds-neo.html,Tai nghe Bluetooth True Wireless QCY MeloBuds Neo,680.000đ,680000,QCY,,0,1,0,10m,400,
cellphones,https://cellphones.com.vn/tai-nghe-bluetooth-earfun-air-pro-4.html,Tai nghe Bluetooth True Wireless EarFun Air Pro 4,2.590.000đ,2590000,EarFun,,0,1,1,EarFun Audio,41,
cellphones,https://cellphones.com.vn/tai-nghe-bluetooth-edifier-x2s.html,Tai nghe Bluetooth True Wireless Edifier X2S,483.000đ,483000,Edifier,,0,1,1,10m,200,54.0
cellphones,https://cellphones.com.vn/tai-nghe-khong-day-soundpeats-air-5-lite.html,Tai nghe không dây SoundPeats Air 5 Lite,1.290.000đ,1290000,Soundpeats,,0,0,0,Peats Audio,400,44.09
cellphones,https://cellphones.com.vn/tai-nghe-asus-rog-cetra-tws-speednova.html,Tai nghe Bluetooth True Wireless Gaming Asus Rog Cetra SpeedNova,4.990.000đ,4990000,ASUS,,1,1,1,10 m,34,
cellphones,https://cellphones.com.vn/tai-nghe-khong-day-qcy-t13.html,Tai nghe Bluetooth True Wireless QCY T13 ANC2 (HT09),690.000đ,690000,QCY,,0,1,0,10m,380,
cellphones,https://cellphones.com.vn/tai-nghe-bluetooth-baseus-bowie-e18.html,Tai nghe Bluetooth True Wireless Baseus Bowie E18,490.000đ,490000,Baseus,,0,1,1,10m,300,
cellphones,https://cellphones.com.vn/tai-nghe-khong-day-havit-tw967-pro.html,Tai nghe Bluetooth True Wireless Havit TW967 Pro,400.000đ,400000,Havit,,0,1,0,,,
cellphones,https://cellphones.com.vn/tai-nghe-khong-day-sony-linkbuds-open.html,Tai nghe Bluetooth True Wireless Sony Linkbuds Open (WF-L910),5.390.000đ,5390000,Sony,,0,1,1,10m,13,5.1
cellphones,https://cellphones.com.vn/tai-nghe-the-thao-anker-soundcore-aerofit-2.html,Tai nghe Bluetooth thể thao Anker Soundcore AeroFit 2 (A3874),2.500.000đ,2500000,Anker,,0,1,1,15m,42,
cellphones,https://cellphones.com.vn/tai-nghe-bluetooth-baseus-bowie-e16.html,Tai nghe Bluetooth True Wireless Baseus Bowie E16,490.000đ,490000,Baseus,,0,1,0,Type C,6,3.2
cellphones,https://cellphones.com.vn/tai-nghe-bluetooth-stargo-tune.html,Tai nghe Bluetooth True Wireless StarGO Tune,270.000đ,270000,StarGO,,0,1,1,10m,400,
cellphones,https://cellphones.com.vn/tai-nghe-khong-day-shokz-openfit.html,Tai nghe Bluetooth thể thao Shokz OpenFit,4.990.000đ,4990000,Shokz,,0,1,1,10m,600,8.3
cellphones,https://cellphones.com.vn/tai-nghe-khong-day-havit-tw-947.html,Tai nghe Bluetooth True Wireless Havit TW947,590.000đ,590000,Havit,,0,1,1,10m,30,
cellphones,https://cellphones.com.vn/tai-nghe-bluetooth-havit-tw992.html,Tai nghe Bluetooth True Wireless Havit TW992,430.000đ,430000,Havit,,0,1,1,10 m,500,
cellphones,https://cellphones.com.vn/tai-nghe-khong-day-aukey-ep-m3a.html,Tai nghe Bluetooth True Wireless Aukey EP-M3A,350.000đ,350000,Aukey,,0,1,1,10 m,300,7.0
cellphones,https://cellphones.com.vn/tai-nghe-bluetooth-baseus-airgo-1-ring.html,Tai nghe Bluetooth True Wireless Baseus Airgo 1 Ring,800.000đ,800000,Baseus,,0,1,1,10m,25,4.5
cellphones,https://cellphones.com.vn/tai-nghe-bluetooth-edifier-x3-pro.html,Tai nghe Bluetooth True Wireless Edifier X3 Pro,950.000đ,950000,Edifier,,0,1,1,EDIFIER ConneX,15,
cellphones,https://cellphones.com.vn/tai-nghe-bluetooth-oppo-enco-x3s.html,Tai nghe Bluetooth True Wireless OPPO Enco X3S,3.090.000đ,3090000,OPPO,,0,1,1,10 m,530,0.2
cellphones,https://cellphones.com.vn/tai-nghe-bluetooth-oppo-enco-buds-2-pro.html,Tai nghe Bluetooth True Wireless OPPO Enco Buds2 Pro,1.290.000đ,1290000,OPPO,,0,1,1,10m,38,4.3
cellphones,https://cellphones.com.vn/tai-nghe-bluetooth-havit-tw906-pro.html,Tai nghe Bluetooth Havit TW906 Pro,690.000đ,690000,Havit,,0,1,1,10m,300,3.9
cellphones,https://cellphones.com.vn/tai-nghe-khong-day-havit-tw958-pro.html,Tai nghe Bluetooth True Wireless Havit TW958 Pro,640.000đ,640000,Havit,,0,1,1,10 m,32,
cellphones,https://cellphones.com.vn/tai-nghe-bluetooth-true-wireless-bowers-wilkins-pi8.html,Tai nghe Bluetooth True Wireless Bowers & Wilkins Pi8,13.645.000đ,13645000,Bowers & Wilkins,,0,1,0,3.5mm,6,7.0
cellphones,https://cellphones.com.vn/tai-nghe-khong-day-nakamichi-tw016.html,Tai nghe Bluetooth True Wireless NAKAMICHI TW016,450.000đ,450000,Nakamichi,,0,1,1,10m,300,3.0
cellphones,https://cellphones.com.vn/tai-nghe-bluetooth-ugreen-hitune-p3.html,Tai nghe Bluetooth True Wireless Ugreen Hitune P3 - WS207,690.000đ,690000,Ugreen,,0,1,0,10m,400,3.6
cellphones,https://cellphones.com.vn/tai-nghe-bluetooth-oppo-enco-air-2-pro.html,Tai nghe Bluetooth True Wireless OPPO Enco Air 2 Pro,1.390.000đ,1390000,OPPO,,0,1,1,10 m,28,4.3
cellphones,https://cellphones.com.vn/tai-nghe-bluetooth-alpha-works-flex-100.html,Tai nghe Bluetooth True Wireless Alpha Works FLEX 100,350.000đ,350000,Alpha Works,,0,1,1,Không dây,300,
cellphones,https://cellphones.com.vn/tai-nghe-bluetooth-bose-ultra-earbuds.html,Tai nghe bluetooth Bose Ultra Earbuds,7.490.000₫,7490000,Bose,in-ear,0,1,0,9m,6,6.24
cellphones,https://cellphones.com.vn/tai-nghe-khong-day-huawei-freebuds-5i.html,Tai nghe Bluetooth True Wireless Huawei FreeBuds 5i,790.000đ,790000,Huawei,,0,1,0,USB,7,4.9
cellphones,https://cellphones.com.vn/tai-nghe-bluetooth-trusmi-ws08.html,Tai nghe Bluetooth True Wireless Trusmi WS08,350.000đ,350000,Trusmi,,0,1,1,10m,300,
cellphones,https://cellphones.com.vn/tai-nghe-khong-day-xiaomi-redmi-buds-5.html,Tai nghe Bluetooth True Wireless Xiaomi Redmi Buds 5,720.000đ,720000,Xiaomi,,0,1,1,10m,480,5.3
cellphones,https://cellphones.com.vn/tai-nghe-khong-day-aukey-ep-m2.html,Tai nghe Bluetooth True Wireless Aukey EP-M2,370.000đ,370000,Aukey,,0,1,1,10m,20,
cellphones,https://cellphones.com.vn/tai-nghe-khong-day-ugreen-hitune-t3.html,Tai nghe Bluetooth True Wireless Ugreen HiTune T3,590.000đ,590000,Ugreen,,0,1,1,10 m,24,
cellphones,https://cellphones.com.vn/tai-nghe-bluetooth-lenovo-lp40.html,Tai nghe bluetooth Lenovo LP40,5.000.000đ,5000000,Lenovo,,0,1,1,10 m,3,3.2
cellphones,https://cellphones.com.vn/tai-nghe-khong-day-soundpeats-capsule-3-pro.html,Tai nghe Bluetooth True Wireless SoundPEATS Capsule 3 Pro,950.000đ,950000,Soundpeats,,0,1,1,10m,500,5.0
cellphones,https://cellphones.com.vn/tai-nghe-khong-day-xiaomi-redmi-buds-4-lite.html,Tai nghe Bluetooth True Wireless Redmi Buds 4 Lite,390.000đ,390000,Xiaomi,,0,1,1,10m,320,3.92
cellphones,https://cellphones.com.vn/tai-nghe-khong-day-havit-tw-967.html,Tai nghe Bluetooth True Wireless Havit TW 967,220.000đ,220000,Havit,,0,1,1,10 m,5,
cellphones,https://cellphones.com.vn/tai-nghe-khong-day-soundpeats-gofree-2-plus.html,Tai nghe Bluetooth thể thao SoundPEATS Gofree 2 Plus,1.090.000đ,1090000,Soundpeats,,0,1,1,10m,600,9.5
cellphones,https://cellphones.com.vn/tai-nghe-bluetooth-edifier-x1-lite.html,Tai nghe Bluetooth True Wireless Edifier X1 Lite,365.000đ,365000,Edifier,,0,1,1,10m,350,41.0
cellphones,https://cellphones.com.vn/tai-nghe-bluetooth-edifier-w260nc.html,Tai nghe Bluetooth True Wireless Edifier W260NC,1.290.000đ,1290000,Edifier,,0,1,1,10m,24,
cellphones,https://cellphones.com.vn/tai-nghe-soul-open-ear-plus.html,Tai nghe Bluetooth thể thao dẫn khí truyền âm Soul OPENEAR PLUS,350.000đ,350000,SOUL,,0,1,0,10 m,7,18.0
cellphones,https://cellphones.com.vn/tai-nghe-the-thao-edifier-comfo-c.html,Tai nghe Bluetooth thể thao Edifier Comfo C,1.290.000đ,1290000,Edifier,,0,1,1,10m,500,5.8
cellphones,https://cellphones.com.vn/tai-nghe-nhet-tai-riversong-airfly-l7.html,Tai nghe Bluetooth True Wireless Riversong Airfly L7,199.000đ,199000,Riversong,,0,1,1,10m,180,
cellphones,https://cellphones.com.vn/tai-nghe-gaming-black-shark-t11.html,Tai nghe Bluetooth True Wireless Gaming Black Shark T11,390.000đ,390000,Hãng khác,,1,1,1,Không dây,30,
cellphones,https://cellphones.com.vn/tai-nghe-bluetooth-anker-soundcore-p40i.html,Tai nghe Bluetooth True Wireless Anker Soundcore P40i,1.780.000đ,1780000,Anker,,0,1,1,10m,800,58.0
cellphones,https://cellphones.com.vn/tai-nghe-bluetooth-jbl-live-flex.html,Tai nghe Bluetooth True Wireless JBL Live Flex,5.000.000đ,5000000,JBL,,0,1,1,10m,32,10.4
cellphones,https://cellphones.com.vn/tai-nghe-bluetooth-xiaomi-redmi-buds-6-lite.html,Tai nghe Bluetooth True Wireless Xiaomi Redmi Buds 6 Lite,5.000.000đ,5000000,Xiaomi,,0,1,1,10m,36,4.0
cellphones,https://cellphones.com.vn/tai-nghe-bluetooth-true-wireless-baseus-bass-ep10-nc.html,Tai nghe Bluetooth True Wireless Baseus Bass EP10 NC,490.000đ,490000,Baseus,,0,1,1,10m,41,
cellphones,https://cellphones.com.vn/tai-nghe-bluetooth-oppo-enco-air-4-pro.html,Tai Nghe Bluetooth True Wireless OPPO Enco Air4 Pro,5.000.000đ,5000000,OPPO,,0,1,1,10m,44,4.4
cellphones,https://cellphones.com.vn/tai-nghe-khong-day-jabra-elite-3.html,Tai nghe Bluetooth True Wireless Jabra Elite 3,1.390.000đ,1390000,Jabra,,0,1,0,,28,4.6
cellphones,https://cellphones.com.vn/tai-nghe-bluetooth-jabra-elite-8-active.html,Tai nghe Bluetooth True Wireless Jabra Elite 8 Active,4.490.000đ,4490000,Jabra,,0,1,1,Jabra Sound+,56,5.0
cellphones,https://cellphones.com.vn/tai-nghe-khong-day-anker-soundcore-a20i-a3948.html,Tai nghe Bluetooth True Wireless Anker Soundcore A20i,599.000đ,599000,Anker,,0,1,1,10m,28,41.0
cellphones,https://cellphones.com.vn/tai-nghe-bluetooth-defunc-true-lite.html,Tai nghe Bluetooth DEFUNC TRUE LITE,290.000đ,290000,Hãng khác,,0,1,0,Type C,15,
cellphones,https://cellphones.com.vn/tai-nghe-khong-day-realme-buds-t200-lite.html,Tai nghe Bluetooth True Wireless Realme Buds T200 Lite,490.000đ,490000,Realme,,0,1,0,,7,
cellphones,https://cellphones.com.vn/tai-nghe-the-thao-havit-openbuds-1.html,Tai nghe Bluetooth thể thao Havit Openbuds 1,490.000đ,490000,Havit,,0,1,1,2 thiết bị,23,
cellphones,https://cellphones.com.vn/tai-nghe-khong-day-lg-tone-free-t90.html,Tai nghe Bluetooth True Wireless LG Tone Free T90,5.000.000đ,5000000,LG,,0,1,1,10m,29,5.2
cellphones,https://cellphones.com.vn/tai-nghe-nhet-tai-tronsmart-soundfii-r4.html,Tai nghe Bluetooth nhét tai Tronsmart Sounfii R4,590.000đ,590000,Hãng khác,in-ear,0,1,0,Soundcore,400,45.0
cellphones,https://cellphones.com.vn/tai-nghe-bluetooth-jbl-tour-pro-2.html,Tai nghe Bluetooth True Wireless JBL Tour Pro 2,4.190.000đ,4190000,JBL,,0,1,1,10m,40,12.2
cellphones,https://cellphones.com.vn/tai-nghe-bluetooth-x15.html,Tai nghe Bluetooth Gaming X15,5.000.000đ,5000000,Hãng khác,,1,1,1,1 thiết bị,400,
cellphones,https://cellphones.com.vn/tai-nghe-bluetooth-nothing-buds-2-pro.html,Tai nghe Bluetooth Nothing CMF Buds 2 pro,5.000.000đ,5000000,Hãng khác,,0,1,0,Nothing X,460,4.9
cellphones,https://cellphones.com.vn/tai-nghe-khong-day-blaupunkt-lite-one-bat1001.html,Tai nghe Bluetooth True Wireless Blaupunkt LITE ONE BAT1001,5.000.000đ,5000000,Hãng khác,,0,1,1,,5,
cellphones,https://cellphones.com.vn/tai-nghe-bluetooth-samsung-galaxy-buds-live-tr-ng-46179.html,Tai nghe Bluetooth Samsung Galaxy Buds Live-Trắng,4.490.000đ,4490000,Samsung Chính hãng,,0,1,0,Galaxy Wearable,28,
cellphones,https://cellphones.com.vn/tai-nghe-khong-day-oppo-enco-air-4.html,Tai nghe Bluetooth OPPO Enco Air 4,5.000.000đ,5000000,OPPO,,0,1,0,,,
cellphones,https://cellphones.com.vn/tai-nghe-bluetooth-true-wireless-fender-tour.html,Tai nghe Bluetooth True Wireless Fender Tour,5.000.000đ,5000000,Fender,,0,1,1,Không dây,14,
cellphones,https://cellphones.com.vn/tai-nghe-bluetooth-edifier-evobuds-pro-anc.html,Tai nghe Bluetooth True Wireless Edifier Evobuds Pro (ANC),1.570.000đ,1570000,Edifier,,0,1,1,10 m,27,
cellphones,https://cellphones.com.vn/tai-nghe-bluetooth-stargo-tune-pro.html,Tai nghe Bluetooth True Wireless StarGO Tune Pro (ANC),490.000đ,490000,StarGO,,0,1,1,10m,300,24.0
cellphones,https://cellphones.com.vn/tai-nghe-bluetooth-edifier-tws-1-pro-2.html,Tai nghe Bluetooth True Wireless Edifier TWS1 Pro 2,5.000.000đ,5000000,Edifier,,0,1,1,10m,200,44.5
cellphones,https://cellphones.com.vn/tai-nghe-bluetooth-true-wireless-sony-linkbuds-open-wf-l910-xanh.html,Tai nghe Bluetooth True Wireless Sony Linkbuds Open (WF-L910) -  Xanh,0,0,,,,,,,,
cellphones,https://cellphones.com.vn/tai-nghe-the-thao-soundcore-c40i.html,Tai nghe Bluetooth thể thao Anker Soundcore C40i (A3331),5.000.000đ,5000000,Anker,,0,1,1,Soundcore,21,5.8
cellphones,https://cellphones.com.vn/tai-nghe-bluetooth-edifier-x2-plus.html,Tai nghe Bluetooth True Wireless Edifier X2 Plus,490.000đ,490000,Edifier,,0,1,0,,,54.0
cellphones,https://cellphones.com.vn/tai-nghe-bluetooth-jbl-endurance-race.html,Tai nghe Bluetooth True Wireless JBL Endurance Race,5.000.000đ,5000000,JBL,,0,1,1,JBL Headphones,20,12.4
cellphones,https://cellphones.com.vn/tai-nghe-khong-day-divoom-spark-air.html,Tai nghe Bluetooth True Wireless Divoom Spark Air,890.000đ,890000,Divoom,,0,1,1,10 m,10,3.5
cellphones,https://cellphones.com.vn/tai-nghe-the-thao-hifuture-futuremate-pro.html,Tai nghe Bluetooth thể thao HiFuture FutureMate Pro,0,0,Xiaomi,,0,1,0,,,
cellphones,https://cellphones.com.vn/tai-nghe-bluetooth-defunc-true-music.html,Tai nghe Bluetooth True Wireless Defunc True Music,370.000đ,370000,Defunc,,0,1,0,,,
cellphones,https://cellphones.com.vn/tai-nghe-bluetooth-ows-philips-tat4469.html,Tai nghe Bluetooth thể thao Philips TAT4469,5.000.000đ,5000000,Philips,,0,1,1,10 m,400,
cellphones,https://cellphones.com.vn/tai-nghe-the-thao-anker-soundcore-aerofit-pro-a3871.html,Tai nghe Bluetooth thể thao Anker Soundcore AeroFit Pro,5.000.000đ,5000000,Anker,,0,1,1,10m,46,12.23
cellphones,https://cellphones.com.vn/tai-nghe-khong-day-sony-wf-c500.html,Tai nghe Bluetooth True Wireless Sony WF C500,1.490.000đ,1490000,Sony,,0,1,0,,10,5.4
cellphones,https://cellphones.com.vn/tai-nghe-khong-day-lg-tone-free-t60.html,Tai nghe Bluetooth True Wireless LG Tone Free T60,5.000.000đ,5000000,LG,,0,1,1,10m,29,35.9
cellphones,https://cellphones.com.vn/tai-nghe-khong-day-soundpeats-engine-4.html,Tai nghe Bluetooth SoundPEATS Engine 4,5.000.000đ,5000000,Soundpeats,,0,1,0,,,
cellphones,https://cellphones.com.vn/tai-nghe-bluetooth-jbl-live-flex-3.html,Tai nghe Bluetooth True Wireless JBL Live Flex 3,5.000.000đ,5000000,JBL,,0,1,1,Không dây,40,
cellphones,https://cellphones.com.vn/tai-nghe-edifier-to-u2-mini.html,Tai nghe Bluetooth True Wireless Edifier TO-U2 mini,5.000.000đ,5000000,Edifier,,0,1,1,10m,200,41.0
cellphones,https://cellphones.com.vn/tai-nghe-bluetooth-edifier-evobuds.html,Tai nghe Bluetooth True Wireless Edifier Evobuds,1.370.000đ,1370000,Edifier,,0,1,0,,7,
cellphones,https://cellphones.com.vn/tai-nghe-gaming-co-day-sony-ier-g900.html,Tai nghe Gaming có dây Sony IER-G900,3.590.000đ,3590000,Sony,,1,0,1,Dây dài: 1.8m,,170.0
cellphones,https://cellphones.com.vn/tai-nghe-khong-day-hyperx-cloud-jet.html,Tai nghe Gaming không dây Hyperx Cloud Jet,1.945.000đ,1945000,HyperX,,1,0,0,,25,
cellphones,https://cellphones.com.vn/tai-nghe-gaming-asus-tuf-h3.html,Tai nghe Gaming Asus Tuf H3,1.190.000đ,1190000,ASUS,,1,0,0,3.5mm,,294.0
cellphones,https://cellphones.com.vn/tai-nghe-co-day-baseus-goplay-1-max.html,Tai Nghe Gaming Có Dây Baseus Goplay 1 Max,790.000đ,790000,Baseus,,1,0,0,3.5mm,,258.0
cellphones,https://cellphones.com.vn/tai-nghe-co-day-baseus-goplay-1-plus-max.html,Tai Nghe Gaming Có Dây Baseus Goplay 1 Plus Max,790.000đ,790000,Baseus,,1,0,0,3.5mm,,258.0
cellphones,https://cellphones.com.vn/tai-nghe-khong-day-sony-inzone-buds.html,Tai nghe không dây Gaming Sony INZONE Buds,4.790.000đ,4790000,Sony,,1,0,1,10m,24,6.5
cellphones,https://cellphones.com.vn/tai-nghe-chup-tai-havit-h2043u.html,Tai nghe có dây Gaming Havit H2043U,649.000đ,649000,Havit,,1,0,1,,,238.7
cellphones,https://cellphones.com.vn/tai-nghe-khong-day-havit-havit-tw908.html,Tai nghe Gaming không dây Havit TW908,400.000đ,400000,Havit,,1,0,0,10m,24,
cellphones,https://cellphones.com.vn/tai-nghe-khong-day-havit-tw920.html,Tai nghe Gaming Havit TW920,350.000đ,350000,Havit,,1,0,0,,,
cellphones,https://cellphones.com.vn/tai-nghe-gaming-msi-headset-h991.html,Tai nghe Gaming MSI Headset H991,290.000đ,290000,Hãng khác,,1,0,0,1m8,,
cellphones,https://cellphones.com.vn/tai-nghe-gaming-jbl-quantum-50.html,Tai nghe gaming có dây JBL Quantum 50,890.000đ,890000,JBL,,1,0,1,3.5mm,,21.5
cellphones,https://cellphones.com.vn/tai-nghe-co-day-havit-h2042d.html,Tai nghe gaming có dây Gaming Havit H2042D,320.000đ,320000,Havit,,1,0,1,3.5mm,,
cellphones,https://cellphones.com.vn/tai-nghe-gaming-asus-rog-deltra-s.html,Tai nghe Gaming Asus Rog Delta S,4.990.000đ,4990000,ASUS,,1,0,0,Type C,,300.0
cellphones,https://cellphones.com.vn/tai-nghe-gaming-asus-rog-deltra-core.html,Tai nghe Gaming chụp tai ASUS Delta Core,1.499.000đ,1499000,ASUS,over-ear,1,0,1,Armoury crate,,387.0
cellphones,https://cellphones.com.vn/tai-nghe-gaming-asus-rog-deltra.html,Tai nghe Gaming Asus Rog Delta,4.690.000đ,4690000,ASUS,,1,0,0,Thiết kế D-shaped ôm sát tai tạo cảm giác đeo thoải mái,,
cellphones,https://cellphones.com.vn/tai-nghe-gaming-asus-rog-strix-go-2-4.html,Tai nghe Gaming Asus Rog Strix Go 2.4,4.690.000đ,4690000,ASUS,,1,0,0,3.5mm,,
cellphones,https://cellphones.com.vn/tai-nghe-gaming-jbl-quantum-100.html,Tai nghe Gaming chụp tai JBL Quantum 100,990.000đ,990000,JBL,over-ear,1,0,0,3.5mm,,
cellphones,https://cellphones.com.vn/tai-nghe-gaming-asus-rog-strix-fusion-300.html,Tai nghe Gaming Asus Rog Strix Fusion 300,2.690.000đ,2690000,ASUS,,1,0,0,3.5mm,,
cellphones,https://cellphones.com.vn/tai-nghe-gaming-asus-rog-theta-7-1.html,Tai nghe Gaming Asus Rog Theta 7.1,6.650.000đ,6650000,ASUS,,1,0,0,Type C,,590.0
cellphones,https://cellphones.com.vn/tai-nghe-gaming-asus-rog-strix-fusion.html,Tai nghe Gaming Asus Rog Strix Fusion,2.990.000đ,2990000,ASUS,,1,0,0,20 m,,395.0
cellphones,https://cellphones.com.vn/tai-nghe-co-day-havit-h2015f.html,Tai nghe Gaming có dây Havit H2015F,530.000đ,530000,Havit,,1,0,1,3.5mm,,262.0
cellphones,https://cellphones.com.vn/tai-nghe-gaming-asus-rog-deltra-gundam-ltd.html,Tai nghe Gaming Asus Rog Delta Gundam LTD,5.490.000đ,5490000,ASUS,,1,0,0,Thiết kế D-shaped ôm sát tai tạo cảm giác đeo thoải mái,,
cellphones,https://cellphones.com.vn/tai-nghe-gaming-asus-rog-strix-fusion-500.html,Tai nghe Gaming Asus Rog Strix Fusion 500,5.000.000đ,5000000,ASUS,,1,0,1,Armoury crate,,384.0
cellphones,https://cellphones.com.vn/tai-nghe-jbl-quantum-one-2.html,Tai nghe Gaming JBL Quantum 2,5.000.000đ,5000000,JBL,,1,0,0,,,
cellphones,https://cellphones.com.vn/tai-nghe-gaming-asus-rog-strix-go-core.html,Tai nghe Gaming Asus Rog Strix Go Core,1.890.000đ,1890000,ASUS,,1,0,0,3.5mm,,
cellphones,https://cellphones.com.vn/tai-nghe-co-day-havit-h2002e.html,Tai nghe có dây Gaming Havit H2002E,590.000đ,590000,Havit,,1,0,1,3.5mm,,298.0
cellphones,https://cellphones.com.vn/tai-nghe-co-day-havit-fuxi-h5d.html,Tai nghe có dây Gaming Havit FUXI-H5D,500.000đ,500000,Havit,,1,0,0,3.5mm,,
cellphones,https://cellphones.com.vn/tai-nghe-khong-day-anker-soundcore-vr-p10-a3850.html,Tai nghe không dây Gaming Anker SoundCore Liberty Air VR P10,5.000.000đ,5000000,Anker,,1,0,0,Type C,6,14.0
cellphones,https://cellphones.com.vn/tai-nghe-co-day-havit-h2002d.html,Tai nghe có dây Gaming Havit H2002D,1.100.000đ,1100000,Havit,,1,0,0,3.5mm,,
cellphones,https://cellphones.com.vn/tai-nghe-gaming-jbl-quantum-one-den.html,Tai nghe Gaming JBL Quantum One-Đen,5.000.000đ,5000000,JBL,,1,0,0,,,
cellphones,https://cellphones.com.vn/tai-nghe-gaming-jbl-quantum-one-xanh-duong.html,Tai nghe Gaming JBL Quantum One-Xanh dương,5.000.000đ,5000000,JBL,,1,0,0,,,
cellphones,https://cellphones.com.vn/tai-nghe-gaming-jbl-quantum-one-tr-ng.html,Tai nghe Gaming JBL Quantum One-Trắng,5.000.000đ,5000000,JBL,,1,0,0,,,369.0
cellphones,https://cellphones.com.vn/tai-nghe-gaming-jbl-quantum-one-cam.html,Tai nghe Gaming JBL Quantum One-Cam,5.000.000đ,5000000,JBL,,1,0,0,,,
cellphones,https://cellphones.com.vn/tai-nghe-co-day-hyperx-cloud-stinger-ii.html,Tai nghe Gaming có dây Hyperx Cloud Stinger II,5.000.000đ,5000000,HyperX,,1,0,0,3.5mm,,272.1
cellphones,https://cellphones.com.vn/tai-nghe-gaming-asus-rog-strix-fusion-700.html,Tai nghe Gaming Asus Rog Strix Fusion 700,4.690.000đ,4690000,ASUS,,1,0,0,,,
cellphones,https://cellphones.com.vn/tai-nghe-gaming-asus-rog-strix-go-2-4-ep.html,Tai nghe Gaming Asus Rog Strix Go 2.4 EP,4.790.000đ,4790000,ASUS,,1,0,0,,,
cellphones,https://cellphones.com.vn/tai-nghe-jbl-quantum-one.html,Tai nghe Gaming JBL Quantum One,2.590.000đ,2590000,JBL,,1,0,0,3.5mm,,
cellphones,https://cellphones.com.vn/tai-nghe-gaming-jbl-quantum-tws.html,Tai nghe Gaming JBL Quantum TWS,5.000.000đ,5000000,JBL,,1,0,0,Type C,,
cellphones,https://cellphones.com.vn/tai-nghe-gaming-asus-rog-strix-go-usb-c.html,Tai nghe Gaming chụp tai Asus Rog Strix Go USB-C,2.290.000đ,2290000,ASUS,over-ear,1,0,0,Type C,,
cellphones,https://cellphones.com.vn/tai-nghe-gaming-lenovo-legion-h300-stereo-headset.html,Tai nghe Gaming Lenovo H300 Stereo Headset,1.590.000đ,1590000,Lenovo,,1,0,0,,,
cellphones,https://cellphones.com.vn/tai-nghe-co-day-havit-h2030e.html,Tai nghe có dây Gaming Havit H2030E,750.000đ,750000,Havit,,1,0,1,3.5mm,,313.7
cellphones,https://cellphones.com.vn/tai-nghe-co-day-havit-h2015e.html,Tai nghe có dây Gaming Havit H2015E,590.000đ,590000,Havit,,1,0,1,3.5mm,,313.7
cellphones,https://cellphones.com.vn/tai-nghe-co-day-havit-h2037d.html,Tai nghe có dây Gaming Havit H2037D,390.000đ,390000,Havit,,1,0,0,,,
cellphones,https://cellphones.com.vn/tai-nghe-co-day-havit-h2033d.html,Tai nghe có dây Gaming Havit H2033D,590.000đ,590000,Havit,,1,0,1,"Mua ngay tai nghe có dây Havit H2033D chất lượng, giá ưu đãi tại CellphoneS",,365.0
cellphones,https://cellphones.com.vn/tai-nghe-khong-day-havit-fuxi-h7.html,Tai nghe có dây Gaming Havit FUXI-H7,1.290.000đ,1290000,Havit,,1,0,0,10 m,750,240.0
cellphones,https://cellphones.com.vn/tai-nghe-co-day-havit-h2007u.html,Tai nghe có dây Gaming Havit H2007U,620.000đ,620000,Havit,,1,0,1,,,440.0
cellphones,https://cellphones.com.vn/tai-nghe-khong-day-havit-gaming-tw938.html,Tai nghe Bluetooth True Wireless Havit Gaming TW938,450.000đ,450000,Havit,,1,1,1,10 m,25,
cellphones,https://cellphones.com.vn/tai-nghe-co-day-havit-h2002e-pro.html,Tai nghe có dây Gaming Havit H2002E Pro,690.000đ,690000,Havit,,1,0,1,3.5mm,,298.0
cellphones,https://cellphones.com.vn/tai-nghe-chup-tai-baseus-aequr-gh02.html,Tai nghe Bluetooth chụp tai Gaming Baseus AeQur GH02,1.490.000đ,1490000,Baseus,over-ear,1,1,1,10 m,40,
cellphones,https://cellphones.com.vn/tai-nghe-chup-tai-gaming-zidli-zh-a1.html,Tai nghe chụp tai Gaming Zidli A1,390.000đ,390000,Hãng khác,over-ear,1,0,0,3.5mm,,
cellphones,https://cellphones.com.vn/tai-nghe-co-day-havit-h2230u.html,Tai nghe có dây Gaming Havit H2230U,290.000đ,290000,Havit,,1,0,0,3.5mm,,
cellphones,https://cellphones.com.vn/tai-nghe-co-day-havit-h2034u.html,Tai nghe có dây Gaming Havit H2034U,5.000.000đ,5000000,Havit,,1,0,0,Mua tai nghe có dây Havit H2034U chính hãng tại CellphoneS,,
cellphones,https://cellphones.com.vn/tai-nghe-dareu-eh722s.html,Tai nghe chụp tai Gaming DareU EH722s,5.000.000đ,5000000,DAREU,over-ear,1,0,0,,,
cellphones,https://cellphones.com.vn/tai-nghe-gaming-asus-rog-deltra-s-core.html,Tai nghe chụp tai Gaming ASUS ROG Delta S Core,1.690.000đ,1690000,Hãng khác,over-ear,1,0,0,,,
cellphones,https://cellphones.com.vn/tai-nghe-chup-tai-gaming-havit-fuxi-h3.html,Tai nghe Bluetooth chụp tai Gaming Havit FUXI-H3,5.000.000đ,5000000,Havit,over-ear,1,1,0,3.5mm,4,
cellphones,https://cellphones.com.vn/tai-nghe-khong-day-anker-soundcore-liberty-4-pro.html,Tai nghe không dây Anker Soundcore Liberty 4 Pro (A3954),2.935.000đ,2935000,Anker,,0,0,0,,10,2.94
cellphones,https://cellphones.com.vn/tai-nghe-nhet-tai-jbl-c200-siu.html,Tai nghe nhét tai JBL C200 SIU,290.000đ,290000,JBL,in-ear,0,0,0,3.5mm,,
cellphones,https://cellphones.com.vn/tai-nghe-khong-day-huawei-freebuds-pro-4.html,Tai nghe không dây Huawei Freebuds Pro 4,4.990.000đ,4990000,Huawei,,0,0,1,10m,510,5.8
cellphones,https://cellphones.com.vn/tai-nghe-khong-day-sony-linkbuds-fit.html,Tai nghe không dây Sony Linkbuds Fit (WF-LS910N),5.390.000đ,5390000,Sony,,0,0,0,,8,4.9
cellphones,https://cellphones.com.vn/tai-nghe-sennheiser-momentum-true-wireless-4.html,Tai nghe chống ồn Sennheiser Momentum True Wireless 4,8.690.000đ,8690000,Sennheiser,,0,1,0,,,
cellphones,https://cellphones.com.vn/tai-nghe-co-day-havit-e336c-type-c.html,Tai nghe có dây Havit E336C (Cổng Type-C),160.000đ,160000,Havit,,0,0,0,Type C,,
cellphones,https://cellphones.com.vn/tai-nghe-co-day-kz-edx-lite.html,Tai nghe có dây KZ EDX Lite (có mic),225.000đ,225000,KZ,,0,0,1,3.5mm,,
cellphones,https://cellphones.com.vn/tai-nghe-nhet-tai-sennheiser-ie-200.html,Tai nghe nhét tai Sennheiser IE 200,4.122.000đ,4122000,Sennheiser,in-ear,0,0,0,3.5mm,,100.0
cellphones,https://cellphones.com.vn/tai-nghe-co-day-baseus-encok-h19.html,Tai nghe có dây Baseus Encok H19,190.000đ,190000,Baseus,,0,0,1,3.5mm,,14.0
cellphones,https://cellphones.com.vn/tai-nghe-khong-day-xiaomi-buds-5-pro-wifi.html,Tai nghe không dây Xiaomi Buds 5 Pro Wifi,5.880.000đ,5880000,Xiaomi,,0,0,0,10m,570,5.6
cellphones,https://cellphones.com.vn/tai-nghe-co-day-baseus-encok-c18.html,Tai nghe có dây Baseus Encok C18,250.000đ,250000,Baseus,,0,0,0,3.5mm,,12.1
cellphones,https://cellphones.com.vn/tai-nghe-truyen-dan-xuong-shokz-openmove.html,Tai nghe truyền dẫn xương Shokz Openmove,2.240.000đ,2240000,Shokz,,0,0,0,,,29.0
cellphones,https://cellphones.com.vn/tai-nghe-co-day-baseus-encok-cz20-type-c.html,Tai nghe có dây Baseus Encok CZ20 (Cổng Type-C),290.000đ,290000,Baseus,,0,0,0,Type C,,
cellphones,https://cellphones.com.vn/tai-nghe-khong-day-baseus-bowie-m2s-ultra.html,Tai nghe không dây chống ồn Baseus Bowie M2S Ultra,2.390.000đ,2390000,Baseus,,0,0,0,,7,
cellphones,https://cellphones.com.vn/tai-nghe-khong-day-xiaomi-buds-5-pro.html,Tai nghe không dây Xiaomi Buds 5 Pro,5.190.000đ,5190000,Xiaomi,,0,0,0,10m,570,5.6
cellphones,https://cellphones.com.vn/tai-nghe-truyen-dan-xuong-shokz-openswim-pro.html,Tai nghe truyền dẫn xương Shokz OpenSwim Pro,4.895.000đ,4895000,Shokz,,0,0,1,10m,160,27.3
cellphones,https://cellphones.com.vn/tai-nghe-bluetooth-baseus-bowie-mc1.html,Tai nghe thể thao Baseus Bowie MC1,1.590.000đ,1590000,Baseus,,0,0,0,,9,5.2
cellphones,https://cellphones.com.vn/tai-nghe-nhet-tai-sennheiser-cx-80s.html,Tai nghe nhét tai Sennheiser Cx80s,629.000đ,629000,Sennheiser,in-ear,0,0,0,3.5mm,,10.0
cellphones,https://cellphones.com.vn/tai-nghe-co-day-havit-e48p-jack-3-5.html,Tai nghe có dây Havit E48P (Cổng jack 3.5),160.000đ,160000,Havit,,0,0,1,3.5mm,,
cellphones,https://cellphones.com.vn/tai-nghe-nhet-tai-sennheiser-ie-600.html,Tai nghe nhét tai Sennheiser IE 600,19.635.000đ,19635000,Sennheiser,in-ear,0,0,1,3.5mm,,6.0
cellphones,https://cellphones.com.vn/tai-nghe-khong-day-xiaomi-buds-3t-pro.html,Tai nghe Bluetooth True Wireless Xiaomi Buds 3T Pro,2.120.000đ,2120000,Xiaomi,,0,1,0,,6,4.9
cellphones,https://cellphones.com.vn/tai-nghe-co-day-pioneer-se-c3t.html,Tai nghe có dây Pioneer SE-C3T,300.000đ,300000,Pioneer,,0,0,0,3.5mm,,250.0
cellphones,https://cellphones.com.vn/tai-nghe-nothing-ear-open.html,Tai nghe thể thao Nothing Ear Open,6.500.000đ,6500000,Nothing,,0,0,0,,8,8.1
cellphones,https://cellphones.com.vn/tai-nghe-khong-day-baseus-encok-wm01-plus.html,Tai nghe Bluetooth True Wireless Baseus Encok WM01 Plus,490.000đ,490000,Baseus,,0,1,1,10m,800,4.0
cellphones,https://cellphones.com.vn/tai-nghe-khong-day-myalo-z-one.html,Tai nghe Bluetooth True Wireless myALO Z-One,290.000đ,290000,Hãng khác,,0,1,1,3.5mm,25,
cellphones,https://cellphones.com.vn/tai-nghe-xiaomi-mi-true-wireless-earbuds-basic-2.html,Tai nghe Xiaomi True Wireless Earbuds Basic 2,790.000đ,790000,Xiaomi,in-ear,0,1,1,Bluetooth,12,
cellphones,https://cellphones.com.vn/tai-nghe-sennheiser-momentum-true-wireless-3.html,Tai nghe Bluetooth True Wireless Sennheiser Momentum True Wireless 3,5.190.000đ,5190000,Sennheiser,,0,1,1,10m,28,5.8
cellphones,https://cellphones.com.vn/tai-nghe-bluetooth-robot-airbuds-t60.html,Tai nghe Bluetooth True Wireless ROBOT Airbuds T60,250.000đ,250000,Robot,,0,1,1,10m,30,
cellphones,https://cellphones.com.vn/tai-nghe-true-wireless-padmate-tempo-t5-plus.html,Tai nghe True Wireless Padmate Tempo T5 Plus,1.990.000đ,1990000,Padmate,,0,1,0,,1000,4.8
cellphones,https://cellphones.com.vn/tai-nghe-sennheiser-sport-true-wireless.html,Tai nghe Bluetooth True Wireless Sennheiser Sport True Wireless,5.000.000đ,5000000,Sennheiser,,0,1,0,Sennheiser,27,6.8
cellphones,https://cellphones.com.vn/tai-nghe-khong-day-lg-tone-free-fp3.html,Tai nghe Bluetooth True Wireless LG TONE Free FP3,5.000.000đ,5000000,LG,,0,1,1,10 m,15,5.3
cellphones,https://cellphones.com.vn/tai-nghe-bluetooth-soundpeats-air-5-pro-plus-117482.html,Tai nghe Bluetooth True Wireless SoundPEATS Air 5 Pro +,5.000.000đ,5000000,Soundpeats,,0,1,0,,,
cellphones,https://cellphones.com.vn/tai-nghe-khong-day-jbl-tune-buds-2-ghost.html,Tai nghe Bluetooth True Wireless JBL Tune Buds 2 Ghost,5.000.000đ,5000000,JBL,,0,1,0,,,
cellphones,https://cellphones.com.vn/tai-nghe-bluetooth-alpha-works-curve-200.html,Tai nghe Bluetooth True Wireless Alpha Works Curve 200,5.000.000đ,5000000,Alpha Works,,0,1,0,,,5.4
cellphones,https://cellphones.com.vn/tai-nghe-khong-day-anker-soundcore-a25i.html,Tai nghe Bluetooth True Wireless Anker Soundcore A25i,5.000.000đ,5000000,Anker,,0,1,1,10m,28,
cellphones,https://cellphones.com.vn/tai-nghe-khong-day-soundpeats-life-lite.html,Tai nghe Bluetooth True Wireless SoundPEATS Life Lite,5.000.000đ,5000000,Soundpeats,,0,1,1,10m,23,4.03
cellphones,https://cellphones.com.vn/tai-nghe-bluetooth-marshall-minor-3.html,Tai nghe Bluetooth True Wireless Marshall Minor 3 (III),2.250.000đ,2250000,Marshall,,0,1,1,10 m,25,4.0
cellphones,https://cellphones.com.vn/tai-nghe-khong-day-huawei-freebuds-se.html,Tai nghe Bluetooth True Wireless Huawei Freebuds SE,420.000đ,420000,Huawei,,0,1,1,10m,410,5.1
cellphones,https://cellphones.com.vn/tai-nghe-bluetooth-havit-tw984.html,Tai nghe Bluetooth True Wireless Havit TW984,5.000.000đ,5000000,Havit,,0,1,1,Havit Life,420,4.1
cellphones,https://cellphones.com.vn/tai-nghe-bluetooth-jbl-live-buds-3.html,Tai nghe Bluetooth True Wireless JBL Live Buds 3,5.000.000đ,5000000,JBL,,0,1,1,JBL Headphones,620,4.6
cellphones,https://cellphones.com.vn/tai-nghe-bluetooth-jbl-quantum-tws.html,Tai nghe Bluetooth True Wireless JBL Quantum TWS,5.000.000đ,5000000,JBL,,0,1,0,JBL Headphones và JBL Quantum PC,16,11.0
cellphones,https://cellphones.com.vn/tai-nghe-bluetooth-edifier-neobuds-plus.html,Tai nghe Bluetooth True Wireless Edifier Neobuds Plus,5.000.000đ,5000000,Edifier,,0,1,0,,11,
cellphones,https://cellphones.com.vn/tai-nghe-khong-day-realme-buds-q2s.html,Tai nghe Bluetooth True Wireless realme Buds Q2s,250.000đ,250000,Realme,,0,1,1,10m,30,4.2
cellphones,https://cellphones.com.vn/tai-nghe-bluetooth-tws-philips-tat2220.html,Tai nghe Bluetooth True Wireless Philips TAT2220,5.000.000đ,5000000,Philips,,0,1,1,10 m,400,3.9
cellphones,https://cellphones.com.vn/tai-nghe-khong-day-jbl-tune-230tws.html,Tai nghe Bluetooth True Wireless JBL Tune 230 TWS,1.290.000đ,1290000,JBL,,0,1,1,JBL Headphones,40,10.2
cellphones,https://cellphones.com.vn/tai-nghe-sony-wf-c700.html,Tai nghe Bluetooth True Wireless Sony WF-C700N,2.090.000đ,2090000,Sony,,0,1,0,Type C,10,4.6
cellphones,https://cellphones.com.vn/tai-nghe-bluetooth-ugreen-hitune-h5.html,Tai nghe Bluetooth True Wireless Ugreen Hitune H5 - WS201,5.000.000đ,5000000,Ugreen,,0,1,1,Không dây,24,
cellphones,https://cellphones.com.vn/tai-nghe-bluetooth-robot-airbuds-t50s.html,Tai nghe Bluetooth True Wireless Robot Airbuds T50s,250.000đ,250000,Robot,,0,1,1,10 m,28,
cellphones,https://cellphones.com.vn/tai-nghe-bluetooth-oppo-enco-buds-2.html,Tai nghe Bluetooth True Wireless OPPO Enco Buds 2,590.000đ,590000,OPPO,,0,1,0,HeyMelody App,28,4.0
cellphones,https://cellphones.com.vn/tai-nghe-khong-day-lg-tone-free-fp8.html,Tai nghe Bluetooth True Wireless LG Tone Free FP8,1.290.000đ,1290000,LG,,0,1,1,LG tone free,24,5.2
cellphones,https://cellphones.com.vn/tai-nghe-khong-day-soundpeats-air-6.html,Tai nghe Bluetooth True Wireless SoundPEATS Air 6,5.000.000đ,5000000,Soundpeats,,0,1,0,,,
cellphones,https://cellphones.com.vn/tai-nghe-khong-day-soundpeats-air-6-pro.html,Tai nghe Bluetooth True Wireless SoundPEATS Air 6 Pro,5.000.000đ,5000000,Soundpeats,,0,1,0,,,
cellphones,https://cellphones.com.vn/tai-nghe-bluetooth-defunc-true-anc.html,Tai nghe Bluetooth True Wireless Defunc True ANC,5.000.000đ,5000000,Defunc,,0,1,1,10m,25,
cellphones,https://cellphones.com.vn/tai-nghe-khong-day-earfun-air-mini-2.html,Tai nghe Bluetooth True Wireless EarFun Air Mini 2,390.000₫,390000,EarFun,,0,1,0,,,7.0
cellphones,https://cellphones.com.vn/tai-nghe-khong-day-havit-tw980.html,Tai Nghe Bluetooth True Wireless Havit TW980,5.000.000đ,5000000,Havit,,0,1,0,10m,23,5.5
cellphones,https://cellphones.com.vn/tai-nghe-khong-day-xiaomi-redmi-buds-4.html,Tai nghe Bluetooth True Wireless Xiaomi Redmi Buds 4,650.000đ,650000,Xiaomi,,0,1,0,Type C,6,4.5
cellphones,https://cellphones.com.vn/tai-nghe-khong-day-jbl-tune-115tws.html,Tai nghe Bluetooth True Wireless  JBL Tune 115 TWS,1.190.000đ,1190000,JBL,,0,1,1,My JBL Headphones,21,10.3
cellphones,https://cellphones.com.vn/tai-nghe-khong-day-jbl-wave-flex-2.html,Tai nghe Bluetooth True Wireless JBL Wave Flex 2,5.000.000đ,5000000,JBL,,0,1,0,,,
cellphones,https://cellphones.com.vn/tai-nghe-bluetooth-trusmi-w15.html,Tai nghe Bluetooth True Wireless Trusmi W15,5.000.000đ,5000000,Trusmi,,0,1,1,10m,300,
cellphones,https://cellphones.com.vn/tai-nghe-khong-day-marshall-motif-anc.html,Tai nghe Bluetooth True Wireless Marshall Motif ANC,4.110.000đ,4110000,Marshall,,0,1,1,10m,26,4.25
cellphones,https://cellphones.com.vn/tai-nghe-bluetooth-baseus-bowie-e11.html,Tai nghe Bluetooth True Wireless Baseus Bowie E11,260.000đ,260000,Baseus,,0,1,1,10m,30,3.5
cellphones,https://cellphones.com.vn/tai-nghe-khong-day-havit-tw959.html,Tai nghe Bluetooth True Wireless Havit TW959,250.000đ,250000,Havit,,0,1,1,10 m,20,
cellphones,https://cellphones.com.vn/tai-nghe-khong-day-havit-tw932.html,Tai nghe Bluetooth True Wireless Havit TW932,150.000đ,150000,Havit,,0,1,1,10 m,16,
cellphones,https://cellphones.com.vn/tai-nghe-khong-day-soundpeats-air-6-lite.html,Tai nghe Bluetooth True Wireless SoundPEATS Air 6 Lite,5.000.000đ,5000000,Soundpeats,,0,1,0,,,44.09
cellphones,https://cellphones.com.vn/tai-nghe-khong-day-soundpeats-capsule-5-pro.html,Tai nghe Bluetooth True Wireless SoundPEATS Capsule 5 Pro,5.000.000đ,5000000,Soundpeats,,0,1,0,,,
cellphones,https://cellphones.com.vn/tai-nghe-bluetooth-tws-philips-tat2120.html,Tai nghe Bluetooth True Wireless Philips TAT2120,5.000.000đ,5000000,Philips,,0,1,0,,7,
cellphones,https://cellphones.com.vn/tai-nghe-bluetooth-defunc-true-sport.html,Tai nghe Bluetooth True Wireless Defunc True Sport,5.000.000đ,5000000,Defunc,,0,1,0,,,
cellphones,https://cellphones.com.vn/tai-nghe-khong-day-xiaomi-buds-5.html,Tai nghe Bluetooth True Wireless Xiaomi Buds 5,2.090.000đ,2090000,Xiaomi,,0,1,1,10m,480,4.2
cellphones,https://cellphones.com.vn/tai-nghe-khong-day-inpods-12.html,Tai nghe Bluetooth True Wireless Inpods i12,50.000đ,50000,Hãng khác,,0,1,1,,4,
cellphones,https://cellphones.com.vn/tai-nghe-khong-day-havit-tw945.html,Tai nghe Bluetooth True Wireless Havit TW945,190.000đ,190000,Havit,,0,1,0,,,
cellphones,https://cellphones.com.vn/tai-nghe-khong-day-xiaomi-redmi-buds-5-pro.html,Tai nghe Bluetooth True Wireless Xiaomi Redmi Buds 5 Pro,1.490.000đ,1490000,Xiaomi,,0,1,0,,10,5.1
cellphones,https://cellphones.com.vn/tai-nghe-khong-day-soundpeats-mac.html,Tai nghe Bluetooth True Wireless SoundPEATS Mac,390.000đ,390000,Soundpeats,,0,1,0,,9,
cellphones,https://cellphones.com.vn/tai-nghe-khong-day-sony-wf-1000xm4.html,Tai nghe Bluetooth True Wireless Sony WF-1000XM4,4.900.000đ,4900000,Sony,,0,1,1,10 m,16,7.3
cellphones,https://cellphones.com.vn/tai-nghe-khong-day-lg-tone-free-fp5.html,Tai nghe Bluetooth True Wireless LG Tone Free FP5,950.000đ,950000,LG,,0,1,1,TONE Free,22,5.2
cellphones,https://cellphones.com.vn/tai-nghe-khong-day-edifier-hecate-gx05.html,Tai nghe Bluetooth True Wireless Edifier Hecate GX05,1.790.000đ,1790000,Edifier,,0,1,0,,5,4.6
cellphones,https://cellphones.com.vn/tai-nghe-khong-day-sony-linkbuds-s.html,Tai nghe Bluetooth True Wireless Sony Linkbuds S,2.490.000đ,2490000,Sony,,0,1,0,,,
cellphones,https://cellphones.com.vn/tai-nghe-khong-day-xiaomi-redmi-buds-4-active.html,Tai nghe Bluetooth True Wireless Xiaomi Redmi Buds 4 Active,320.000đ,320000,Xiaomi,,0,1,1,Xiaomi Earbuds,28,3.65
cellphones,https://cellphones.com.vn/tai-nghe-bluetooth-jabra-elite-4-active.html,Tai nghe Bluetooth True Wireless Jabra Elite 4 Active,1.990.000đ,1990000,Jabra,,0,1,1,Jabra Sound+,28,5.0
cellphones,https://cellphones.com.vn/tai-nghe-khong-day-soundpeats-trueair-2.html,Tai nghe Bluetooth True Wireless SoundPEATS True Air 2,790.000đ,790000,Soundpeats,,0,1,0,,,2.0
cellphones,https://cellphones.com.vn/tai-nghe-khong-day-jabra-elite-75t.html,Tai nghe Bluetooth True Wireless Jabra Elite 75T,1.490.000đ,1490000,Jabra,,0,1,1,10 m,28,5.5
cellphones,https://cellphones.com.vn/tai-nghe-bluetooth-true-wireless-aukey-ep-m3a-ch-co-t-i-cellphone-s-den.html,Tai nghe Bluetooth True Wireless Aukey EP-M3A-Đen,0,0,,,,,,,,
cellphones,https://cellphones.com.vn/tai-nghe-khong-day-huawei-freebuds-se-3.html,Tai nghe Bluetooth True Wireless Huawei FreeBuds SE 3,5.000.000đ,5000000,Huawei,,0,1,0,,9,3.8
cellphones,https://cellphones.com.vn/tai-nghe-khong-day-jabra-elite-85t.html,Tai nghe Bluetooth True Wireless Jabra Elite 85t,5.990.000đ,5990000,Jabra,,0,1,0,Jabra Sound+,25,
cellphones,https://cellphones.com.vn/tai-nghe-khong-day-oneplus-nord-buds-2r.html,Tai nghe Bluetooth True Wireless OnePlus Nord Buds 2r,5.000.000đ,5000000,Hãng khác,,0,1,0,10 m,38,
cellphones,https://cellphones.com.vn/tai-nghe-khong-day-realme-buds-air-6.html,Tai nghe Bluetooth True Wireless Realme Buds Air 6,5.000.000đ,5000000,Realme,,0,1,0,,,
cellphones,https://cellphones.com.vn/tai-nghe-bluetooth-trusmi-w16.html,Tai nghe Bluetooth True Wireless Trusmi W16,5.000.000đ,5000000,Trusmi,,0,1,1,10m,300,3.0
cellphones,https://cellphones.com.vn/tai-nghe-bluetooth-defunc-true-talk.html,Tai nghe Bluetooth True Wireless Defunc True Talk,5.000.000đ,5000000,Defunc,,0,1,1,10m,25,
cellphones,https://cellphones.com.vn/tai-nghe-bluetooth-edifier-neobuds-planar.html,Tai nghe Bluetooth True Wireless Edifier Neobuds Planar,5.000.000đ,5000000,Edifier,,0,1,1,10m,24,
cellphones,https://cellphones.com.vn/tai-nghe-bluetooth-hifuture-yacht.html,Tai nghe Bluetooth True Wireless HiFuture Yacht,0,0,Xiaomi,,0,1,0,,,
cellphones,https://cellphones.com.vn/tai-nghe-khong-day-soundpeats-opera-03.html,Tai nghe Bluetooth True Wireless SoundPEATS Opera 03,1.340.000đ,1340000,Soundpeats,,0,1,0,,,
cellphones,https://cellphones.com.vn/tai-nghe-khong-day-jbl-live-pro-plus.html,Tai nghe Bluetooth True Wireless JBL Live Pro+,1.990.000đ,1990000,JBL,,0,1,0,,,
cellphones,https://cellphones.com.vn/tai-nghe-bluetooth-baseus-wm01.html,Tai nghe Bluetooth True Wireless Baseus WM01,290.000đ,290000,Baseus,,0,1,0,,5,4.0
cellphones,https://cellphones.com.vn/tai-nghe-khong-day-havit-tw971.html,Tai nghe Bluetooth True Wireless Havit TW971,220.000đ,220000,Havit,,0,1,0,,,
cellphones,https://cellphones.com.vn/tai-nghe-khong-day-soundpeats-trueair-3.html,Tai nghe Bluetooth True Wireless SoundPEATS Air 3,990.000đ,990000,Soundpeats,,0,1,1,10m,220,4.0
cellphones,https://cellphones.com.vn/tai-nghe-khong-day-huawei-freebuds-pro-2.html,Tai nghe Bluetooth True Wireless Huawei Freebuds Pro 2,2.590.000đ,2590000,Huawei,,0,1,0,,,
cellphones,https://cellphones.com.vn/tai-nghe-khong-day-xiaomi-redmi-buds-3.html,Tai nghe Bluetooth True Wireless Xiaomi Redmi Buds 3,890.000đ,890000,Xiaomi,,0,1,1,10 m,20,4.5
cellphones,https://cellphones.com.vn/tai-nghe-nhet-tai-riversong-airfly-l3.html,Tai nghe Bluetooth True Wireless Riversong Airfly L3,290.000đ,290000,Riversong,,0,1,0,Type C,6,
cellphones,https://cellphones.com.vn/tai-nghe-bluetooth-edifier-x5-pro.html,Tai nghe Bluetooth True Wireless Edifier X5 Pro,690.000đ,690000,Edifier,,0,1,1,10m,24,
cellphones,https://cellphones.com.vn/tai-nghe-khong-day-huawei-freebuds-pro-3.html,Tai nghe Bluetooth True Wireless Huawei Freebuds Pro 3,2.490.000đ,2490000,Huawei,,0,1,0,,6,58.0
cellphones,https://cellphones.com.vn/tai-nghe-khong-day-xiaomi-redmi-buds-4-pro.html,Tai nghe Bluetooth True Wireless Xiaomi Redmi Buds 4 Pro,1.190.000đ,1190000,Xiaomi,,0,1,0,,,
cellphones,https://cellphones.com.vn/tai-nghe-khong-day-oppo-enco-air-3.html,Tai nghe Bluetooth True Wireless OPPO Enco Air 3,990.000đ,990000,OPPO,,0,1,1,10 m,25,3.7
cellphones,https://cellphones.com.vn/tai-nghe-khong-day-soundpeats-capsule-3-pro-transparent.html,Tai nghe Bluetooth True Wireless SoundPEATS Capsule 3 Pro Transparent,950.000đ,950000,Soundpeats,,0,1,1,10m,500,5.0
cellphones,https://cellphones.com.vn/tai-nghe-khong-day-havit-tw969.html,Tai nghe Bluetooth True Wireless Havit TW969,199.000đ,199000,Havit,,0,1,0,,,
cellphones,https://cellphones.com.vn/tai-nghe-khong-day-marshall-mode-ii.html,Tai nghe Bluetooth True Wireless Marshall Mode II,4.690.000đ,4690000,Marshall,,0,1,0,,,
cellphones,https://cellphones.com.vn/tai-nghe-khong-day-xiaomi-redmi-buds-3-lite.html,Tai nghe Bluetooth True Wireless Xiaomi Redmi Buds 3 Lite,590.000đ,590000,Xiaomi,,0,1,1,10 m,18,4.2
cellphones,https://cellphones.com.vn/tai-nghe-soundpeats-air-3-deluxe-hs.html,Tai nghe Bluetooth True Wireless SoundPEATS Air3 Deluxe HS,890.000đ,890000,Soundpeats,,0,1,1,10 m,20,
cellphones,https://cellphones.com.vn/tai-nghe-khong-day-xiaomi-buds-3.html,Tai nghe Bluetooth True Wireless Xiaomi Buds 3,990.000đ,990000,Xiaomi,,0,1,1,10 m,32,4.6
cellphones,https://cellphones.com.vn/tai-nghe-khong-day-havit-tw960.html,Tai nghe Bluetooth True Wireless Havit TW960,350.000đ,350000,Havit,,0,1,0,,,4.0
cellphones,https://cellphones.com.vn/tai-nghe-khong-day-havit-tw970.html,Tai nghe Bluetooth True Wireless Havit TW970,490.000đ,490000,Havit,,0,1,0,,,
cellphones,https://cellphones.com.vn/tai-nghe-khong-day-oppo-enco-air-2.html,Tai nghe Bluetooth True Wireless OPPO Enco Air 2,690.000đ,690000,OPPO,,0,1,1,10 m,24,3.5
cellphones,https://cellphones.com.vn/tai-nghe-bluetooth-soundpeats-breezy.html,Tai nghe Bluetooth True Wireless SoundPeats Breezy,690.000đ,690000,Soundpeats,,0,1,0,,,
cellphones,https://cellphones.com.vn/tai-nghe-bluetooth-jabra-elite-10.html,Tai nghe Bluetooth True Wireless Jabra Elite 10,4.490.000đ,4490000,Jabra,,0,1,1,Jabra Sound+,36,
cellphones,https://cellphones.com.vn/tai-nghe-khong-day-defunc-true-basic.html,Tai nghe Bluetooth True Wireless Defunc True Basic,790.000đ,790000,Defunc,,0,1,1,10 m,12,45.0
cellphones,https://cellphones.com.vn/tai-nghe-apple-powerbeats-fit.html,Tai nghe Bluetooth True Wireless Apple Powerbeats Fit 2025,5.000.000đ,5000000,Apple Chính hãng,,0,1,1,Không dây,30,5.78
cellphones,https://cellphones.com.vn/tai-nghe-bluetooth-oppo-enco-x3i.html,Tai nghe Bluetooth True Wireless OPPO Enco X3i,2.635.000đ,2635000,OPPO,,0,1,1,10m,520,4.8
cellphones,https://cellphones.com.vn/tai-nghe-khong-day-soundpeats-air3-deluxe.html,Tai nghe Bluetooth True Wireless SoundPEATS Air3 Deluxe,1.690.000đ,1690000,Soundpeats,,0,1,1,10 m,22,
cellphones,https://cellphones.com.vn/tai-nghe-khong-day-jbl-club-pro-plus.html,Tai nghe Bluetooth True Wireless JBL Club Pro+,2.790.000đ,2790000,JBL,,0,1,1,10m,24,13.7
cellphones,https://cellphones.com.vn/tai-nghe-bluetooth-baseus-bowie-35.html,Tai nghe Bluetooth True Wireless Baseus Bowie 35,890.000đ,890000,Baseus,,0,1,0,10m,800,
cellphones,https://cellphones.com.vn/tai-nghe-khong-day-anker-soundcore-r100-a3981.html,Tai nghe Bluetooth True Wireless Anker Soundcore R100 A3981,490.000đ,490000,Anker,,0,1,1,10 m,25,
cellphones,https://cellphones.com.vn/tai-nghe-khong-day-robot-flybuds-t10.html,Tai nghe Bluetooth True Wireless Robot Flybuds T10,240.000đ,240000,Robot,,0,1,1,10 m,20,
cellphones,https://cellphones.com.vn/tai-nghe-khong-day-baseus-bowie-e3.html,Tai nghe Bluetooth True Wireless Baseus Bowie E3,490.000đ,490000,Baseus,,0,1,0,,5,
cellphones,https://cellphones.com.vn/tai-nghe-khong-day-anker-soundcore-life-p2-mini-a3944.html,Tai nghe Bluetooth True Wireless Anker Soundcore Life P2 Mini A3944,520.000đ,520000,Anker,,0,1,1,10 m,32,4.6
cellphones,https://cellphones.com.vn/tai-nghe-bluetooth-edifier-w320tn.html,Tai nghe Bluetooth True Wireless Edifier W320TN,1.490.000đ,1490000,Edifier,,0,1,1,10m,200,51.0
cellphones,https://cellphones.com.vn/tai-nghe-khong-day-soundpeats-mini-pro.html,Tai nghe Bluetooth True Wireless SoundPEATS Mini Pro,750.000đ,750000,Soundpeats,,0,1,1,10m,21,4.97
cellphones,https://cellphones.com.vn/tai-nghe-khong-day-edifier-w220t.html,Tai nghe Bluetooth True Wireless Edifier W220T,790.000đ,790000,Edifier,,0,1,0,Edifier Connect,200,42.0
cellphones,https://cellphones.com.vn/tai-nghe-khong-day-pamu-slide-plus.html,Tai nghe Bluetooth True Wireless Padmate Pamu Slide Plus,1.700.000đ,1700000,Padmate,,0,1,1,10 m,60,
cellphones,https://cellphones.com.vn/tai-nghe-bluetooth-pisen-buds-p1.html,Tai nghe Bluetooth True Wireless Pisen Buds P1,290.000đ,290000,Pisen,,0,1,1,10m,300,3.0
cellphones,https://cellphones.com.vn/tai-nghe-bluetooth-edifier-neobuds-pro.html,Tai nghe Bluetooth True Wireless Edifier Neobuds Pro,3.160.000đ,3160000,Edifier,,0,1,1,10m,24,5.4
cellphones,https://cellphones.com.vn/tai-nghe-bluetooth-devia-star-series-anc-e1.html,Tai nghe Bluetooth True Wireless Devia Star Series ANC-E1,299.000đ,299000,Devia,,0,1,0,,,30.0
cellphones,https://cellphones.com.vn/tai-nghe-khong-day-truefree-t3.html,Tai nghe Bluetooth True Wireless TRUEFREE T3,290.000đ,290000,Soundpeats,,0,1,1,10 m,28,3.5
cellphones,https://cellphones.com.vn/tai-nghe-khong-day-havit-tw948.html,Tai nghe Bluetooth True Wireless Havit TW948,150.000đ,150000,Havit,,0,1,1,10 m,18,
cellphones,https://cellphones.com.vn/tai-nghe-khong-day-anker-soundcore-life-note-e-a3943.html,Tai nghe Bluetooth True Wireless Anker Soundcore Life Note E A3943,790.000đ,790000,Anker,,0,1,1,10m,32,
cellphones,https://cellphones.com.vn/tai-nghe-bluetooth-riversong-airfly-t2.html,Tai nghe Bluetooth True Wireless Riversong Airfly T2,540.000đ,540000,Hãng khác,,0,1,1,10m,360,
cellphones,https://cellphones.com.vn/tai-nghe-bluetooth-robot-airbuds-t30.html,Tai nghe Bluetooth True Wireless Robot Airbuds T30,220.000đ,220000,Robot,,0,1,1,10 m,18,3.0
cellphones,https://cellphones.com.vn/tai-nghe-bluetooth-qcy-t1c.html,Tai nghe Bluetooth True Wireless QCY T1C,175.000đ,175000,QCY,,0,1,0,,,
cellphones,https://cellphones.com.vn/tai-nghe-true-wireless-jabra-elite-active-65t.html,Tai nghe True Wireless Jabra Elite Active 65T,4.800.000đ,4800000,Jabra,,0,1,0,,15,6.5
cellphones,https://cellphones.com.vn/tai-nghe-khong-day-vivan-liberty-x1.html,Tai nghe Bluetooth True Wireless VIVAN Liberty X1,690.000đ,690000,Vivan,,0,1,0,,33,
cellphones,https://cellphones.com.vn/tai-nghe-bluetooth-soundpeats-air-3-pro.html,Tai nghe Bluetooth True Wireless SoundPEATS Air3 Pro,990.000đ,990000,Soundpeats,,0,1,0,,,
cellphones,https://cellphones.com.vn/tai-nghe-khong-day-soundpeats-mini-pro-hs.html,Tai nghe Bluetooth True Wireless SoundPEATS Mini Pro Hs,990.000đ,990000,Soundpeats,,0,1,1,10 m,20,5.0
cellphones,https://cellphones.com.vn/tai-nghe-bluetooth-tws-philips-tat3569.html,Tai nghe Bluetooth True Wireless Philips TAT3569,5.000.000đ,5000000,Philips,,0,1,1,10 m,600,
cellphones,https://cellphones.com.vn/tai-nghe-bluetooth-edifier-tws200-plus.html,Tai nghe Bluetooth True Wireless Edifier TWS200 Plus,1.420.000đ,1420000,Edifier,,0,1,1,10m,18,
cellphones,https://cellphones.com.vn/tai-nghe-khong-day-baseus-bowie-e13.html,Tai nghe Bluetooth True Wireless Baseus Bowie E13,270.000đ,270000,Baseus,,0,1,1,10 m,400,6.0
cellphones,https://cellphones.com.vn/tai-nghe-khong-day-soundpeats-truengine-3-se.html,Tai nghe Bluetooth True Wireless SoundPEATS Truengine 3 SE,799.000đ,799000,Soundpeats,,0,1,1,10 m,30,
cellphones,https://cellphones.com.vn/tai-nghe-khong-day-soundpeats-true-free-2.html,Tai nghe Bluetooth True Wireless SoundPEATS Truefree 2,450.000đ,450000,Soundpeats,,0,1,1,10 m,20,47.49
cellphones,https://cellphones.com.vn/tai-nghe-khong-day-sennheiser-cx-plus-se.html,Tai nghe Bluetooth True Wireless Sennheiser CX Plus SE,2.990.000đ,2990000,Sennheiser,,0,1,1,10m,16,
cellphones,https://cellphones.com.vn/tai-nghe-khong-day-earfun-air-pro.html,Tai nghe Bluetooth True Wireless EarFun Air Pro,890.000đ,890000,EarFun,,0,1,1,10 m,23,
cellphones,https://cellphones.com.vn/tai-nghe-bluetooth-pisen-buds-p1-plus.html,Tai nghe Bluetooth True Wireless Pisen Buds P1 Plus,490.000đ,490000,Pisen,,0,1,1,10m,25,3.5
cellphones,https://cellphones.com.vn/tai-nghe-bluetooth-true-wireless-bowers-wilkins-pi7-s2.html,Tai nghe Bluetooth True Wireless Bowers & Wilkins Pi7 S2,5.000.000đ,5000000,Bowers & Wilkins,,0,1,0,3.5mm,5,7.0
cellphones,https://cellphones.com.vn/tai-nghe-bluetooth-true-wireless-baseus-bass-bd1.html,Tai nghe Bluetooth True Wireless Baseus Bass BD1,5.000.000đ,5000000,Baseus,,0,1,1,10m,40,3.8
cellphones,https://cellphones.com.vn/tai-nghe-khong-day-anker-soundcore-life-p2i-a3991.html,Tai nghe Bluetooth True Wireless Anker Soundcore Life P2I A3991,490.000đ,490000,Anker,,0,1,1,10 m,28,4.4
cellphones,https://cellphones.com.vn/tai-nghe-bluetooth-baseus-bowie-m2-plus.html,Tai nghe Bluetooth True Wireless Baseus Bowie M2+,599.000đ,599000,Baseus,,0,1,1,10m,30,42.3
cellphones,https://cellphones.com.vn/tai-nghe-khong-day-noon-east-y13.html,Tai nghe Bluetooth True Wireless Noon East Y13,160.000đ,160000,Hãng khác,,0,1,1,10m,5,4.0
cellphones,https://cellphones.com.vn/tai-nghe-khong-day-soundpeats-gamer-no-1.html,Tai nghe Bluetooth True Wireless SoundPEATS Gamer No 1,650.000đ,650000,Soundpeats,,1,1,1,10 m,25,5.0
cellphones,https://cellphones.com.vn/tai-nghe-khong-day-soul-s-live-50.html,Tai nghe Bluetooth True Wireless Soul S-LIVE 50,5.000.000đ,5000000,SOUL,,0,1,1,10m,500,
cellphones,https://cellphones.com.vn/tai-nghe-bluetooth-baseus-bass-bp1-pro.html,Tai nghe Bluetooth True Wireless Baseus Bass BP1 Pro (ANC),5.000.000đ,5000000,Baseus,,0,1,1,10m,55,3.9
cellphones,https://cellphones.com.vn/tai-nghe-khong-day-havit-tw935.html,Tai nghe Bluetooth True Wireless Havit TW935,170.000đ,170000,Havit,,0,1,1,10 m,8,3.7
cellphones,https://cellphones.com.vn/tai-nghe-khong-day-motorola-motobuds-100.html,Tai nghe Bluetooth True Wireless Motorola TWS Motobuds 100,540.000đ,540000,Hãng khác,,0,1,1,10 m,9,
cellphones,https://cellphones.com.vn/tai-nghe-khong-day-shokz-openfit-2-plus.html,Tai nghe không dây Shokz OpenFit 2 Plus,5.590.000đ,5590000,Shokz,,0,0,0,10m,600,9.4
cellphones,https://cellphones.com.vn/tai-nghe-khong-day-anker-soundcore-a30i.html,Tai nghe không dây ANKER SOUNDCORE A30I,699.000đ,699000,Hãng khác,,0,0,1,,24,
cellphones,https://cellphones.com.vn/tai-nghe-co-day-baseus-encok-h17.html,Tai nghe có dây Baseus Encok H17,190.000đ,190000,Baseus,,0,0,1,3.5mm,,12.0
cellphones,https://cellphones.com.vn/tai-nghe-co-day-jbl-c50hi.html,Tai nghe có dây JBL C50HI,5.000.000đ,5000000,JBL,,0,0,1,3.5mm,,
cellphones,https://cellphones.com.vn/tai-nghe-co-day-baseus-enock-cz18.html,Tai nghe có dây Baseus Encok CZ18,170.000đ,170000,Baseus,,0,0,1,Type C,,12.1
cellphones,https://cellphones.com.vn/tai-nghe-co-day-edifier-p180-type-c.html,Tai nghe có dây Edifier P180 Type C,210.000đ,210000,Edifier,,0,0,1,Type C,,
cellphones,https://cellphones.com.vn/tai-nghe-co-day-baseus-encok-h06.html,Tai nghe có dây Baseus Encok H06,190.000đ,190000,Baseus,,0,0,1,3.5mm,,1.4
cellphones,https://cellphones.com.vn/tai-nghe-co-day-ugreen-ep103-type-c.html,Tai nghe có dây Ugreen Type-C - EP103,5.000.000đ,5000000,Ugreen,,0,0,0,Type C,,
cellphones,https://cellphones.com.vn/tai-nghe-co-day-ugreen-ep01-3-5mm.html,Tai nghe có dây Ugreen 3.5mm - EP101,5.000.000đ,5000000,Ugreen,,0,0,1,3.5mm,,
cellphones,https://cellphones.com.vn/tai-nghe-co-day-baseus-encok-c17.html,Tai nghe có dây Baseus Encok C17,190.000đ,190000,Baseus,,0,0,1,Type C,,
cellphones,https://cellphones.com.vn/tai-nghe-co-day-ugreen-ep103-lightning.html,Tai nghe có dây Ugreen Lightning - EP103,5.000.000đ,5000000,Ugreen,,0,0,1,Lightning,,13.17
cellphones,https://cellphones.com.vn/tai-nghe-co-day-ugreen-ep101-type-c.html,Tai nghe có dây Ugreen Type-C - EP101,5.000.000đ,5000000,Ugreen,,0,0,1,Type C,,
cellphones,https://cellphones.com.vn/tai-nghe-nhet-tai-samsung-ia500.html,Tai nghe nhét tai Samsung IA500,240.000đ,240000,Samsung Chính hãng,in-ear,0,0,1,3.5mm,,14.76
cellphones,https://cellphones.com.vn/tai-nghe-co-day-edifier-p180-plus.html,Tai nghe có dây Edifier P180 Plus,145.000đ,145000,Edifier,,0,0,1,3.5mm,,
cellphones,https://cellphones.com.vn/tai-nghe-nhet-tai-asus-rog-cetra-rgb.html,Tai nghe nhét tai Rog Cetra RGB,2.090.000đ,2090000,ASUS,in-ear,0,0,0,Type C,,26.0
cellphones,https://cellphones.com.vn/tai-nghe-co-day-baseus-enock-cz17.html,Tai nghe có dây Baseus Encok CZ17,5.000.000đ,5000000,Baseus,,0,0,1,Type C,,
cellphones,https://cellphones.com.vn/tai-nghe-bluetooth-jbl-endurance-run-3c.html,Tai nghe có dây JBL Endurance Run 3C,850.000đ,850000,JBL,,0,0,1,Type C,,15.39
cellphones,https://cellphones.com.vn/tai-nghe-co-day-edifier-p230-usb-c.html,Tai nghe có dây Edifier P230 (USB-C),5.000.000đ,5000000,Edifier,,0,0,1,EDIFIER ConneX,,
cellphones,https://cellphones.com.vn/tai-nghe-nhet-tai-vivan-q11s.html,Tai nghe nhét tai Vivan Q11s,140.000đ,140000,Vivan,in-ear,0,0,1,3.5mm,,
cellphones,https://cellphones.com.vn/tai-nghe-nhet-tai-robot-re20.html,Tai nghe có dây Robot RE20,5.000.000đ,5000000,Robot,,0,0,1,3.5mm,,
cellphones,https://cellphones.com.vn/tai-nghe-marshall-mode-eq.html,Tai nghe có dây Marshall Mode EQ,1.790.000đ,1790000,Marshall,,0,0,0,3.5mm,,20.0
cellphones,https://cellphones.com.vn/tai-nghe-nhet-tai-samsung-eg920b.html,Tai nghe nhét tai Samsung EG920B,280.000đ,280000,Samsung Chính hãng,in-ear,0,0,0,,,
cellphones,https://cellphones.com.vn/tai-nghe-nhet-tai-jbl-live-100.html,Tai nghe nhét tai JBL Live 100,950.000đ,950000,JBL,in-ear,0,0,0,3.5mm,,90.0
cellphones,https://cellphones.com.vn/tai-nghe-co-day-ugreen-ep103-3-5mm.html,Tai nghe có dây Ugreen 3.5mm - EP103,5.000.000đ,5000000,Ugreen,,0,0,1,Dây dài: 1.15m,,
cellphones,https://cellphones.com.vn/tai-nghe-nhet-tai-sennheiser-ie-300.html,Tai nghe nhét tai Sennheiser IE 300,6.890.000đ,6890000,Sennheiser,in-ear,0,0,0,3.5mm,,4.0
cellphones,https://cellphones.com.vn/tai-nghe-nhet-tai-devia-3-5-mm.html,Tai nghe nhét tai Devia 3.5mm,160.000đ,160000,Devia,in-ear,0,0,1,3.5mm,,13.5
cellphones,https://cellphones.com.vn/tai-nghe-marshall-mode.html,Tai nghe có dây Marshall Mode,1.290.000đ,1290000,Marshall,,0,0,0,3.5mm,,17.0
cellphones,https://cellphones.com.vn/tai-nghe-th-thao-bose-ultra-open-earbuds-cu-kim-cuong.html,Tai nghe thể thao Bose Ultra Open Earbuds - Cũ-Kim cương,7.749.000đ,7749000,Bose,in-ear,0,0,0,9m,48,6.35
cellphones,https://cellphones.com.vn/tai-nghe-khong-day-nokia-power-earbuds.html,Tai nghe Không Dây Nokia Power Earbuds Lite,990.000đ,990000,Nokia,in-ear,0,0,0,2 thiết bị,40,
cellphones,https://cellphones.com.vn/tai-nghe-bluetooth-soundpeats-q.html,Tai nghe bluetooth Earbuds Soundpeats Q,1.190.000đ,1190000,Soundpeats,in-ear,0,1,0,Không,21,
cellphones,https://cellphones.com.vn/tai-nghe-bluetooth-soundpeats-truengine-2.html,Tai nghe không dây Earbuds Soundpeats Truepeats Truengine 2,1.700.000đ,1700000,Soundpeats,in-ear,0,0,0,Không,30,
cellphones,https://cellphones.com.vn/tai-nghe-khong-day-cowin-bt1118.html,Tai nghe không dây Earbuds Cowin BT1118,1.990.000đ,1990000,Cowin,in-ear,0,0,0,,400,177.0
cellphones,https://cellphones.com.vn/tai-nghe-khong-day-soundpeats-truecapsule-2.html,Tai nghe không dây Earbuds Soundpeats True Capsule 2,1.500.000đ,1500000,Soundpeats,in-ear,0,0,0,Không,40,
cellphones,https://cellphones.com.vn/tai-nghe-bose-quietcomfort-earbuds-ii.html,Tai nghe không dây Bose Quietcomfort Earbuds II,5.000.000đ,5000000,Bose,in-ear,0,0,1,Type C,12,
cellphones,https://cellphones.com.vn/tai-nghe-khong-day-earbuds-pisen-a-buds-2000.html,Tai nghe không dây Earbuds Pisen A Buds 2000,1.800.000đ,1800000,Pisen,in-ear,0,0,0,,2000,
cellphones,https://cellphones.com.vn/tai-nghe-khong-day-cowin-apex-elite-active-bt918.html,Tai nghe không dây Earbuds Cowin Apex Elite Active BT918,2.200.000đ,2200000,Cowin,in-ear,0,0,0,,28,
cellphones,https://cellphones.com.vn/tai-nghe-bluetooth-earbuds-soundpeats-q-tr-ng.html,Tai nghe bluetooth Earbuds Soundpeats Q -Trắng,1.190.000đ,1190000,Soundpeats,in-ear,0,1,0,,110,45.5
cellphones,https://cellphones.com.vn/tai-nghe-bluetooth-skullcandy-indy-truly-wireless-earbuds.html,Tai nghe Bluetooth Skullcandy Indy Truly Wireless Earbuds,1.190.000đ,1190000,Hãng khác,in-ear,0,1,0,,16,10.5
cellphones,https://cellphones.com.vn/tai-nghe-khong-day-nokia-power-earbuds-den.html,Tai nghe Không Dây Nokia Power Earbuds-Đen,5.000.000đ,5000000,Hãng khác,in-ear,0,0,0,,3000,
cellphones,https://cellphones.com.vn/tai-nghe-the-thao-xiaomi-open-earbuds-pro.html,Tai nghe thể thao Xiaomi Open Earbuds Pro,5.000.000đ,5000000,Xiaomi,in-ear,0,0,0,,,
cellphones,https://cellphones.com.vn/tai-nghe-khong-day-xiaomi-true-wireless-earbuds.html,Tai nghe không dây Xiaomi True Wireless Earbuds,5.000.000đ,5000000,Xiaomi,in-ear,0,1,0,,12,
cellphones,https://cellphones.com.vn/tai-nghe-khong-day-ifrogz-earbuds-true-wireless-airtime.html,Tai nghe không dây IFROGZ Earbuds True Wireless Airtime,1.990.000đ,1990000,iFrogz,in-ear,0,1,0,,10,
cellphones,https://cellphones.com.vn/tai-nghe-khong-day-xiaomi-redmi-earbuds.html,Tai nghe không dây Xiaomi Redmi Earbuds,500.000đ,500000,Xiaomi,in-ear,0,0,0,,12,
cellphones,https://cellphones.com.vn/tai-nghe-khong-day-xiaomi-airdots.html,Tai nghe không dây Xiaomi True Wireless Earbuds Basic,550.000đ,550000,Xiaomi,in-ear,0,1,0,,300,
cellphones,https://cellphones.com.vn/tai-nghe-true-wireless-defunc-true-earbuds-d026.html,Tai nghe Bluetooth Defunc EarBuds D026,1.990.000đ,1990000,Defunc,in-ear,0,1,0,,60,
cellphones,https://cellphones.com.vn/tai-nghe-bluetooth-skullcandy-jib-plus-active-earbuds.html,Tai nghe Bluetooth Skullcandy Jib Plus Active Earbuds,950.000đ,950000,Hãng khác,in-ear,0,1,0,,8,
cellphones,https://cellphones.com.vn/tai-nghe-bluetooth-ifrogz-coda-earbuds.html,Tai nghe Bluetooth iFrogz Coda Earbuds,690.000đ,690000,Hãng khác,in-ear,0,1,0,,5,
cellphones,https://cellphones.com.vn/tai-nghe-khong-day-xiaomi-earbuds-basic-trang.html,Tai nghe không dây Xiaomi True Wireless Earbuds,1.000.000đ,1000000,Xiaomi,in-ear,0,1,0,,300,
cellphones,https://cellphones.com.vn/tai-nghe-khong-day-earbuds-soundpeats-h1-b-c.html,TAI NGHE KHÔNG DÂY EARBUDS SOUNDPEATS H1-Bạc,5.000.000đ,5000000,Apple Chính hãng,in-ear,0,0,0,,,
cellphones,https://cellphones.com.vn/tai-nghe-khong-day-xiaomi-airdots-trung-bay-cu.html,Tai nghe không dây Xiaomi True Wireless Earbuds Basic trưng bày cũ,5.000.000đ,5000000,Xiaomi,in-ear,0,1,0,,,
